timestep,episode,episode_reward,episode_length,zombies_killed,wave,has_machinegun,mg_ammo,weapon,policy_loss,value_loss,entropy_loss,total_loss,clip_fraction,approx_kl,fps,elapsed_time
3410,1,1415.420000000004,3410,67,7,False,0,pistol,,,,,,,29.31746062304361,116.31293964385986
7834,2,1754.3719999999782,4424,91,10,False,0,pistol,,,,,,,21.493811207205486,322.19487047195435
8714,3,277.2800000000009,880,15,2,True,50,machinegun,,,,,,,9.611693758974633,414.00197410583496
10744,4,639.6600000000022,2030,37,4,False,0,pistol,,,,,,,21.21619910838629,509.6836621761322
14187,5,1313.6290000000492,3443,71,8,False,0,pistol,,,,,,,28.908005071077817,628.7857041358948
17259,6,1491.6709999999773,3072,62,7,False,0,pistol,,,,,,,16.106940961855337,819.5110199451447
19227,7,445.2049999999983,1968,35,4,False,0,pistol,,,,,,,18.714102140920836,924.6724557876587
22338,8,1561.9950000000053,3111,60,7,False,0,pistol,,,,,,,25.05656158916528,1048.8316411972046
26269,9,3062.8949999999963,3931,80,8,False,0,pistol,,,,,,,18.77464599259353,1258.2098596096039
27207,10,494.64900000000193,938,17,2,False,0,pistol,,,,,,,10.540474163021296,1347.500586271286
30475,11,1502.0959999999825,3268,62,7,False,0,pistol,,,,,,,27.615757405490413,1465.8389303684235
34101,12,3761.001000000012,3626,73,8,False,0,pistol,,,,,,,18.995498709384787,1656.7263536453247
37112,13,2869.295000000037,3011,58,5,False,0,pistol,,,,,,,16.909843649631043,1835.041448354721
40476,14,2389.9229999999916,3364,71,8,False,0,pistol,,,,,,,28.243131008559732,1954.1501355171204
44084,15,2504.3970000000027,3608,71,7,True,68,machinegun,,,,,,,19.22735203402538,2141.7995693683624
47208,16,2634.7309999999657,3124,57,6,False,0,pistol,,,,,,,17.36633442969068,2321.6879386901855
50968,17,3624.8340000000403,3760,81,9,False,0,pistol,,,,,,,30.130501669666735,2446.478508710861
54124,18,2187.885000000036,3156,63,7,False,0,pistol,,,,,,,17.45748056083596,2627.2607176303864
56314,19,2298.0790000000093,2190,38,4,False,0,pistol,,,,,,,21.927383455794402,2727.1359167099
56771,20,200.29000000000048,457,8,1,False,0,pistol,,,,,,,61.12019154425284,2734.6130843162537
59295,21,2227.055000000021,2524,47,5,False,0,pistol,,,,,,,23.838191761572922,2840.493688106537
62707,22,4459.321000000006,3412,73,8,False,0,pistol,,,,,,,18.408370699966174,3025.844235420227
64419,23,1574.773000000005,1712,31,3,True,70,machinegun,,,,,,,18.492598082765287,3119.0396888256073
67514,24,1980.7950000000153,3095,58,6,False,0,pistol,,,,,,,26.91661111744997,3234.0245327949524
68109,25,372.1699999999993,595,10,1,False,0,pistol,,,,,,,8.050384139811092,3307.9341254234314
70547,26,1193.020000000011,2438,44,4,False,0,pistol,,,,,,,23.261440458724653,3412.7428426742554
72594,27,1197.0599999999997,2047,39,4,False,0,pistol,,,,,,,20.75208209066231,3511.3836381435394
73910,28,108.04999999999677,1316,20,3,False,0,pistol,,,,,,,15.219823084611132,3597.849897146225
74499,29,-456.7000000000006,589,8,1,False,0,pistol,,,,,,,62.07043267659236,3607.339208841324
76172,30,144.86000000000016,1673,29,3,False,0,pistol,,,,,,,18.147091024711827,3699.530374288559
76992,31,218.4000000000005,820,14,1,False,0,pistol,,,,,,,62.15002562833235,3712.724339723587
78207,32,163.48000000000008,1215,19,2,False,0,pistol,,,,,,,14.326734777084736,3797.5309059619904
78449,33,-425.59999999999974,242,2,1,False,0,pistol,,,,,,,61.93574489117236,3801.438265800476
78709,34,-387.1999999999998,260,2,1,False,0,pistol,,,,,,,61.83933802385454,3805.6427981853485
78981,35,-328.57000000000033,272,2,1,False,0,pistol,,,,,,,61.96777666693137,3810.032262325287
79370,36,-423.4800000000003,389,4,1,False,0,pistol,,,,,,,62.000096823836174,3816.3065280914307
79573,37,-302.3600000000001,203,2,1,False,0,pistol,,,,,,,61.927664869397084,3819.5846633911133
80284,38,-277.19999999999993,711,10,2,False,0,pistol,,,,,,,9.348710847743341,3895.6380133628845
80526,39,-376.00000000000045,242,1,1,False,0,pistol,,,,,,,62.05600744411716,3899.537802696228
80788,40,-291.1000000000002,262,2,1,False,0,pistol,,,,,,,62.031074139967636,3903.7615768909454
80986,41,-298.29999999999995,198,1,1,True,50,machinegun,,,,,,,62.16418646586825,3906.9467763900757
81283,42,-433.6300000000005,297,2,1,False,0,pistol,,,,,,,62.140112175699564,3911.726381778717
81550,43,-388.0999999999997,267,2,1,False,0,pistol,,,,,,,62.25062560290955,3916.0155894756317
81706,44,-313.29999999999995,156,0,1,False,0,pistol,,,,,,,61.858206222753154,3918.5375752449036
81906,45,-300.4,200,0,1,False,0,pistol,,,,,,,62.066699404452955,3921.759989261627
82142,46,-324.2000000000002,236,1,1,False,0,pistol,,,,,,,3.382391492692182,3991.533182859421
82358,47,-310.2,216,0,1,False,0,pistol,,,,,,,61.89369654444666,3995.0231280326843
82607,48,-430.9000000000001,249,1,1,False,0,pistol,,,,,,,61.967840713988366,3999.041433572769
82840,49,-319.19999999999993,233,1,1,False,0,pistol,,,,,,,61.9068441112811,4002.8052337169647
83066,50,-298.5800000000002,226,1,1,False,0,pistol,,,,,,,61.80773390285147,4006.4618208408356
83228,51,-329.0999999999998,162,0,1,False,0,pistol,,,,,,,61.87470967086288,4009.0801022052765
83439,52,-374.89999999999975,211,1,1,False,0,pistol,,,,,,,60.02668880356113,4012.595286130905
83665,53,-337.79999999999984,226,1,1,False,0,pistol,,,,,,,61.98714589933289,4016.241292953491
83877,54,-366.1999999999998,212,0,1,False,0,pistol,,,,,,,61.95068622184693,4019.663455724716
84078,55,-400.4999999999996,201,0,1,False,0,pistol,,,,,,,2.9318103503368875,4088.221851825714
84282,56,-381.0999999999998,204,0,1,False,0,pistol,,,,,,,61.93077148010573,4091.51594209671
84511,57,-347.5999999999998,229,0,1,False,0,pistol,,,,,,,61.95206700580391,4095.212432384491
84696,58,-385.89999999999964,185,0,1,False,0,pistol,,,,,,,61.83700341983915,4098.204253911972
84901,59,-369.9999999999997,205,0,1,False,0,pistol,,,,,,,61.952103846210655,4101.513343334198
85108,60,-385.2999999999997,207,0,1,False,0,pistol,,,,,,,61.99902754848458,4104.852192878723
85323,61,-380.8999999999998,215,0,1,False,0,pistol,,,,,,,62.066184540513916,4108.316321849823
85537,62,-327.89999999999986,214,0,1,False,0,pistol,,,,,,,62.01112313454052,4111.767401218414
85759,63,-351.0999999999998,222,0,1,False,0,pistol,,,,,,,61.983851528804614,4115.349062919617
85960,64,-357.59999999999974,201,0,1,False,0,pistol,,,,,,,61.95312608048045,4118.5935344696045
86188,65,-372.39999999999975,228,0,1,False,0,pistol,,,,,,,3.340938929788366,4186.837904453278
86372,66,-355.89999999999975,184,0,1,False,0,pistol,,,,,,,60.1287055707051,4189.898100852966
86606,67,-367.5999999999998,234,0,1,False,0,pistol,,,,,,,62.00057220579522,4193.672354459763
86826,68,-336.79999999999984,220,0,1,False,0,pistol,,,,,,,61.97002970810624,4197.222544670105
87048,69,-403.4999999999997,222,0,1,False,0,pistol,,,,,,,61.84562112030823,4200.812216997147
87258,70,-334.6999999999999,210,0,1,False,0,pistol,,,,,,,61.900527663153525,4204.204847812653
87431,71,-341.0999999999998,173,0,1,False,0,pistol,,,,,,,62.00278750586926,4206.995130300522
87623,72,-363.7999999999997,192,0,1,False,0,pistol,,,,,,,62.03503885074394,4210.090239048004
87827,73,-411.2999999999995,204,0,1,False,0,pistol,,,,,,,62.00484407626779,4213.380387306213
88041,74,-408.59999999999957,214,0,1,False,0,pistol,,,,,,,61.88137525710337,4216.8386952877045
88252,75,-374.29999999999984,211,0,1,False,0,pistol,,,,,,,3.0851401462536585,4285.231131076813
88446,76,-363.5999999999997,194,0,1,False,0,pistol,,,,,,,61.962605180781985,4288.362138032913
88657,77,-416.99999999999955,211,0,1,False,0,pistol,,,,,,,61.973093257236286,4291.766928911209
88866,78,-365.99999999999966,209,0,1,False,0,pistol,,,,,,,61.97492962500203,4295.139346837997
89077,79,-308.69999999999993,211,0,1,False,0,pistol,,,,,,,61.99790915991256,4298.542770385742
89303,80,-359.6999999999997,226,0,1,False,0,pistol,,,,,,,62.024456899043805,4302.186585187912
89543,81,-383.09999999999974,240,0,1,False,0,pistol,,,,,,,61.88068459459305,4306.065100193024
89759,82,-331.3999999999998,216,0,1,False,0,pistol,,,,,,,61.64606800251682,4309.569065332413
89979,83,-332.1999999999998,220,0,1,False,0,pistol,,,,,,,59.97772610492962,4313.237186431885
90200,84,-351.99999999999983,221,0,1,False,0,pistol,,,,,,,3.2236527376950845,4381.793047904968
90373,85,-341.6999999999998,173,0,1,False,0,pistol,,,,,,,61.87396332711167,4384.589138746262
90561,86,-376.6999999999997,188,0,1,False,0,pistol,,,,,,,61.89884603150829,4387.6264407634735
90742,87,-359.2999999999997,181,0,1,False,0,pistol,,,,,,,62.05208402809655,4390.543426275253
90923,88,-361.59999999999974,181,0,1,False,0,pistol,,,,,,,61.97496980923551,4393.464048862457
91136,89,-365.6999999999997,213,0,1,False,0,pistol,,,,,,,62.02911620737778,4396.898007392883
91347,90,-373.2999999999997,211,0,1,False,0,pistol,,,,,,,62.09810819997064,4400.295953035355
91566,91,-373.5999999999997,219,0,1,False,0,pistol,,,,,,,62.09713626563317,4403.822772502899
91765,92,-386.2999999999996,199,0,1,False,0,pistol,,,,,,,62.10314804245208,4407.027210474014
91973,93,-425.09999999999945,208,0,1,False,0,pistol,,,,,,,62.11314219659961,4410.376021385193
92186,94,-327.0999999999999,213,0,1,False,0,pistol,,,,,,,3.1042180572971194,4478.99241900444
92407,95,-333.59999999999985,221,0,1,False,0,pistol,,,,,,,61.95517155319239,4482.55960392952
92629,96,-350.89999999999975,222,0,1,False,0,pistol,,,,,,,61.93922643774883,4486.143837213516
92853,97,-355.89999999999975,224,0,1,False,0,pistol,,,,,,,61.734091181181064,4489.772391796112
93079,98,-360.69999999999976,226,0,1,False,0,pistol,,,,,,,61.94619568932403,4493.420810461044
93279,99,-302.49999999999994,200,0,1,False,0,pistol,,,,,,,61.732342429829075,4496.6606986522675
93501,100,-349.7999999999998,222,0,1,False,0,pistol,,,,,,,61.87911749426971,4500.248420476913
93665,101,-320.9999999999999,164,0,1,False,0,pistol,,,,,,,61.92328153688989,4502.8969440460205
93882,102,-369.7999999999997,217,0,1,False,0,pistol,,,,,,,61.83325732383193,4506.4064683914185
94061,103,-342.2999999999998,179,0,1,False,0,pistol,,,,,,,61.83015239043021,4509.30158162117
94265,104,-351.8999999999998,204,0,1,False,0,pistol,,,,,,,2.9441355284891397,4578.591953992844
94420,105,-308.19999999999993,155,0,1,False,0,pistol,,,,,,,61.840564934497905,4581.098500490189
94643,106,-353.3999999999997,223,0,1,False,0,pistol,,,,,,,62.00946374958548,4584.694814920425
94827,107,-365.5999999999997,184,0,1,False,0,pistol,,,,,,,61.87497798202371,4587.668649196625
95006,108,-362.59999999999974,179,0,1,False,0,pistol,,,,,,,61.96384082833654,4590.557517290115
95193,109,-361.5999999999997,187,0,1,False,0,pistol,,,,,,,62.06111185181639,4593.570758342743
95435,110,-391.49999999999966,242,0,1,False,0,pistol,,,,,,,62.006751689251,4597.473644256592
95660,111,-346.39999999999986,225,0,1,False,0,pistol,,,,,,,62.18914845888647,4601.0917184352875
95848,112,-365.7999999999997,188,0,1,False,0,pistol,,,,,,,61.954663120125765,4604.1262810230255
96072,113,-351.2999999999997,224,0,1,False,0,pistol,,,,,,,62.09561858736256,4607.733706951141
96304,114,-324.89999999999986,232,0,1,False,0,pistol,,,,,,,3.3665041745071256,4676.648014783859
96490,115,-325.9999999999999,186,0,1,False,0,pistol,,,,,,,61.934653880999555,4679.651268005371
96685,116,-391.1999999999996,195,0,1,False,0,pistol,,,,,,,62.01198509721543,4682.795905590057
96905,117,-395.79999999999967,220,0,1,False,0,pistol,,,,,,,61.82411607630103,4686.354479312897
97091,118,-372.89999999999975,186,0,1,False,0,pistol,,,,,,,61.856102321374316,4689.36154794693
97291,119,-368.4999999999998,200,0,1,False,0,pistol,,,,,,,61.93377671198894,4692.590894460678
97512,120,-344.69999999999993,221,0,1,False,0,pistol,,,,,,,61.8217514459838,4696.16578412056
97732,121,-332.79999999999984,220,0,1,False,0,pistol,,,,,,,62.03568494249839,4699.712209224701
97940,122,-324.69999999999993,208,0,1,False,0,pistol,,,,,,,61.953120542803255,4703.069679737091
98126,123,-359.6999999999997,186,0,1,False,0,pistol,,,,,,,61.91345439359911,4706.0739624500275
98320,124,-371.5999999999997,194,0,1,False,0,pistol,,,,,,,2.86000306465438,4773.906140089035
98524,125,-406.59999999999957,204,0,1,False,0,pistol,,,,,,,61.89644539501792,4777.20206952095
98745,126,-337.99999999999983,221,0,1,False,0,pistol,,,,,,,61.92755939894521,4780.770840644836
98926,127,-361.5999999999998,181,0,1,False,0,pistol,,,,,,,61.921543703777175,4783.693994760513
99153,128,-353.8999999999998,227,0,1,False,0,pistol,,,,,,,61.99635708154216,4787.355597257614
99376,129,-360.0999999999999,223,0,1,False,0,pistol,,,,,,,61.92507232085766,4790.956819534302
99609,130,-410.3999999999995,233,0,1,False,0,pistol,,,,,,,61.94388993976767,4794.718373060226
99798,131,-344.2999999999998,189,0,1,False,0,pistol,,,,,,,61.923731155690575,4797.77060174942
99974,132,-348.5999999999998,176,0,1,False,0,pistol,,,,,,,61.77332243691309,4800.619811534882
100205,133,-354.9999999999998,231,0,1,False,0,pistol,,,,,,,61.836560036593234,4804.355544805527
100418,134,-365.3999999999998,213,0,1,False,0,pistol,,,,,,,3.111633730605643,4872.80841088295
100593,135,-323.79999999999984,175,0,1,False,0,pistol,,,,,,,61.67815270200389,4875.645827770233
100800,136,-403.1999999999996,207,0,1,False,0,pistol,,,,,,,61.94575090003608,4878.987556695938
100998,137,-410.69999999999965,198,0,1,False,0,pistol,,,,,,,61.78616672630974,4882.192237377167
101195,138,-420.59999999999957,197,0,1,False,0,pistol,,,,,,,61.97120568083338,4885.371213436127
101394,139,-390.2999999999996,199,0,1,False,0,pistol,,,,,,,61.868498923391535,4888.587805509567
101563,140,-323.19999999999993,169,0,1,False,0,pistol,,,,,,,61.79334354799227,4891.322815895081
101787,141,-341.5999999999998,224,0,1,False,0,pistol,,,,,,,61.87874842557366,4894.94288444519
101988,142,-370.6999999999998,201,0,1,False,0,pistol,,,,,,,61.83172499457083,4898.193734407425
102189,143,-360.9999999999997,201,0,1,False,0,pistol,,,,,,,61.826052367570355,4901.444888591766
102396,144,-407.49999999999955,207,0,1,False,0,pistol,,,,,,,61.971139218641426,4904.785250663757
102613,145,-486.59999999999934,217,0,1,False,0,pistol,,,,,,,3.1871260167766073,4972.871762752533
102826,146,-330.79999999999984,213,0,1,False,0,pistol,,,,,,,61.80458448218419,4976.318191766739
103037,147,-352.99999999999983,211,0,1,False,0,pistol,,,,,,,61.85923269507053,4979.729248523712
103248,148,-366.9999999999997,211,0,1,False,0,pistol,,,,,,,61.78969327601751,4983.144145965576
103420,149,-340.8999999999998,172,0,1,False,0,pistol,,,,,,,61.67732891840723,4985.932941675186
103620,150,-402.49999999999955,200,0,1,False,0,pistol,,,,,,,61.86051406136976,4989.166107416153
103814,151,-330.9999999999999,194,0,1,False,0,pistol,,,,,,,61.82681910031203,4992.303990125656
104025,152,-324.6999999999998,211,0,1,False,0,pistol,,,,,,,61.73931124596121,4995.721674203873
104215,153,-374.7999999999997,190,0,1,False,0,pistol,,,,,,,61.98888969786126,4998.7868320941925
104423,154,-413.7999999999995,208,0,1,False,0,pistol,,,,,,,61.736186857823775,5002.15611243248
104624,155,-420.3999999999996,201,0,1,False,0,pistol,,,,,,,2.9660358217628056,5069.9234187603
104817,156,-355.0999999999998,193,0,1,False,0,pistol,,,,,,,61.86881513942025,5073.043007135391
104989,157,-340.8999999999998,172,0,1,False,0,pistol,,,,,,,61.9279859755169,5075.820509195328
105213,158,-387.2999999999997,224,0,1,False,0,pistol,,,,,,,61.850176447872535,5079.44225692749
105426,159,-331.3999999999998,213,0,1,False,0,pistol,,,,,,,61.9165480908608,5082.8824627399445
105635,160,-332.29999999999984,209,0,1,False,0,pistol,,,,,,,61.68477802869247,5086.270735502243
105844,161,-384.89999999999964,209,0,1,False,0,pistol,,,,,,,61.9419761352867,5089.644953012466
106068,162,-351.2999999999998,224,0,1,False,0,pistol,,,,,,,61.80374121769653,5093.269408941269
106290,163,-350.8999999999997,222,0,1,False,0,pistol,,,,,,,61.884792865316214,5096.856806278229
106507,164,-335.09999999999985,217,0,1,False,0,pistol,,,,,,,3.124220037814033,5166.314229011536
106711,165,-348.89999999999975,204,0,1,False,0,pistol,,,,,,,61.89265761166296,5169.610348701477
106895,166,-361.59999999999974,184,0,1,False,0,pistol,,,,,,,61.821923028274114,5172.586730718613
107099,167,-409.29999999999956,204,0,1,False,0,pistol,,,,,,,61.76805408088512,5175.889499425888
107303,168,-332.4999999999999,204,0,1,False,0,pistol,,,,,,,61.860842423952356,5179.187317371368
107517,169,-341.39999999999986,214,0,1,False,0,pistol,,,,,,,61.888859163467814,5182.645208597183
107729,170,-451.1999999999995,212,0,1,False,0,pistol,,,,,,,61.93123944253889,5186.068446397781
107904,171,-347.19999999999976,175,0,1,False,0,pistol,,,,,,,61.83731683828694,5188.898530483246
108063,172,-318.19999999999993,159,0,1,False,0,pistol,,,,,,,61.883924110678976,5191.46795797348
108274,173,-324.6999999999999,211,0,1,False,0,pistol,,,,,,,61.786453560436144,5194.883041143417
108473,174,-400.99999999999955,199,0,1,False,0,pistol,,,,,,,61.98962495477034,5198.0933475494385
108636,175,-325.7999999999999,163,0,1,False,0,pistol,,,,,,,2.4227140298134224,5265.373353242874
108835,176,-304.59999999999997,199,0,1,False,0,pistol,,,,,,,61.88579725111339,5268.5890374183655
109015,177,-342.4999999999998,180,0,1,False,0,pistol,,,,,,,61.949215696668105,5271.494729042053
109232,178,-343.1999999999998,217,0,1,False,0,pistol,,,,,,,61.95876046259199,5274.997145414352
109416,179,-356.29999999999984,184,0,1,False,0,pistol,,,,,,,61.66375595292457,5277.981158018112
109626,180,-323.39999999999986,210,0,1,False,0,pistol,,,,,,,61.732090622986775,5281.3830535411835
109820,181,-366.9999999999997,194,0,1,False,0,pistol,,,,,,,61.84464759657918,5284.52003288269
109986,182,-328.89999999999986,166,0,1,False,0,pistol,,,,,,,61.80785315560246,5287.205858230591
110182,183,-385.69999999999965,196,0,1,False,0,pistol,,,,,,,61.684708534870005,5290.3833963871
110368,184,-361.9999999999998,186,0,1,False,0,pistol,,,,,,,61.94996408740518,5293.385899543762
110581,185,-318.0999999999999,213,0,1,False,0,pistol,,,,,,,61.797380856182414,5296.832738161087
110776,186,-381.49999999999966,195,0,1,False,0,pistol,,,,,,,2.863495676562009,5364.931413650513
110979,187,-341.39999999999975,203,0,1,False,0,pistol,,,,,,,61.78487081282772,5368.217089176178
111197,188,-363.29999999999995,218,0,1,False,0,pistol,,,,,,,61.94172822056814,5371.736606359482
111407,189,-369.0999999999997,210,0,1,False,0,pistol,,,,,,,61.81384093447972,5375.133991718292
111620,190,-409.0999999999995,213,0,1,False,0,pistol,,,,,,,61.9207537060994,5378.573953866959
111827,191,-407.19999999999953,207,0,1,False,0,pistol,,,,,,,61.94319199943266,5381.915813207626
112011,192,-361.5999999999998,184,0,1,False,0,pistol,,,,,,,61.7999178725795,5384.893253803253
112226,193,-351.0999999999998,215,0,1,False,0,pistol,,,,,,,61.775408536843926,5388.3736979961395
112426,194,-411.49999999999955,200,0,1,False,0,pistol,,,,,,,62.0199073317625,5391.5985634326935
112630,195,-311.2999999999999,204,0,1,False,0,pistol,,,,,,,61.77838285877667,5394.900773763657
112846,196,-389.2999999999997,216,0,1,False,0,pistol,,,,,,,3.1502020635425447,5463.467886686325
113067,197,-379.69999999999965,221,0,1,False,0,pistol,,,,,,,61.984271446012954,5467.0333943367
113263,198,-350.9999999999999,196,0,1,False,0,pistol,,,,,,,61.83390679328341,5470.203265666962
113497,199,-369.29999999999967,234,0,1,False,0,pistol,,,,,,,61.93662828297209,5473.981411933899
113719,200,-390.89999999999975,222,0,1,False,0,pistol,,,,,,,61.822420984217125,5477.572425127029
113938,201,-341.8999999999998,219,0,1,False,0,pistol,,,,,,,61.93621386884515,5481.108402967453
114177,202,-404.89999999999975,239,0,1,False,0,pistol,,,,,,,61.78080468490478,5484.97700715065
114396,203,-355.2999999999998,219,0,1,False,0,pistol,,,,,,,61.696663634064684,5488.526711702347
114582,204,-361.9999999999998,186,0,1,False,0,pistol,,,,,,,61.72532211253094,5491.540144443512
114795,205,-365.6999999999997,213,0,1,False,0,pistol,,,,,,,3.1295606675522656,5559.6008949279785
114997,206,-310.8999999999999,202,0,1,False,0,pistol,,,,,,,61.85794514662114,5562.86652970314
115204,207,-398.7999999999996,207,0,1,False,0,pistol,,,,,,,61.89359818763488,5566.21106672287
115413,208,-354.59999999999974,209,0,1,False,0,pistol,,,,,,,61.88127156088127,5569.588592529297
115609,209,-332.99999999999983,196,0,1,False,0,pistol,,,,,,,61.98017409078976,5572.7509932518005
115804,210,-391.7999999999996,195,0,1,False,0,pistol,,,,,,,61.76776074847889,5575.90807557106
116001,211,-364.7999999999997,197,0,1,False,0,pistol,,,,,,,61.89813914067232,5579.0908217430115
116201,212,-333.9999999999999,200,0,1,False,0,pistol,,,,,,,61.9021914429301,5582.321808338165
116407,213,-405.99999999999955,206,0,1,False,0,pistol,,,,,,,61.78843576381812,5585.655848264694
116603,214,-393.6999999999996,196,0,1,False,0,pistol,,,,,,,61.69429562146368,5588.832895755768
116833,215,-414.7999999999997,230,0,1,False,0,pistol,,,,,,,3.3433453252912315,5657.626357316971
117028,216,-391.1999999999996,195,0,1,False,0,pistol,,,,,,,61.732286982890976,5660.78524851799
117252,217,-355.2999999999997,224,0,1,False,0,pistol,,,,,,,62.03451182897481,5664.3962280750275
117448,218,-387.99999999999966,196,0,1,False,0,pistol,,,,,,,61.95604311461004,5667.559849500656
117622,219,-341.8999999999998,174,0,1,False,0,pistol,,,,,,,62.02335391319845,5670.365338563919
117831,220,-430.2999999999995,209,0,1,False,0,pistol,,,,,,,62.076282182424244,5673.732251167297
118030,221,-328.5999999999999,199,0,1,False,0,pistol,,,,,,,61.82686390625465,5676.95100069046
118204,222,-323.59999999999985,174,0,1,False,0,pistol,,,,,,,61.90382529253612,5679.761903762817
118409,223,-333.79999999999984,205,0,1,False,0,pistol,,,,,,,61.94119193771823,5683.071590423584
118641,224,-410.4999999999997,232,0,1,False,0,pistol,,,,,,,61.931272908903075,5686.8177654743195
118851,225,-325.09999999999985,210,0,1,False,0,pistol,,,,,,,3.016746228491987,5756.429271221161
119059,226,-420.09999999999945,208,0,1,False,0,pistol,,,,,,,61.872867802741624,5759.791089296341
119232,227,-341.0999999999998,173,0,1,False,0,pistol,,,,,,,61.897413753540306,5762.5861303806305
119466,228,-337.29999999999984,234,0,1,False,0,pistol,,,,,,,61.93626869540875,5766.364294528961
119662,229,-388.39999999999964,196,0,1,False,0,pistol,,,,,,,61.77022250647995,5769.537445783615
119850,230,-363.39999999999975,188,0,1,False,0,pistol,,,,,,,61.96726347671355,5772.571388721466
120055,231,-318.3999999999999,205,0,1,False,0,pistol,,,,,,,61.88159914235529,5775.884260416031
120238,232,-365.9999999999998,183,0,1,False,0,pistol,,,,,,,61.78487919165848,5778.846243619919
120399,233,-311.69999999999993,161,0,1,False,0,pistol,,,,,,,61.75567072760315,5781.453385591507
120609,234,-384.49999999999966,210,0,1,False,0,pistol,,,,,,,61.788738293915706,5784.852170705795
120801,235,-381.49999999999966,192,0,1,False,0,pistol,,,,,,,61.780653333873424,5787.960031747818
120976,236,-348.4999999999998,175,0,1,False,0,pistol,,,,,,,2.5685428416240867,5856.092137813568
121172,237,-381.69999999999965,196,0,1,False,0,pistol,,,,,,,61.881210092747644,5859.2595801353455
121393,238,-342.9999999999999,221,0,1,False,0,pistol,,,,,,,61.974010448932916,5862.8256804943085
121616,239,-352.29999999999984,223,0,1,False,0,pistol,,,,,,,61.859351803688625,5866.430726051331
121814,240,-398.09999999999957,198,0,1,False,0,pistol,,,,,,,62.03086454425619,5869.622777700424
122020,241,-407.69999999999953,206,0,1,False,0,pistol,,,,,,,61.84460332991433,5872.953793764114
122226,242,-396.6999999999996,206,0,1,False,0,pistol,,,,,,,61.90632385854239,5876.281488418579
122450,243,-367.8999999999997,224,0,1,False,0,pistol,,,,,,,61.91096528745489,5879.899679899216
122678,244,-411.39999999999964,228,0,1,False,0,pistol,,,,,,,61.82691874274361,5883.587475538254
122886,245,-413.7999999999995,208,0,1,False,0,pistol,,,,,,,3.0382453067565107,5952.048130989075
123086,246,-400.19999999999953,200,0,1,False,0,pistol,,,,,,,61.85717043571339,5955.281490325928
123291,247,-385.4999999999997,205,0,1,False,0,pistol,,,,,,,61.78045468647993,5958.5997767448425
123496,248,-312.69999999999993,205,0,1,False,0,pistol,,,,,,,61.837575666915264,5961.915001153946
123700,249,-407.8999999999995,204,0,1,False,0,pistol,,,,,,,61.67539252523994,5965.222730636597
123899,250,-381.59999999999974,199,0,1,False,0,pistol,,,,,,,61.71719067628548,5968.447200059891
124076,251,-352.7999999999997,177,0,1,False,0,pistol,,,,,,,61.839624859903466,5971.3095266819
124273,252,-406.1999999999996,197,0,1,False,0,pistol,,,,,,,61.69621324597818,5974.502676963806
124509,253,-323.9999999999999,236,0,1,False,0,pistol,,,,,,,61.80642964213795,5978.321138143539
124746,254,-379.5999999999997,237,0,1,False,0,pistol,,,,,,,61.94188809932536,5982.147384881973
124955,255,-340.29999999999984,209,0,1,False,0,pistol,,,,,,,3.0660372397825384,6050.313636541367
125159,256,-404.59999999999957,204,0,1,False,0,pistol,,,,,,,61.90250412574592,6053.609254837036
125364,257,-401.79999999999956,205,0,1,False,0,pistol,,,,,,,61.83368012492264,6056.924677848816
125580,258,-431.3999999999994,216,0,1,False,0,pistol,,,,,,,61.82449117968355,6060.4185309410095
125794,259,-333.8999999999998,214,0,1,False,0,pistol,,,,,,,61.879630410316246,6063.876945972443
125999,260,-303.49999999999994,205,0,1,False,0,pistol,,,,,,,61.887269069584576,6067.18950676918
126227,261,-410.39999999999964,228,0,1,False,0,pistol,,,,,,,61.981023838518496,6070.868140935898
126419,262,-385.49999999999966,192,0,1,False,0,pistol,,,,,,,61.77905612198908,6073.976074934006
126609,263,-364.7999999999997,190,0,1,False,0,pistol,,,,,,,61.82165242514444,6077.049519777298
126822,264,-385.0999999999996,213,0,1,False,0,pistol,,,,,,,61.81882139084723,6080.495156288147
127056,265,-424.29999999999967,234,0,1,False,0,pistol,,,,,,,3.376737762616855,6149.792893648148
127247,266,-393.99999999999966,191,0,1,False,0,pistol,,,,,,,61.92328013597409,6152.877453804016
127421,267,-341.39999999999986,174,0,1,False,0,pistol,,,,,,,61.74724431533353,6155.695479631424
127636,268,-361.4999999999999,215,0,1,False,0,pistol,,,,,,,61.901432215049994,6159.168840169907
127872,269,-365.6999999999997,236,0,1,False,0,pistol,,,,,,,61.90982776615114,6162.980927944183
128044,270,-340.8999999999998,172,0,1,False,0,pistol,,,,,,,61.73968784079859,6165.766906261444
128230,271,-333.39999999999986,186,0,1,False,0,pistol,,,,,,,61.81310040014395,6168.776071071625
128419,272,-369.9999999999997,189,0,1,False,0,pistol,,,,,,,61.747805805586395,6171.836997509003
128638,273,-334.2999999999998,219,0,1,False,0,pistol,,,,,,,61.89788720269572,6175.375175476074
128856,274,-352.29999999999984,218,0,1,False,0,pistol,,,,,,,61.827568943184474,6178.9011998176575
129071,275,-353.4999999999999,215,0,1,False,0,pistol,,,,,,,3.126381471590595,6247.670889139175
129290,276,-430.2999999999994,219,0,1,False,0,pistol,,,,,,,61.90979790320787,6251.208383321762
129480,277,-376.49999999999966,190,0,1,False,0,pistol,,,,,,,61.81129027979592,6254.282350540161
129697,278,-404.1999999999995,217,0,1,False,0,pistol,,,,,,,61.93925507032888,6257.785864830017
129875,279,-338.0999999999998,178,0,1,False,0,pistol,,,,,,,61.76367715311969,6260.667914867401
130049,280,-341.2999999999998,174,0,1,False,0,pistol,,,,,,,61.953716604675506,6263.476560592651
130248,281,-400.59999999999957,199,0,1,False,0,pistol,,,,,,,61.88101642259247,6266.692498207092
130463,282,-336.79999999999984,215,0,1,False,0,pistol,,,,,,,61.880032350321095,6270.167053461075
130680,283,-337.1999999999998,217,0,1,False,0,pistol,,,,,,,61.912319379540804,6273.672106266022
130897,284,-323.49999999999994,217,0,1,False,0,pistol,,,,,,,61.88691774901665,6277.178587198257
131093,285,-346.29999999999984,196,0,1,False,0,pistol,,,,,,,2.8035086292259166,6347.091091156006
131306,286,-350.39999999999986,213,0,1,False,0,pistol,,,,,,,60.38381070753181,6350.618639945984
131542,287,-447.3999999999995,236,0,1,False,0,pistol,,,,,,,61.819071052455065,6354.436320066452
131762,288,-327.09999999999985,220,0,1,False,0,pistol,,,,,,,61.82991987244131,6357.994551420212
131927,289,-325.1999999999999,165,0,1,False,0,pistol,,,,,,,61.73390468507117,6360.667401313782
132158,290,-395.9999999999996,231,0,1,False,0,pistol,,,,,,,61.97371846830251,6364.394872903824
132365,291,-345.59999999999985,207,0,1,False,0,pistol,,,,,,,61.74250823000258,6367.7475962638855
132543,292,-352.0999999999998,178,0,1,False,0,pistol,,,,,,,61.64487301795166,6370.635216712952
132748,293,-374.39999999999975,205,0,1,False,0,pistol,,,,,,,61.870769930410596,6373.948659420013
132908,294,-302.49999999999994,160,0,1,False,0,pistol,,,,,,,61.62682512066151,6376.54501748085
133092,295,-354.2999999999998,184,0,1,False,0,pistol,,,,,,,61.8030951521029,6379.522312879562
133283,296,-349.6999999999998,191,0,1,False,0,pistol,,,,,,,2.8046906296721676,6447.622624635696
133497,297,-323.5999999999999,214,0,1,False,0,pistol,,,,,,,61.69906676129773,6451.091161251068
133719,298,-465.8999999999994,222,0,1,False,0,pistol,,,,,,,61.75520205238851,6454.686095237732
133884,299,-303.49999999999994,165,0,1,False,0,pistol,,,,,,,61.75834827556143,6457.357884645462
134106,300,-352.0999999999998,222,0,1,False,0,pistol,,,,,,,61.79236472975017,6460.950657129288
134338,301,-353.4999999999998,232,0,1,False,0,pistol,,,,,,,61.78847176040707,6464.7054924964905
134558,302,-391.4999999999997,220,0,1,False,0,pistol,,,,,,,61.9955353657591,6468.254223585129
134789,303,-370.39999999999964,231,0,1,False,0,pistol,,,,,,,60.76397305645566,6472.055907726288
134999,304,-354.0999999999999,210,0,1,False,0,pistol,,,,,,,61.78355899525557,6475.454960346222
135246,305,-418.4999999999997,247,0,1,False,0,pistol,,,,,,,3.580157567241544,6544.446420431137
135432,306,-340.99999999999983,186,0,1,False,0,pistol,,,,,,,61.745650110073456,6547.458873033524
135631,307,-400.59999999999957,199,0,1,False,0,pistol,,,,,,,61.90946910221139,6550.673338651657
135840,308,-358.2999999999997,209,0,1,False,0,pistol,,,,,,,61.64599312084333,6554.06374835968
136041,309,-356.39999999999975,201,0,1,False,0,pistol,,,,,,,61.814538005024026,6557.315496683121
136261,310,-369.3999999999997,220,0,1,False,0,pistol,,,,,,,61.78160885678429,6560.876506567001
136434,311,-323.9999999999999,173,0,1,False,0,pistol,,,,,,,61.75737669199553,6563.677877902985
136618,312,-345.5999999999998,184,0,1,False,0,pistol,,,,,,,61.83672405522256,6566.6535539627075
136776,313,-316.29999999999995,158,0,1,False,0,pistol,,,,,,,61.833787577296896,6569.208877086639
136968,314,-344.8999999999998,192,0,1,False,0,pistol,,,,,,,61.91015004001872,6572.310245990753
137185,315,-439.59999999999934,217,0,1,False,0,pistol,,,,,,,61.78874067090212,6575.82232093811
137398,316,-354.8999999999998,213,0,1,False,0,pistol,,,,,,,3.0939334085961514,6644.666815280914
137624,317,-360.2999999999997,226,0,1,False,0,pistol,,,,,,,61.7859024306844,6648.324702739716
137849,318,-385.1999999999997,225,0,1,False,0,pistol,,,,,,,61.73542571591124,6651.9693858623505
138051,319,-365.1999999999997,202,0,1,False,0,pistol,,,,,,,61.877845707328724,6655.233977556229
138250,320,-399.99999999999955,199,0,1,False,0,pistol,,,,,,,61.81112732337004,6658.453546762466
138441,321,-349.69999999999976,191,0,1,False,0,pistol,,,,,,,61.85858695988735,6661.5413246154785
138609,322,-322.4,168,0,1,False,0,pistol,,,,,,,61.97079459625892,6664.252388954163
138788,323,-342.2999999999998,179,0,1,False,0,pistol,,,,,,,61.71950318943112,6667.152701616287
138994,324,-321.6999999999999,206,0,1,False,0,pistol,,,,,,,61.962790482866026,6670.477368593216
139218,325,-341.5999999999998,224,0,1,False,0,pistol,,,,,,,61.8154319468697,6674.101144790649
139462,326,-383.89999999999975,244,0,1,False,0,pistol,,,,,,,3.535238144507291,6743.120622396469
139672,327,-349.0999999999998,210,0,1,False,0,pistol,,,,,,,61.72384530031169,6746.5229613780975
139835,328,-331.39999999999986,163,0,1,False,0,pistol,,,,,,,61.643045496931066,6749.1673085689545
140041,329,-427.3999999999995,206,0,1,False,0,pistol,,,,,,,61.9461048213376,6752.492864608765
140232,330,-363.5999999999998,191,0,1,False,0,pistol,,,,,,,61.87604509352596,6755.579779148102
140443,331,-412.69999999999965,211,0,1,False,0,pistol,,,,,,,62.01165849652594,6758.982450008392
140662,332,-425.9999999999995,219,0,1,False,0,pistol,,,,,,,61.887040146995034,6762.521243095398
140858,333,-381.69999999999965,196,0,1,False,0,pistol,,,,,,,61.808221221461906,6765.692431926727
141054,334,-327.39999999999986,196,0,1,False,0,pistol,,,,,,,61.71847330628357,6768.868240356445
141244,335,-380.49999999999966,190,0,1,False,0,pistol,,,,,,,61.82669809576617,6771.941440105438
141448,336,-321.2999999999999,204,0,1,False,0,pistol,,,,,,,2.9765330935125136,6840.477645158768
141648,337,-384.49999999999966,200,0,1,False,0,pistol,,,,,,,61.74579241903776,6843.716823101044
141850,338,-329.79999999999984,202,0,1,False,0,pistol,,,,,,,61.80593440972392,6846.985200643539
142058,339,-409.7999999999995,208,0,1,False,0,pistol,,,,,,,61.87348653207787,6850.346986293793
142258,340,-403.49999999999955,200,0,1,False,0,pistol,,,,,,,61.83709347803796,6853.58137845993
142453,341,-381.49999999999966,195,0,1,False,0,pistol,,,,,,,61.76665055582407,6856.738510847092
142671,342,-439.79999999999933,218,0,1,False,0,pistol,,,,,,,61.90020167903159,6860.260399580002
142877,343,-393.6999999999996,206,0,1,False,0,pistol,,,,,,,61.980712254084395,6863.584095239639
143114,344,-426.1999999999996,237,0,1,False,0,pistol,,,,,,,61.95473605463808,6867.409565925598
143320,345,-387.89999999999964,206,0,1,False,0,pistol,,,,,,,61.829742166470304,6870.741381645203
143487,346,-315.19999999999993,167,0,1,False,0,pistol,,,,,,,2.4286905300427293,6939.502806186676
143704,347,-341.79999999999984,217,0,1,False,0,pistol,,,,,,,61.942201595479766,6943.00616145134
143916,348,-320.89999999999986,212,0,1,False,0,pistol,,,,,,,61.70300119784779,6946.442063808441
144100,349,-317.5999999999999,184,0,1,False,0,pistol,,,,,,,61.68976667857694,6949.424822568893
144307,350,-417.59999999999945,207,0,1,False,0,pistol,,,,,,,61.67771181631084,6952.781065702438
144482,351,-341.49999999999983,175,0,1,False,0,pistol,,,,,,,61.71854280969498,6955.61660194397
144697,352,-365.6999999999998,215,0,1,False,0,pistol,,,,,,,61.71261215656708,6959.100583076477
144917,353,-329.79999999999984,220,0,1,False,0,pistol,,,,,,,61.7708681642881,6962.662214517593
145093,354,-341.6999999999998,176,0,1,False,0,pistol,,,,,,,61.5881986533981,6965.5199909210205
145288,355,-391.1999999999996,195,0,1,False,0,pistol,,,,,,,61.73128056838507,6968.678939342499
145517,356,-352.2999999999997,229,0,1,False,0,pistol,,,,,,,3.3160189264517004,7037.737748384476
145735,357,-345.3999999999998,218,0,1,False,0,pistol,,,,,,,61.82972207339991,7041.263653278351
145934,358,-411.2999999999996,199,0,1,False,0,pistol,,,,,,,61.72476703825773,7044.487730741501
146107,359,-342.29999999999984,173,0,1,False,0,pistol,,,,,,,61.623393182802936,7047.295197725296
146278,360,-324.6999999999999,171,0,1,False,0,pistol,,,,,,,61.83942731108511,7050.060523271561
146498,361,-338.49999999999983,220,0,1,False,0,pistol,,,,,,,61.850778618641385,7053.617569684982
146725,362,-346.7999999999998,227,0,1,False,0,pistol,,,,,,,61.84781327593393,7057.287960290909
146920,363,-380.1999999999997,195,0,1,False,0,pistol,,,,,,,61.88341568548376,7060.439138174057
147133,364,-336.3999999999998,213,0,1,False,0,pistol,,,,,,,61.75405774207531,7063.88839507103
147340,365,-353.5999999999998,207,0,1,False,0,pistol,,,,,,,61.76054629094605,7067.240143060684
147554,366,-380.9999999999999,214,0,1,False,0,pistol,,,,,,,3.1046073379870083,7136.170038223267
147744,367,-394.49999999999966,190,0,1,False,0,pistol,,,,,,,61.81103139052408,7139.244019508362
147944,368,-347.0999999999998,200,0,1,False,0,pistol,,,,,,,61.68115433928338,7142.48658490181
148141,369,-337.89999999999986,197,0,1,False,0,pistol,,,,,,,61.79543525702294,7145.674611330032
148363,370,-369.1999999999997,222,0,1,False,0,pistol,,,,,,,61.86671755255531,7149.2630615234375
148546,371,-348.0999999999998,183,0,1,False,0,pistol,,,,,,,61.947778594359924,7152.217244625092
148761,372,-315.1999999999999,215,0,1,False,0,pistol,,,,,,,61.85119696104653,7155.693423032761
148975,373,-385.2999999999996,214,0,1,False,0,pistol,,,,,,,61.676715524644166,7159.163215637207
149189,374,-332.79999999999984,214,0,1,False,0,pistol,,,,,,,61.75106886779199,7162.628833770752
149372,375,-354.7999999999998,183,0,1,False,0,pistol,,,,,,,61.52093434265509,7165.603521823883
149562,376,-385.49999999999966,190,0,1,False,0,pistol,,,,,,,2.7782447457612864,7233.992152690887
149787,377,-352.09999999999974,225,0,1,False,0,pistol,,,,,,,61.83372706219518,7237.631035089493
150026,378,-387.2999999999997,239,0,1,False,0,pistol,,,,,,,61.79470167853311,7241.498772144318
150259,379,-353.09999999999974,233,0,1,False,0,pistol,,,,,,,61.862930015654484,7245.265254497528
150465,380,-393.6999999999996,206,0,1,False,0,pistol,,,,,,,61.7757171571548,7248.5999875068665
150682,381,-371.59999999999974,217,0,1,False,0,pistol,,,,,,,61.893962780820466,7252.1060910224915
150894,382,-359.5999999999998,212,0,1,False,0,pistol,,,,,,,61.7651699136607,7255.538538694382
151057,383,-321.39999999999986,163,0,1,False,0,pistol,,,,,,,61.72965547604195,7258.179181098938
151265,384,-330.39999999999986,208,0,1,False,0,pistol,,,,,,,61.70575610440624,7261.550105571747
151452,385,-369.4999999999998,187,0,1,False,0,pistol,,,,,,,61.733110412432524,7264.579389810562
151670,386,-352.7999999999998,218,0,1,False,0,pistol,,,,,,,3.1633696518281242,7333.493323326111
151843,387,-341.0999999999998,173,0,1,False,0,pistol,,,,,,,61.56294901297216,7336.303555965424
152064,388,-388.69999999999976,221,0,1,False,0,pistol,,,,,,,61.91713518824437,7339.872938632965
152269,389,-392.0999999999996,205,0,1,False,0,pistol,,,,,,,61.816440685910955,7343.189298868179
152476,390,-431.8999999999995,207,0,1,False,0,pistol,,,,,,,61.88115370146862,7346.534507036209
152691,391,-357.39999999999986,215,0,1,False,0,pistol,,,,,,,61.81888354568474,7350.012498855591
152875,392,-347.2999999999998,184,0,1,False,0,pistol,,,,,,,61.686931395591884,7352.995390892029
153097,393,-383.09999999999974,222,0,1,False,0,pistol,,,,,,,61.87746442978843,7356.583219766617
153304,394,-394.59999999999957,207,0,1,False,0,pistol,,,,,,,61.74805863150483,7359.93564748764
153484,395,-347.09999999999974,180,0,1,False,0,pistol,,,,,,,61.624452095383155,7362.856662988663
153718,396,-400.89999999999975,234,0,1,False,0,pistol,,,,,,,3.3981390571918473,7431.7179708480835
153943,397,-343.4999999999998,225,0,1,False,0,pistol,,,,,,,61.75715273207414,7435.361369609833
154165,398,-360.29999999999967,222,0,1,False,0,pistol,,,,,,,61.86307580844637,7438.950026988983
154379,399,-333.29999999999984,214,0,1,False,0,pistol,,,,,,,61.914511885581554,7442.406498908997
154591,400,-428.8999999999994,212,0,1,False,0,pistol,,,,,,,61.80229935419802,7445.836885690689
154782,401,-350.69999999999976,191,0,1,False,0,pistol,,,,,,,61.78226732956475,7448.9284834861755
155007,402,-351.4999999999998,225,0,1,False,0,pistol,,,,,,,61.927030290303954,7452.561886310577
155232,403,-405.09999999999974,225,0,1,False,0,pistol,,,,,,,61.80365981602686,7456.202527999878
155473,404,-386.6999999999996,241,0,1,False,0,pistol,,,,,,,61.91368419053931,7460.095140218735
155677,405,-403.29999999999956,204,0,1,False,0,pistol,,,,,,,2.980952808708299,7528.529747247696
155885,406,-412.0999999999995,208,0,1,False,0,pistol,,,,,,,61.568768834551925,7531.908184528351
156089,407,-316.2999999999999,204,0,1,False,0,pistol,,,,,,,59.96824515521771,7535.310087442398
156308,408,-343.9999999999998,219,0,1,False,0,pistol,,,,,,,61.727746824949456,7538.858030557632
156538,409,-366.2999999999997,230,0,1,False,0,pistol,,,,,,,61.748892595297804,7542.582883358002
156758,410,-422.49999999999943,220,0,1,False,0,pistol,,,,,,,61.628812099711915,7546.152743816376
156930,411,-340.8999999999998,172,0,1,False,0,pistol,,,,,,,61.622216721308504,7548.944039583206
157143,412,-403.79999999999967,213,0,1,False,0,pistol,,,,,,,61.78288891501442,7552.391690015793
157362,413,-346.89999999999975,219,0,1,False,0,pistol,,,,,,,61.58417726538861,7555.9478895664215
157595,414,-373.0999999999997,233,0,1,False,0,pistol,,,,,,,61.75107955236205,7559.721195459366
157816,415,-358.9999999999999,221,0,1,False,0,pistol,,,,,,,3.1979403598512173,7628.82826757431
158023,416,-354.09999999999985,207,0,1,False,0,pistol,,,,,,,61.70923115008607,7632.182810544968
158210,417,-360.19999999999976,187,0,1,False,0,pistol,,,,,,,61.74072033255225,7635.211692333221
158433,418,-359.69999999999976,223,0,1,False,0,pistol,,,,,,,61.833334820776635,7638.818258523941
158636,419,-413.3999999999996,203,0,1,False,0,pistol,,,,,,,61.66374287090314,7642.110408782959
158841,420,-323.4999999999999,205,0,1,False,0,pistol,,,,,,,61.60668611620341,7645.4380695819855
159050,421,-341.89999999999986,209,0,1,False,0,pistol,,,,,,,61.76907902854065,7648.821726799011
159236,422,-337.39999999999986,186,0,1,False,0,pistol,,,,,,,61.71843678591579,7651.835504055023
159442,423,-320.6999999999999,206,0,1,False,0,pistol,,,,,,,61.70161703243505,7655.174239873886
159674,424,-381.1999999999997,232,0,1,False,0,pistol,,,,,,,61.679674428593124,7658.935700178146
159887,425,-354.59999999999985,213,0,1,False,0,pistol,,,,,,,3.109856441063855,7727.42769908905
160105,426,-425.89999999999986,218,0,1,False,0,pistol,,,,,,,59.41428461520867,7731.096939325333
160316,427,-336.6999999999998,211,0,1,False,0,pistol,,,,,,,61.7570140414112,7734.513658761978
160529,428,-336.99999999999983,213,0,1,False,0,pistol,,,,,,,61.71917263303394,7737.964868783951
160745,429,-337.6999999999998,216,0,1,False,0,pistol,,,,,,,61.78459273894883,7741.460980892181
160941,430,-394.6999999999996,196,0,1,False,0,pistol,,,,,,,61.67079844011249,7744.639247894287
161158,431,-365.7999999999997,217,0,1,False,0,pistol,,,,,,,61.6454561869848,7748.159466266632
161384,432,-357.9999999999997,226,0,1,False,0,pistol,,,,,,,61.786333351279964,7751.817321538925
161583,433,-404.99999999999955,199,0,1,False,0,pistol,,,,,,,61.7098853563669,7755.042178153992
161769,434,-369.9999999999997,186,0,1,False,0,pistol,,,,,,,61.493596713932796,7758.066970348358
161989,435,-332.79999999999984,220,0,1,False,0,pistol,,,,,,,3.195667749406313,7826.910262584686
162205,436,-335.3999999999998,216,0,1,False,0,pistol,,,,,,,61.61092837652964,7830.416224479675
162391,437,-361.9999999999998,186,0,1,False,0,pistol,,,,,,,61.58166946089199,7833.436687231064
162587,438,-394.79999999999995,196,0,1,False,0,pistol,,,,,,,61.7628807966872,7836.610214710236
162788,439,-366.6999999999997,201,0,1,False,0,pistol,,,,,,,61.725171226733586,7839.866670370102
163001,440,-331.3999999999998,213,0,1,False,0,pistol,,,,,,,61.687981374842074,7843.319627046585
163166,441,-327.39999999999986,165,0,1,False,0,pistol,,,,,,,61.682496982767034,7845.9947102069855
163371,442,-377.7999999999998,205,0,1,False,0,pistol,,,,,,,61.70607511438303,7849.3170001506805
163580,443,-341.9999999999998,209,0,1,False,0,pistol,,,,,,,60.19860351197277,7852.788930892944
163776,444,-368.39999999999975,196,0,1,False,0,pistol,,,,,,,61.74388027892178,7855.963419675827
163980,445,-311.2999999999999,204,0,1,False,0,pistol,,,,,,,2.988635276201672,7924.222093582153
164181,446,-347.6999999999998,201,0,1,False,0,pistol,,,,,,,61.65662226729273,7927.482173919678
164402,447,-362.6999999999997,221,0,1,False,0,pistol,,,,,,,61.86370833928984,7931.054638147354
164626,448,-344.9999999999998,224,0,1,False,0,pistol,,,,,,,61.70676305854354,7934.684799671173
164825,449,-399.99999999999955,199,0,1,False,0,pistol,,,,,,,61.79198592326944,7937.905369758606
165033,450,-420.09999999999945,208,0,1,False,0,pistol,,,,,,,61.74832123797985,7941.273974657059
165235,451,-338.59999999999985,202,0,1,False,0,pistol,,,,,,,61.68178090368586,7944.548929929733
165462,452,-426.89999999999947,227,0,1,False,0,pistol,,,,,,,61.873677119521766,7948.217782974243
165674,453,-380.89999999999975,212,0,1,False,0,pistol,,,,,,,61.765114139316104,7951.650223970413
165913,454,-429.2999999999996,239,0,1,False,0,pistol,,,,,,,3.4783773573416967,8020.360513448715
166101,455,-338.39999999999986,188,0,1,False,0,pistol,,,,,,,61.67700434640592,8023.408770084381
166301,456,-378.0999999999997,200,0,1,False,0,pistol,,,,,,,61.7737244020854,8026.646481513977
166491,457,-364.4999999999998,190,0,1,False,0,pistol,,,,,,,61.63376653890842,8029.729300498962
166713,458,-352.6999999999998,222,0,1,False,0,pistol,,,,,,,61.80960473099276,8033.321070194244
166924,459,-384.6999999999996,211,0,1,False,0,pistol,,,,,,,61.771467287611976,8036.736976861954
167105,460,-361.59999999999974,181,0,1,False,0,pistol,,,,,,,61.76451496849897,8039.667547702789
167334,461,-366.5999999999997,229,0,1,False,0,pistol,,,,,,,61.73562787380499,8043.377010583878
167534,462,-384.7999999999996,200,0,1,False,0,pistol,,,,,,,61.53710272364104,8046.627174854279
167765,463,-385.29999999999967,231,0,1,False,0,pistol,,,,,,,61.8374795988521,8050.362864971161
167942,464,-345.89999999999975,177,0,1,False,0,pistol,,,,,,,2.6054768084824085,8118.296781539917
168110,465,-326.79999999999984,168,0,1,False,0,pistol,,,,,,,61.59701093555472,8121.02431178093
168298,466,-365.69999999999976,188,0,1,False,0,pistol,,,,,,,61.6408052203806,8124.074332714081
168507,467,-342.5999999999998,209,0,1,False,0,pistol,,,,,,,61.6335407683227,8127.46543097496
168723,468,-327.99999999999983,216,0,1,False,0,pistol,,,,,,,60.31399639142458,8131.04678440094
168927,469,-404.09999999999974,204,0,1,False,0,pistol,,,,,,,61.8217514459838,8134.346712112427
169124,470,-393.8999999999996,197,0,1,False,0,pistol,,,,,,,60.47764550851255,8137.604213476181
169347,471,-344.3999999999998,223,0,1,False,0,pistol,,,,,,,61.747746341762266,8141.21578001976
169587,472,-336.1999999999998,240,0,1,False,0,pistol,,,,,,,61.78848418463631,8145.1001036167145
169792,473,-357.7999999999997,205,0,1,False,0,pistol,,,,,,,61.742865638773004,8148.42041182518
170006,474,-357.5999999999998,214,0,1,False,0,pistol,,,,,,,3.1083141557279905,8217.268110275269
170228,475,-360.89999999999975,222,0,1,False,0,pistol,,,,,,,61.7657709147042,8220.862447500229
170433,476,-348.0999999999998,205,0,1,False,0,pistol,,,,,,,61.701806478891065,8224.184967517853
170660,477,-407.1999999999997,227,0,1,False,0,pistol,,,,,,,61.67923896373422,8227.86539053917
170872,478,-366.5999999999997,212,0,1,False,0,pistol,,,,,,,61.76134316920481,8231.29805636406
171078,479,-315.6999999999999,206,0,1,False,0,pistol,,,,,,,61.80742843739397,8234.631078243256
171275,480,-374.4999999999997,197,0,1,False,0,pistol,,,,,,,61.80265494496552,8237.818733215332
171454,481,-356.59999999999974,179,0,1,False,0,pistol,,,,,,,61.568138755964775,8240.726176738739
171685,482,-326.2999999999999,231,0,1,False,0,pistol,,,,,,,61.66888457190474,8244.47207736969
171898,483,-417.09999999999945,213,0,1,False,0,pistol,,,,,,,61.454559787526684,8247.938144207
172115,484,-340.19999999999976,217,0,1,False,0,pistol,,,,,,,3.1628201314124906,8316.547904968262
172324,485,-398.59999999999957,209,0,1,False,0,pistol,,,,,,,61.63972514016275,8319.93866944313
172552,486,-368.3999999999997,228,0,1,False,0,pistol,,,,,,,61.76594504446683,8323.630125761032
172759,487,-403.8999999999995,207,0,1,False,0,pistol,,,,,,,61.70953817259874,8326.984644412994
172972,488,-334.3999999999998,213,0,1,False,0,pistol,,,,,,,61.72350926084,8330.435643434525
173156,489,-343.2999999999998,184,0,1,False,0,pistol,,,,,,,61.734613581084965,8333.41623210907
173403,490,-370.19999999999976,247,0,1,False,0,pistol,,,,,,,61.70308977901153,8337.419363498688
173612,491,-420.29999999999944,209,0,1,False,0,pistol,,,,,,,61.61301166058895,8340.811593055725
173800,492,-374.3999999999997,188,0,1,False,0,pistol,,,,,,,61.57806861612683,8343.864716053009
174042,493,-396.5999999999997,242,0,1,False,0,pistol,,,,,,,61.81196857680266,8347.779901742935
174237,494,-331.7999999999999,195,0,1,False,0,pistol,,,,,,,2.8576680284704192,8416.017468452454
174455,495,-327.79999999999984,218,0,1,False,0,pistol,,,,,,,61.628770410154004,8419.554874658585
174684,496,-335.79999999999984,229,0,1,False,0,pistol,,,,,,,61.79900696488604,8423.260531902313
174901,497,-322.8999999999999,217,0,1,False,0,pistol,,,,,,,61.770214122144814,8426.773637533188
175133,498,-360.89999999999975,232,0,1,False,0,pistol,,,,,,,61.67596049862606,8430.535329818726
175308,499,-346.0999999999998,175,0,1,False,0,pistol,,,,,,,61.73915757034427,8433.36992764473
175511,500,-418.79999999999956,203,0,1,False,0,pistol,,,,,,,61.83896562681004,8436.652735948563
175711,501,-330.4999999999999,200,0,1,False,0,pistol,,,,,,,60.4096816133545,8439.963556051254
175936,502,-387.3999999999997,225,0,1,False,0,pistol,,,,,,,61.63211887054177,8443.614342927933
176120,503,-357.59999999999974,184,0,1,False,0,pistol,,,,,,,61.64650643913818,8446.599195480347
176306,504,-384.6999999999997,186,0,1,False,0,pistol,,,,,,,2.715047030446614,8515.106387615204
176522,505,-429.6999999999994,216,0,1,False,0,pistol,,,,,,,61.75499419340471,8518.60417175293
176701,506,-342.2999999999998,179,0,1,False,0,pistol,,,,,,,61.475901972365094,8521.515971183777
176946,507,-382.6999999999998,245,0,1,False,0,pistol,,,,,,,61.64696873829614,8525.490310430527
177149,508,-401.3999999999996,203,0,1,False,0,pistol,,,,,,,61.716945708765046,8528.77961230278
177384,509,-381.9999999999997,235,0,1,False,0,pistol,,,,,,,61.830948939890526,8532.580390453339
177614,510,-339.79999999999984,230,0,1,False,0,pistol,,,,,,,61.712823504726224,8536.307424068451
177822,511,-360.09999999999974,208,0,1,False,0,pistol,,,,,,,61.7255726407945,8539.677269220352
178010,512,-318.39999999999986,188,0,1,False,0,pistol,,,,,,,61.62127689569658,8542.728255748749
178221,513,-350.69999999999976,211,0,1,False,0,pistol,,,,,,,3.0795713028714653,8611.244376659393
178415,514,-354.9999999999997,194,0,1,False,0,pistol,,,,,,,61.66580519426781,8614.390453100204
178593,515,-354.09999999999974,178,0,1,False,0,pistol,,,,,,,61.58458551879091,8617.28088259697
178810,516,-336.1999999999998,217,0,1,False,0,pistol,,,,,,,61.767564786235184,8620.794142484665
179049,517,-356.89999999999975,239,0,1,False,0,pistol,,,,,,,61.630436982541625,8624.672181844711
179241,518,-320.49999999999994,192,0,1,False,0,pistol,,,,,,,61.63490854831077,8627.787403345108
179410,519,-322.5999999999999,169,0,1,False,0,pistol,,,,,,,61.595023301121046,8630.531227588654
179599,520,-314.5999999999999,189,0,1,False,0,pistol,,,,,,,59.884526528883704,8633.687392950058
179831,521,-415.1999999999996,232,0,1,False,0,pistol,,,,,,,61.83972690526613,8637.439121246338
180037,522,-366.59999999999974,206,0,1,False,0,pistol,,,,,,,61.62814721825963,8640.781841278076
180280,523,-386.7999999999997,243,0,1,False,0,pistol,,,,,,,3.528171915364337,8709.656138896942
180486,524,-355.99999999999983,206,0,1,False,0,pistol,,,,,,,61.58762765495796,8713.00106215477
180650,525,-326.59999999999985,164,0,1,False,0,pistol,,,,,,,61.66516546654626,8715.660679578781
180863,526,-323.39999999999986,213,0,1,False,0,pistol,,,,,,,61.699237104623336,8719.113002061844
181061,527,-374.0999999999997,198,0,1,False,0,pistol,,,,,,,61.72008006859965,8722.321145772934
181240,528,-337.1999999999999,179,0,1,False,0,pistol,,,,,,,61.58413286245562,8725.227830648422
181453,529,-335.7999999999998,213,0,1,False,0,pistol,,,,,,,60.22778981362681,8728.764496564865
181669,530,-331.3999999999998,216,0,1,False,0,pistol,,,,,,,61.659397329310046,8732.267698049545
181912,531,-368.6999999999997,243,0,1,False,0,pistol,,,,,,,60.42481158743919,8736.2893409729
182113,532,-376.99999999999966,201,0,1,False,0,pistol,,,,,,,61.54857211900511,8739.55514717102
182343,533,-401.4999999999996,230,0,1,False,0,pistol,,,,,,,3.3329805342159924,8808.562539815903
182543,534,-361.7999999999997,200,0,1,False,0,pistol,,,,,,,61.78530837421182,8811.799649477005
182745,535,-329.1999999999999,202,0,1,False,0,pistol,,,,,,,61.6103601756171,8815.078406572342
182931,536,-325.99999999999983,186,0,1,False,0,pistol,,,,,,,61.645049798646646,8818.095769882202
183134,537,-401.79999999999956,203,0,1,False,0,pistol,,,,,,,61.68968248471023,8821.386538028717
183322,538,-346.3999999999998,188,0,1,False,0,pistol,,,,,,,61.51625623019226,8824.442737817764
183493,539,-336.6999999999998,171,0,1,False,0,pistol,,,,,,,61.35496522218256,8827.229904651642
183665,540,-327.59999999999985,172,0,1,False,0,pistol,,,,,,,61.46325531053492,8830.028417110443
183820,541,-311.49999999999994,155,0,1,False,0,pistol,,,,,,,61.54480686648149,8832.547006607056
183988,542,-332.39999999999986,168,0,1,False,0,pistol,,,,,,,61.57076163514467,8835.275665998459
184193,543,-327.4999999999999,205,0,1,False,0,pistol,,,,,,,61.74662115484103,8838.595776796341
184412,544,-414.5999999999996,219,0,1,False,0,pistol,,,,,,,3.1957011043446455,8907.125430107117
184611,545,-400.59999999999957,199,0,1,False,0,pistol,,,,,,,61.79014242211239,8910.346096277237
184810,546,-368.5999999999997,199,0,1,False,0,pistol,,,,,,,61.60540490111445,8913.576430797577
185036,547,-370.6999999999997,226,0,1,False,0,pistol,,,,,,,61.70146952197201,8917.239319324493
185245,548,-420.29999999999944,209,0,1,False,0,pistol,,,,,,,61.76956215679546,8920.622947692871
185444,549,-364.5999999999997,199,0,1,False,0,pistol,,,,,,,61.62357551132751,8923.852332115173
185666,550,-364.8999999999997,222,0,1,False,0,pistol,,,,,,,61.709310454064074,8927.449944734573
185839,551,-325.09999999999985,173,0,1,False,0,pistol,,,,,,,61.58743967421103,8930.259040594101
186038,552,-409.99999999999955,199,0,1,False,0,pistol,,,,,,,61.48144904930116,8933.495881319046
186237,553,-386.4999999999998,199,0,1,False,0,pistol,,,,,,,61.680936618316835,8936.722262144089
186464,554,-416.19999999999965,227,0,1,False,0,pistol,,,,,,,3.304036513884229,9005.426196813583
186648,555,-330.59999999999985,184,0,1,False,0,pistol,,,,,,,61.65438623022741,9008.410679340363
186873,556,-388.09999999999974,225,0,1,False,0,pistol,,,,,,,61.59870087171852,9012.063445568085
187086,557,-330.7999999999998,213,0,1,False,0,pistol,,,,,,,61.49896216380981,9015.52701640129
187295,558,-384.2999999999996,209,0,1,False,0,pistol,,,,,,,61.67146394052589,9018.916045188904
187526,559,-345.39999999999975,231,0,1,False,0,pistol,,,,,,,61.74870042967318,9022.657106637955
187731,560,-351.1999999999998,205,0,1,False,0,pistol,,,,,,,61.71123014610184,9025.979122638702
187936,561,-317.7999999999999,205,0,1,False,0,pistol,,,,,,,61.72137443266278,9029.300589799881
188171,562,-422.4999999999996,235,0,1,False,0,pistol,,,,,,,61.88096617187999,9033.098295211792
188384,563,-387.39999999999964,213,0,1,False,0,pistol,,,,,,,61.6684533572427,9036.552336931229
188591,564,-407.1999999999996,207,0,1,False,0,pistol,,,,,,,3.0092899553591157,9105.339418649673
188797,565,-375.39999999999975,206,0,1,False,0,pistol,,,,,,,61.41785458690515,9108.693583011627
189006,566,-328.89999999999986,209,0,1,False,0,pistol,,,,,,,59.448235771064255,9112.209327936172
189204,567,-364.39999999999975,198,0,1,False,0,pistol,,,,,,,61.50985205292765,9115.428433179855
189414,568,-366.1999999999997,210,0,1,False,0,pistol,,,,,,,61.64138795253438,9118.83533525467
189640,569,-339.99999999999983,226,0,1,False,0,pistol,,,,,,,61.78643403452837,9122.493183612823
189806,570,-328.2999999999999,166,0,1,False,0,pistol,,,,,,,61.60215939289548,9125.18798828125
190020,571,-339.5999999999998,214,0,1,False,0,pistol,,,,,,,61.602380361822796,9128.661967754364
190213,572,-381.0999999999997,193,0,1,False,0,pistol,,,,,,,61.540187457565246,9131.798234701157
190413,573,-346.4999999999998,200,0,1,False,0,pistol,,,,,,,61.58356216879119,9135.045936346054
190640,574,-450.1999999999995,227,0,1,False,0,pistol,,,,,,,3.301101725663622,9203.810945987701
190866,575,-364.6999999999997,226,0,1,False,0,pistol,,,,,,,61.634242249040355,9207.47783446312
191075,576,-372.1999999999997,209,0,1,False,0,pistol,,,,,,,61.70603693311803,9210.864961385727
191303,577,-348.3999999999998,228,0,1,False,0,pistol,,,,,,,61.83051247228283,9214.552552461624
191529,578,-352.2999999999997,226,0,1,False,0,pistol,,,,,,,61.862487127110406,9218.205920934677
191743,579,-403.59999999999957,214,0,1,False,0,pistol,,,,,,,61.75671962518054,9221.67122554779
191943,580,-386.49999999999966,200,0,1,False,0,pistol,,,,,,,61.692186391916586,9224.913222789764
192150,581,-440.1999999999995,207,0,1,False,0,pistol,,,,,,,61.80208221443439,9228.262722492218
192365,582,-366.1999999999998,215,0,1,False,0,pistol,,,,,,,60.24789432265332,9231.831412315369
192570,583,-382.7999999999996,205,0,1,False,0,pistol,,,,,,,3.0067879866193103,9300.010570287704
192783,584,-331.3999999999998,213,0,1,False,0,pistol,,,,,,,61.83649300072365,9303.455224990845
193013,585,-368.49999999999966,230,0,1,False,0,pistol,,,,,,,61.67029871251758,9307.184821605682
193217,586,-347.2999999999998,204,0,1,False,0,pistol,,,,,,,61.66406712811287,9310.493152856827
193412,587,-392.7999999999996,195,0,1,False,0,pistol,,,,,,,61.570522848165204,9313.660347938538
193625,588,-393.6999999999996,213,0,1,False,0,pistol,,,,,,,61.47317424063781,9317.125369310379
193826,589,-382.69999999999965,201,0,1,False,0,pistol,,,,,,,61.78843805007263,9320.378490924835
194040,590,-458.29999999999944,214,0,1,False,0,pistol,,,,,,,61.697060763126814,9323.847142457962
194230,591,-379.49999999999966,190,0,1,False,0,pistol,,,,,,,59.74078967332734,9327.027641057968
194427,592,-381.89999999999964,197,0,1,False,0,pistol,,,,,,,61.6542838450261,9330.22299528122
194632,593,-413.49999999999966,205,0,1,False,0,pistol,,,,,,,2.9641684528977104,9399.382459878922
194795,594,-321.9999999999999,163,0,1,False,0,pistol,,,,,,,61.380627981286075,9402.038115978241
194998,595,-401.9999999999996,203,0,1,False,0,pistol,,,,,,,61.63223010500973,9405.331943750381
195224,596,-347.6999999999997,226,0,1,False,0,pistol,,,,,,,61.47016746002693,9409.008621454239
195428,597,-411.2999999999995,204,0,1,False,0,pistol,,,,,,,60.057538967405776,9412.405456542969
195623,598,-363.1999999999997,195,0,1,False,0,pistol,,,,,,,61.498847078883024,9415.576350212097
195867,599,-393.5999999999997,244,0,1,False,0,pistol,,,,,,,61.58094636830672,9419.53870010376
196096,600,-357.9999999999997,229,0,1,False,0,pistol,,,,,,,61.65308801219074,9423.253124952316
196297,601,-425.99999999999955,201,0,1,False,0,pistol,,,,,,,61.6311871145287,9426.514551877975
196510,602,-331.99999999999983,213,0,1,False,0,pistol,,,,,,,61.61370804641856,9429.971673488617
196685,603,-341.49999999999983,175,0,1,False,0,pistol,,,,,,,2.5699142293114665,9498.06742310524
196895,604,-425.49999999999943,210,0,1,False,0,pistol,,,,,,,61.45621713653931,9501.484581947327
197076,605,-370.9999999999998,181,0,1,False,0,pistol,,,,,,,61.55590387124756,9504.425091981888
197285,606,-314.5999999999999,209,0,1,False,0,pistol,,,,,,,61.71586805000888,9507.811668634415
197486,607,-309.7,201,0,1,False,0,pistol,,,,,,,61.55018980385171,9511.077384710312
197661,608,-346.49999999999983,175,0,1,False,0,pistol,,,,,,,61.520171907061695,9513.922072172165
197868,609,-315.89999999999986,207,0,1,False,0,pistol,,,,,,,61.61532934274521,9517.281720161438
198055,610,-361.5999999999997,187,0,1,False,0,pistol,,,,,,,61.64271745618575,9520.315428972244
198214,611,-304.59999999999997,159,0,1,False,0,pistol,,,,,,,61.25586670668984,9522.911192893982
198443,612,-400.5999999999997,229,0,1,False,0,pistol,,,,,,,61.70190999921114,9526.622679948807
198655,613,-381.4999999999998,212,0,1,False,0,pistol,,,,,,,61.535362407401195,9530.067948102951
198854,614,-328.5999999999999,199,0,1,False,0,pistol,,,,,,,2.9052632311736293,9598.564420938492
199070,615,-403.99999999999955,216,0,1,False,0,pistol,,,,,,,61.674714079453985,9602.066767454147
199246,616,-328.9999999999999,176,0,1,False,0,pistol,,,,,,,61.533616290008865,9604.927082300186
199451,617,-323.4999999999999,205,0,1,False,0,pistol,,,,,,,61.611135847949605,9608.254500627518
199665,618,-363.59999999999974,214,0,1,False,0,pistol,,,,,,,61.69804042035564,9611.723123073578
199844,619,-360.2999999999997,179,0,1,False,0,pistol,,,,,,,61.683505410264345,9614.625124931335
200044,620,-386.49999999999966,200,0,1,False,0,pistol,,,,,,,61.587893643331654,9617.872616291046
200253,621,-360.99999999999983,209,0,1,False,0,pistol,,,,,,,61.65724053581149,9621.26241850853
200457,622,-397.2999999999996,204,0,1,False,0,pistol,,,,,,,61.55509756581844,9624.576617002487
200676,623,-367.99999999999966,219,0,1,False,0,pistol,,,,,,,60.446142411120135,9628.19977068901
200874,624,-344.39999999999986,198,0,1,False,0,pistol,,,,,,,2.897759456919991,9696.528510808945
201080,625,-356.2999999999998,206,0,1,False,0,pistol,,,,,,,61.540103609258594,9699.876016139984
201254,626,-341.2999999999998,174,0,1,False,0,pistol,,,,,,,61.32419111537748,9702.713493585587
201465,627,-382.39999999999964,211,0,1,False,0,pistol,,,,,,,61.70459431758759,9706.133102178574
201674,628,-410.5999999999995,209,0,1,False,0,pistol,,,,,,,61.69584854657395,9709.520779132843
201903,629,-416.99999999999966,229,0,1,False,0,pistol,,,,,,,59.95177221493255,9713.34060716629
202116,630,-385.6999999999996,213,0,1,False,0,pistol,,,,,,,61.58148987643609,9716.799544334412
202297,631,-342.69999999999976,181,0,1,False,0,pistol,,,,,,,61.34559390242582,9719.750134944916
202504,632,-330.1999999999998,207,0,1,False,0,pistol,,,,,,,61.644224411944464,9723.108195781708
202673,633,-325.9999999999999,169,0,1,False,0,pistol,,,,,,,61.46528851089807,9725.857807636261
202890,634,-339.5999999999998,217,0,1,False,0,pistol,,,,,,,3.1703376952247027,9794.304864406586
203067,635,-341.8999999999998,177,0,1,False,0,pistol,,,,,,,61.29712623615309,9797.192549943924
203254,636,-325.5999999999999,187,0,1,False,0,pistol,,,,,,,61.468118210094694,9800.234863519669
203457,637,-401.9999999999996,203,0,1,False,0,pistol,,,,,,,61.50343044246174,9803.535594940186
203637,638,-352.7999999999997,180,0,1,False,0,pistol,,,,,,,61.41570461099332,9806.466521501541
203800,639,-321.39999999999986,163,0,1,False,0,pistol,,,,,,,61.49039528987537,9809.117427825928
203978,640,-342.0999999999998,178,0,1,False,0,pistol,,,,,,,61.56919187241861,9812.00857591629
204206,641,-388.69999999999965,228,0,1,False,0,pistol,,,,,,,61.49944561827501,9815.71604847908
204443,642,-372.89999999999975,237,0,1,False,0,pistol,,,,,,,61.79091182259218,9819.551673412323
204639,643,-387.39999999999964,196,0,1,False,0,pistol,,,,,,,61.57604752528406,9822.734812021255
204852,644,-341.3999999999998,213,0,1,False,0,pistol,,,,,,,3.1201685787750013,9891.000449180603
205086,645,-358.89999999999975,234,0,1,False,0,pistol,,,,,,,61.09687319201046,9894.83052778244
205281,646,-367.7999999999997,195,0,1,False,0,pistol,,,,,,,61.510044378209834,9898.000838518143
205475,647,-387.5999999999996,194,0,1,False,0,pistol,,,,,,,61.301593421847144,9901.1656062603
205713,648,-382.0999999999997,238,0,1,False,0,pistol,,,,,,,61.46609847635871,9905.037766456604
205885,649,-345.8999999999998,172,0,1,False,0,pistol,,,,,,,61.13164491359869,9907.851466417313
206094,650,-408.2999999999996,209,0,1,False,0,pistol,,,,,,,61.142553715199746,9911.269812583923
206305,651,-358.9999999999997,211,0,1,False,0,pistol,,,,,,,61.235498590508094,9914.715635299683
206500,652,-330.0999999999999,195,0,1,False,0,pistol,,,,,,,61.43351145454439,9917.889893054962
206733,653,-367.29999999999984,233,0,1,False,0,pistol,,,,,,,61.498870517585935,9921.67872095108
206932,654,-364.5999999999997,199,0,1,False,0,pistol,,,,,,,2.86286946878671,9991.189481258392
207128,655,-380.5999999999997,196,0,1,False,0,pistol,,,,,,,61.52682865786957,9994.375180721283
207309,656,-375.2999999999998,181,0,1,False,0,pistol,,,,,,,61.21457543677842,9997.332099676132
207525,657,-338.29999999999984,216,0,1,False,0,pistol,,,,,,,61.11936539513441,10000.866269111633
207738,658,-349.6999999999998,213,0,1,False,0,pistol,,,,,,,61.22665747042432,10004.345240354538
207955,659,-332.1999999999998,217,0,1,False,0,pistol,,,,,,,61.53020135680074,10007.872044801712
208161,660,-311.69999999999993,206,0,1,False,0,pistol,,,,,,,61.672787407033276,10011.212336540222
208366,661,-381.79999999999967,205,0,1,False,0,pistol,,,,,,,59.963753907906025,10014.63115310669
208586,662,-332.1999999999998,220,0,1,False,0,pistol,,,,,,,61.17702001037311,10018.227369785309
208790,663,-335.5999999999999,204,0,1,False,0,pistol,,,,,,,61.375585251462304,10021.551276445389
208962,664,-340.8999999999998,172,0,1,False,0,pistol,,,,,,,2.5321130595084624,10089.478820800781
209169,665,-346.1999999999998,207,0,1,False,0,pistol,,,,,,,61.336379402635366,10092.853736639023
209387,666,-324.0999999999999,218,0,1,False,0,pistol,,,,,,,61.617390967990445,10096.391777992249
209601,667,-383.5999999999996,214,0,1,False,0,pistol,,,,,,,61.07842550976316,10099.895549297333
209814,668,-348.3999999999998,213,0,1,False,0,pistol,,,,,,,61.317380420069405,10103.369372367859
209981,669,-322.79999999999995,167,0,1,False,0,pistol,,,,,,,61.01464789664817,10106.1065056324
210213,670,-444.1999999999996,232,0,1,False,0,pistol,,,,,,,61.397813038745205,10109.885240793228
210407,671,-367.59999999999974,194,0,1,False,0,pistol,,,,,,,61.03578112555266,10113.063790082932
210612,672,-311.4999999999999,205,0,1,False,0,pistol,,,,,,,61.23996510350611,10116.411359071732
210832,673,-344.19999999999976,220,0,1,False,0,pistol,,,,,,,61.16620872228114,10120.008221149445
211014,674,-338.8999999999998,182,0,1,False,0,pistol,,,,,,,2.659040633426865,10188.454042196274
211226,675,-322.8999999999999,212,0,1,False,0,pistol,,,,,,,61.70413158885602,10191.889887571335
211402,676,-350.5999999999998,176,0,1,False,0,pistol,,,,,,,61.468712843965115,10194.753271818161
211631,677,-362.4999999999998,229,0,1,False,0,pistol,,,,,,,61.541484820520054,10198.474433660507
211788,678,-308.79999999999995,157,0,1,False,0,pistol,,,,,,,61.46953457278858,10201.028622627258
211955,679,-322.19999999999993,167,0,1,False,0,pistol,,,,,,,61.541648732180064,10203.742322444916
212168,680,-404.79999999999967,213,0,1,False,0,pistol,,,,,,,61.494923702555916,10207.206109762192
212363,681,-335.79999999999984,195,0,1,False,0,pistol,,,,,,,61.647532491064794,10210.369349956512
212558,682,-379.4999999999997,195,0,1,False,0,pistol,,,,,,,61.497113041506324,10213.540331363678
212732,683,-341.2999999999998,174,0,1,False,0,pistol,,,,,,,61.55778917954117,10216.367056131363
212911,684,-349.19999999999976,179,0,1,False,0,pistol,,,,,,,61.397966764907615,10219.28254199028
213123,685,-423.1999999999995,212,0,1,False,0,pistol,,,,,,,3.0762801237005855,10288.197035312653
213316,686,-381.0999999999997,193,0,1,False,0,pistol,,,,,,,61.22244922114445,10291.349576473236
213488,687,-340.8999999999998,172,0,1,False,0,pistol,,,,,,,61.24584225097185,10294.158027648926
213720,688,-354.8999999999997,232,0,1,False,0,pistol,,,,,,,61.636042507574984,10297.922143697739
213897,689,-348.19999999999976,177,0,1,False,0,pistol,,,,,,,61.544914438858214,10300.79817533493
214058,690,-310.69999999999993,161,0,1,False,0,pistol,,,,,,,61.61418872009417,10303.411309480667
214280,691,-322.89999999999986,222,0,1,False,0,pistol,,,,,,,61.58237918233807,10307.016315698624
214482,692,-365.1999999999997,202,0,1,False,0,pistol,,,,,,,61.45351039596833,10310.303431034088
214677,693,-361.4999999999998,195,0,1,False,0,pistol,,,,,,,59.623642239460985,10313.57404756546
214885,694,-420.09999999999945,208,0,1,False,0,pistol,,,,,,,61.51694961924536,10316.95530962944
215057,695,-332.39999999999986,172,0,1,False,0,pistol,,,,,,,2.5282921143707187,10384.985511302948
215292,696,-322.0999999999999,235,0,1,False,0,pistol,,,,,,,61.67996850112251,10388.795611143112
215536,697,-375.2999999999997,244,0,1,False,0,pistol,,,,,,,61.628843409013086,10392.754904270172
215763,698,-339.89999999999986,227,0,1,False,0,pistol,,,,,,,61.70411819624915,10396.433871984482
215959,699,-339.99999999999983,196,0,1,False,0,pistol,,,,,,,61.438418918239236,10399.624158620834
216166,700,-412.49999999999966,207,0,1,False,0,pistol,,,,,,,61.078075061329855,10403.0133497715
216369,701,-383.69999999999965,203,0,1,False,0,pistol,,,,,,,61.457807129981134,10406.316510438919
216550,702,-358.9999999999998,181,0,1,False,0,pistol,,,,,,,61.66533445589616,10409.251811027527
216754,703,-385.5999999999996,204,0,1,False,0,pistol,,,,,,,61.602987108153364,10412.563443899155
216936,704,-330.89999999999986,182,0,1,False,0,pistol,,,,,,,61.63758668454356,10415.51629447937
217134,705,-398.09999999999957,198,0,1,False,0,pistol,,,,,,,2.887851633050629,10484.079489707947
217333,706,-399.99999999999955,199,0,1,False,0,pistol,,,,,,,61.443435870523246,10487.318335056305
217555,707,-345.19999999999976,222,0,1,False,0,pistol,,,,,,,61.18244367993215,10490.946914196014
217772,708,-445.19999999999936,217,0,1,False,0,pistol,,,,,,,61.39028588082866,10494.481776475906
217992,709,-337.1999999999998,220,0,1,False,0,pistol,,,,,,,61.51644226228206,10498.058141231537
218225,710,-368.09999999999985,233,0,1,False,0,pistol,,,,,,,61.59505642599324,10501.84100818634
218441,711,-332.59999999999985,216,0,1,False,0,pistol,,,,,,,61.37242440574465,10505.360625505447
218610,712,-332.29999999999984,169,0,1,False,0,pistol,,,,,,,61.242708350523095,10508.120233535767
218841,713,-405.39999999999964,231,0,1,False,0,pistol,,,,,,,61.40453087765292,10511.882269144058
219044,714,-407.0999999999995,203,0,1,False,0,pistol,,,,,,,61.482192994928084,10515.184119224548
219229,715,-337.79999999999984,185,0,1,False,0,pistol,,,,,,,2.6751076758035106,10584.340329408646
219438,716,-459.59999999999945,209,0,1,False,0,pistol,,,,,,,61.56124068919187,10587.735431194305
219665,717,-333.4999999999999,227,0,1,False,0,pistol,,,,,,,61.716229297731395,10591.413652658463
219887,718,-373.89999999999975,222,0,1,False,0,pistol,,,,,,,61.5952439779234,10595.01792550087
220060,719,-346.0999999999998,173,0,1,False,0,pistol,,,,,,,61.64293571805822,10597.82450890541
220273,720,-310.7999999999999,213,0,1,False,0,pistol,,,,,,,61.73462865109702,10601.274874925613
220498,721,-353.1999999999997,225,0,1,False,0,pistol,,,,,,,61.70981975878908,10604.921075344086
220688,722,-391.0999999999997,190,0,1,False,0,pistol,,,,,,,61.57352111718411,10608.006897449493
220918,723,-406.7999999999996,230,0,1,False,0,pistol,,,,,,,61.74467557816713,10611.732020378113
221113,724,-370.4999999999997,195,0,1,False,0,pistol,,,,,,,60.32104729153915,10614.964804887772
221321,725,-420.09999999999945,208,0,1,False,0,pistol,,,,,,,3.042529470475998,10683.329065084457
221547,726,-356.2999999999999,226,0,1,False,0,pistol,,,,,,,61.6844291885063,10686.99298119545
221741,727,-387.5999999999996,194,0,1,False,0,pistol,,,,,,,61.51025395190892,10690.147020339966
221956,728,-446.49999999999943,215,0,1,False,0,pistol,,,,,,,61.68266255309998,10693.632703065872
222137,729,-342.6999999999998,181,0,1,False,0,pistol,,,,,,,61.482511714912945,10696.57673740387
222356,730,-383.99999999999966,219,0,1,False,0,pistol,,,,,,,61.669362641824705,10700.128022432327
222559,731,-400.79999999999956,203,0,1,False,0,pistol,,,,,,,61.533086139224,10703.427166938782
222775,732,-381.6999999999996,216,0,1,False,0,pistol,,,,,,,61.70817797643118,10706.92762351036
222973,733,-392.39999999999964,198,0,1,False,0,pistol,,,,,,,61.67449155643854,10710.13812494278
223184,734,-362.39999999999975,211,0,1,False,0,pistol,,,,,,,61.6282212999557,10713.561980247498
223389,735,-401.79999999999956,205,0,1,False,0,pistol,,,,,,,2.9906927976841904,10782.10807466507
223613,736,-387.29999999999956,224,0,1,False,0,pistol,,,,,,,61.65899297138321,10785.74110865593
223848,737,-388.99999999999966,235,0,1,False,0,pistol,,,,,,,61.559305689790044,10789.55864739418
224042,738,-374.19999999999976,194,0,1,False,0,pistol,,,,,,,61.49047545421391,10792.713709115982
224243,739,-404.3999999999995,201,0,1,False,0,pistol,,,,,,,61.62810098657728,10795.975289821625
224418,740,-341.4999999999998,175,0,1,False,0,pistol,,,,,,,61.38073265529383,10798.82644033432
224618,741,-334.49999999999983,200,0,1,False,0,pistol,,,,,,,61.46022215366125,10802.080656051636
224816,742,-368.39999999999975,198,0,1,False,0,pistol,,,,,,,61.54970918734098,10805.297646522522
225018,743,-406.8999999999995,202,0,1,False,0,pistol,,,,,,,61.6381498691648,10808.574920892715
225244,744,-359.6999999999997,226,0,1,False,0,pistol,,,,,,,61.57649993185686,10812.245261669159
225452,745,-384.09999999999957,208,0,1,False,0,pistol,,,,,,,3.016207260408247,10881.20611691475
225658,746,-347.69999999999976,206,0,1,False,0,pistol,,,,,,,61.584379261415066,10884.55120062828
225839,747,-361.5999999999998,181,0,1,False,0,pistol,,,,,,,61.727969383239085,10887.483521699905
226070,748,-410.1999999999996,231,0,1,False,0,pistol,,,,,,,61.66167484720206,10891.229849815369
226280,749,-324.49999999999983,210,0,1,False,0,pistol,,,,,,,61.75301663362974,10894.630589723587
226470,750,-368.4999999999997,190,0,1,False,0,pistol,,,,,,,61.43756851728216,10897.723256111145
226704,751,-373.29999999999967,234,0,1,False,0,pistol,,,,,,,61.584322835892706,10901.523043870926
226897,752,-408.39999999999964,193,0,1,False,0,pistol,,,,,,,61.457009889293964,10904.66357421875
227113,753,-403.99999999999955,216,0,1,False,0,pistol,,,,,,,61.51528797757509,10908.174990653992
227267,754,-301.29999999999995,154,0,1,False,0,pistol,,,,,,,61.51413870486408,10910.67858839035
227463,755,-380.5999999999997,196,0,1,False,0,pistol,,,,,,,2.875333607966229,10978.844670534134
227635,756,-340.8999999999998,172,0,1,False,0,pistol,,,,,,,61.638354006606754,10981.635220766068
227826,757,-386.29999999999967,191,0,1,False,0,pistol,,,,,,,61.59058018898206,10984.73644733429
228026,758,-399.09999999999957,200,0,1,False,0,pistol,,,,,,,61.70569604982705,10987.977752447128
228235,759,-326.99999999999983,209,0,1,False,0,pistol,,,,,,,61.7960325912368,10991.359944105148
228448,760,-408.69999999999965,213,0,1,False,0,pistol,,,,,,,61.66874282324022,10994.814000606537
228680,761,-354.5999999999997,232,0,1,False,0,pistol,,,,,,,61.722710424473355,10998.572862386703
228913,762,-368.9999999999998,233,0,1,False,0,pistol,,,,,,,61.54895122974419,11002.358552455902
229089,763,-341.6999999999998,176,0,1,False,0,pistol,,,,,,,61.30511439355442,11005.229531526566
229315,764,-345.9999999999998,226,0,1,False,0,pistol,,,,,,,61.464794515227325,11008.906514883041
229548,765,-336.9999999999999,233,0,1,False,0,pistol,,,,,,,3.382009877515237,11077.800557374954
229783,766,-410.7999999999996,235,0,1,False,0,pistol,,,,,,,61.78462180339674,11081.604179143906
229956,767,-327.79999999999984,173,0,1,False,0,pistol,,,,,,,61.45653392796585,11084.419287919998
230147,768,-381.29999999999967,191,0,1,False,0,pistol,,,,,,,61.3844309329044,11087.530906438828
230324,769,-352.7999999999997,177,0,1,False,0,pistol,,,,,,,61.60589418241089,11090.404128074646
230544,770,-333.39999999999986,220,0,1,False,0,pistol,,,,,,,61.56707501126927,11093.977575063705
230757,771,-390.2999999999997,213,0,1,False,0,pistol,,,,,,,61.65961743829409,11097.43212556839
230970,772,-327.3999999999999,213,0,1,False,0,pistol,,,,,,,61.704947485437756,11100.88414812088
231133,773,-321.3999999999999,163,0,1,False,0,pistol,,,,,,,61.44396835445541,11103.537077665329
231345,774,-325.4999999999999,212,0,1,False,0,pistol,,,,,,,61.63360437932243,11106.976839065552
231544,775,-399.5999999999996,199,0,1,False,0,pistol,,,,,,,2.8630282493580164,11176.483747005463
231716,776,-345.89999999999986,172,0,1,False,0,pistol,,,,,,,61.608692132243,11179.275643110275
231899,777,-362.6999999999997,183,0,1,False,0,pistol,,,,,,,61.578552729465976,11182.247531175613
232074,778,-327.0999999999999,175,0,1,False,0,pistol,,,,,,,61.6089312080527,11185.088127613068
232283,779,-402.59999999999957,209,0,1,False,0,pistol,,,,,,,61.63114016228373,11188.479372501373
232507,780,-371.4999999999998,224,0,1,False,0,pistol,,,,,,,61.66591739630661,11192.111953735352
232679,781,-340.8999999999998,172,0,1,False,0,pistol,,,,,,,61.35513888417583,11194.915413618088
232909,782,-369.0999999999997,230,0,1,False,0,pistol,,,,,,,61.65466698494535,11198.64594912529
233077,783,-322.39999999999986,168,0,1,False,0,pistol,,,,,,,61.50451409952369,11201.377561092377
233311,784,-399.79999999999984,234,0,1,False,0,pistol,,,,,,,61.654438137452225,11205.173012018204
233507,785,-292.49999999999994,196,0,1,False,0,pistol,,,,,,,2.849826129228714,11273.949251174927
233725,786,-367.7999999999997,218,0,1,False,0,pistol,,,,,,,61.66527942680505,11277.484548807144
233945,787,-404.7999999999995,220,0,1,False,0,pistol,,,,,,,61.5093768870744,11281.061324834824
234173,788,-357.6999999999998,228,0,1,False,0,pistol,,,,,,,61.81649169686651,11284.74973988533
234370,789,-364.1999999999997,197,0,1,False,0,pistol,,,,,,,61.61580670060561,11287.94705247879
234584,790,-429.8999999999996,214,0,1,False,0,pistol,,,,,,,61.68234844280394,11291.41654253006
234789,791,-321.4999999999999,205,0,1,False,0,pistol,,,,,,,61.61822672877849,11294.743575572968
234952,792,-321.39999999999986,163,0,1,False,0,pistol,,,,,,,61.65586497299727,11297.387367486954
235165,793,-335.7999999999998,213,0,1,False,0,pistol,,,,,,,61.43920141883059,11300.854298114777
235365,794,-404.49999999999966,200,0,1,False,0,pistol,,,,,,,61.428767054071415,11304.110192537308
235570,795,-399.49999999999955,205,0,1,False,0,pistol,,,,,,,2.96935392108839,11373.14889383316
235778,796,-416.7999999999995,208,0,1,False,0,pistol,,,,,,,61.61678896815999,11376.524704933167
235956,797,-318.09999999999985,178,0,1,False,0,pistol,,,,,,,61.57662110109888,11379.415509939194
236156,798,-412.7999999999996,200,0,1,False,0,pistol,,,,,,,61.63519064341579,11382.660506486893
236351,799,-350.4999999999998,195,0,1,False,0,pistol,,,,,,,61.5791822743593,11385.827259778976
236581,800,-391.49999999999966,230,0,1,False,0,pistol,,,,,,,61.66533953014573,11389.557181835175
236789,801,-454.79999999999944,208,0,1,False,0,pistol,,,,,,,61.598747090367894,11392.93397283554
236981,802,-349.4999999999998,192,0,1,False,0,pistol,,,,,,,61.35837732947413,11396.063235998154
237162,803,-365.9999999999997,181,0,1,False,0,pistol,,,,,,,61.587494113376074,11399.002245426178
237404,804,-356.0999999999998,242,0,1,False,0,pistol,,,,,,,61.6000779725108,11402.930926561356
237621,805,-365.8999999999997,217,0,1,False,0,pistol,,,,,,,3.1499536374017225,11471.820940256119
237826,806,-413.7999999999995,205,0,1,False,0,pistol,,,,,,,61.79516914767556,11475.138458490372
238010,807,-360.9999999999997,184,0,1,False,0,pistol,,,,,,,61.61849040306895,11478.124665737152
238174,808,-326.59999999999985,164,0,1,False,0,pistol,,,,,,,61.371677888959304,11480.796988010406
238380,809,-329.9999999999999,206,0,1,False,0,pistol,,,,,,,61.55188346877774,11484.143872737885
238600,810,-387.0999999999996,220,0,1,False,0,pistol,,,,,,,61.71882234135952,11487.708511352539
238795,811,-373.49999999999966,195,0,1,False,0,pistol,,,,,,,61.454366435422706,11490.881682395935
239014,812,-390.5999999999997,219,0,1,False,0,pistol,,,,,,,61.7319823998986,11494.42938375473
239228,813,-313.2999999999999,214,0,1,False,0,pistol,,,,,,,61.65070047416269,11497.900647640228
239445,814,-317.89999999999986,217,0,1,False,0,pistol,,,,,,,61.58448691534964,11501.424364566803
239661,815,-399.99999999999966,216,0,1,False,0,pistol,,,,,,,3.143750842699179,11570.13221359253
239871,816,-404.49999999999955,210,0,1,False,0,pistol,,,,,,,61.586603266117436,11573.542129993439
240049,817,-359.6999999999998,178,0,1,False,0,pistol,,,,,,,61.51925491265026,11576.435646772385
240253,818,-353.69999999999976,204,0,1,False,0,pistol,,,,,,,61.44122649507164,11579.755998134613
240458,819,-349.7999999999998,205,0,1,False,0,pistol,,,,,,,61.3760816877945,11583.096170902252
240673,820,-385.4999999999996,215,0,1,False,0,pistol,,,,,,,61.67406928461938,11586.582339286804
240877,821,-351.8999999999998,204,0,1,False,0,pistol,,,,,,,61.55655894267854,11589.896465301514
241077,822,-392.7999999999996,200,0,1,False,0,pistol,,,,,,,61.59612874214519,11593.143540859222
241289,823,-372.09999999999985,212,0,1,False,0,pistol,,,,,,,61.65175324529002,11596.582302570343
241515,824,-355.6999999999997,226,0,1,False,0,pistol,,,,,,,61.75393040029874,11600.242076396942
241696,825,-372.79999999999984,181,0,1,False,0,pistol,,,,,,,2.65186394868677,11668.496034383774
241917,826,-349.5999999999998,221,0,1,False,0,pistol,,,,,,,61.64090412129838,11672.081417560577
242078,827,-312.9999999999999,161,0,1,False,0,pistol,,,,,,,61.50443334023412,11674.69919347763
242237,828,-310.8999999999999,159,0,1,False,0,pistol,,,,,,,61.57031733402416,11677.281706571579
242454,829,-376.79999999999984,217,0,1,False,0,pistol,,,,,,,61.68533055008658,11680.79965209961
242647,830,-362.7999999999997,193,0,1,False,0,pistol,,,,,,,61.640684980876934,11683.930782794952
242827,831,-352.7999999999997,180,0,1,False,0,pistol,,,,,,,61.286773092208755,11686.867901802063
243047,832,-338.39999999999986,220,0,1,False,0,pistol,,,,,,,61.60886374777316,11690.4389295578
243265,833,-372.3999999999997,218,0,1,False,0,pistol,,,,,,,61.793661251612576,11693.966904640198
243469,834,-365.89999999999986,204,0,1,False,0,pistol,,,,,,,61.556155950009355,11697.281070232391
243694,835,-357.7999999999997,225,0,1,False,0,pistol,,,,,,,61.672665752758796,11700.92944407463
243872,836,-350.6999999999998,178,0,1,False,0,pistol,,,,,,,2.573233310980782,11770.10322189331
244088,837,-365.9999999999999,216,0,1,False,0,pistol,,,,,,,61.74121957303086,11773.601804733276
244297,838,-428.1999999999996,209,0,1,False,0,pistol,,,,,,,61.68397502804282,11776.990139245987
244490,839,-389.6999999999997,193,0,1,False,0,pistol,,,,,,,61.69208655419232,11780.118674755096
244700,840,-416.4999999999995,210,0,1,False,0,pistol,,,,,,,61.66818000896873,11783.524107933044
244873,841,-346.0999999999998,173,0,1,False,0,pistol,,,,,,,61.497483789857085,11786.337334871292
245086,842,-377.79999999999984,213,0,1,False,0,pistol,,,,,,,61.644615797029296,11789.792702913284
245290,843,-343.2999999999998,204,0,1,False,0,pistol,,,,,,,61.58948487608402,11793.105055570602
245513,844,-389.7999999999998,223,0,1,False,0,pistol,,,,,,,61.455274199863425,11796.733820438385
245727,845,-373.29999999999967,214,0,1,False,0,pistol,,,,,,,61.60139105684852,11800.207871198654
245935,846,-423.3999999999996,208,0,1,False,0,pistol,,,,,,,3.031350015712953,11868.824247837067
246134,847,-412.9999999999996,199,0,1,False,0,pistol,,,,,,,61.52934581809229,11872.058570861816
246352,848,-342.6999999999998,218,0,1,False,0,pistol,,,,,,,61.69532038126803,11875.592161178589
246549,849,-335.59999999999985,197,0,1,False,0,pistol,,,,,,,61.709829078691584,11878.784628629684
246727,850,-352.3999999999998,178,0,1,False,0,pistol,,,,,,,61.67658447788098,11881.670729160309
246940,851,-372.9999999999997,213,0,1,False,0,pistol,,,,,,,61.58231763050558,11885.129607439041
247124,852,-367.2999999999997,184,0,1,False,0,pistol,,,,,,,61.57190595266997,11888.118093013763
247360,853,-415.9999999999996,236,0,1,False,0,pistol,,,,,,,61.76470532444424,11891.939127922058
247571,854,-367.99999999999983,211,0,1,False,0,pistol,,,,,,,61.68957462126007,11895.359571933746
247776,855,-307.49999999999994,205,0,1,False,0,pistol,,,,,,,61.38063400285061,11898.699492931366
247986,856,-402.19999999999953,210,0,1,False,0,pistol,,,,,,,3.057623061059123,11967.380375623703
248236,857,-392.0999999999997,250,0,1,False,0,pistol,,,,,,,61.749737648886466,11971.429076910019
248453,858,-381.89999999999964,217,0,1,False,0,pistol,,,,,,,61.62212119970874,11974.950648069382
248607,859,-301.29999999999995,154,0,1,False,0,pistol,,,,,,,61.5445757457002,11977.452992677689
248807,860,-392.7999999999996,200,0,1,False,0,pistol,,,,,,,61.63990078664536,11980.697760820389
249006,861,-400.59999999999957,199,0,1,False,0,pistol,,,,,,,61.62673770084869,11983.926976442337
249182,862,-315.9999999999999,176,0,1,False,0,pistol,,,,,,,61.32181301186484,11986.79718375206
249399,863,-332.79999999999984,217,0,1,False,0,pistol,,,,,,,61.60269373213463,11990.319869995117
249610,864,-392.69999999999965,211,0,1,False,0,pistol,,,,,,,61.60290281839788,11993.745151042938
249783,865,-341.0999999999998,173,0,1,False,0,pistol,,,,,,,61.356508986315475,11996.564820766449
250028,866,-357.7999999999997,245,0,1,False,0,pistol,,,,,,,3.5427504951649684,12065.720225334167
250206,867,-342.0999999999998,178,0,1,False,0,pistol,,,,,,,61.56367316189519,12068.611624002457
250381,868,-347.7999999999998,175,0,1,False,0,pistol,,,,,,,61.57688142139628,12071.453696012497
250594,869,-351.39999999999975,213,0,1,False,0,pistol,,,,,,,61.623601955016035,12074.910252571106
250842,870,-354.9999999999998,248,0,1,False,0,pistol,,,,,,,61.6789369036158,12078.931167840958
251055,871,-331.3999999999998,213,0,1,False,0,pistol,,,,,,,61.75791258201675,12082.38021326065
251255,872,-400.79999999999956,200,0,1,False,0,pistol,,,,,,,61.46914381769872,12085.633982181549
251471,873,-353.69999999999976,216,0,1,False,0,pistol,,,,,,,61.592971585109446,12089.140974521637
251689,874,-452.3999999999995,218,0,1,False,0,pistol,,,,,,,61.67113553248448,12092.67597603798
251906,875,-439.59999999999934,217,0,1,False,0,pistol,,,,,,,3.142341301839645,12161.7328915596
252107,876,-394.6999999999996,201,0,1,False,0,pistol,,,,,,,61.7256231574129,12164.989360570908
252300,877,-387.39999999999964,193,0,1,False,0,pistol,,,,,,,61.71868061657635,12168.116554260254
252476,878,-341.6999999999998,176,0,1,False,0,pistol,,,,,,,61.461143637393015,12170.980237960815
252691,879,-398.49999999999955,215,0,1,False,0,pistol,,,,,,,61.74576578379038,12174.462337732315
252896,880,-363.9999999999998,205,0,1,False,0,pistol,,,,,,,61.65823732193877,12177.787199497223
253095,881,-400.59999999999957,199,0,1,False,0,pistol,,,,,,,61.67234569583341,12181.014009952545
253320,882,-351.4999999999998,225,0,1,False,0,pistol,,,,,,,61.761004428878586,12184.657168388367
253515,883,-387.49999999999966,195,0,1,False,0,pistol,,,,,,,61.7197836798498,12187.816685199738
253750,884,-375.3999999999997,235,0,1,False,0,pistol,,,,,,,61.625220099798376,12191.630168437958
253963,885,-354.0999999999998,213,0,1,False,0,pistol,,,,,,,3.1026913009376416,12260.280352592468
254173,886,-314.1999999999999,210,0,1,False,0,pistol,,,,,,,61.61574412508893,12263.688688993454
254407,887,-424.89999999999964,234,0,1,False,0,pistol,,,,,,,61.777143781155935,12267.4766061306
254610,888,-317.29999999999995,203,0,1,False,0,pistol,,,,,,,61.34727758232373,12270.785735368729
254811,889,-400.99999999999955,201,0,1,False,0,pistol,,,,,,,61.5814097948655,12274.049809455872
254991,890,-329.79999999999984,180,0,1,False,0,pistol,,,,,,,61.423739304690905,12276.980372667313
255215,891,-382.2999999999997,224,0,1,False,0,pistol,,,,,,,61.58449303562468,12280.617733240128
255408,892,-401.0999999999997,193,0,1,False,0,pistol,,,,,,,61.66226489614735,12283.747765302658
255615,893,-402.7999999999996,207,0,1,False,0,pistol,,,,,,,61.56096813881898,12287.110367059708
255799,894,-369.89999999999975,184,0,1,False,0,pistol,,,,,,,61.57389059765259,12290.09874844551
256019,895,-333.39999999999986,220,0,1,False,0,pistol,,,,,,,3.1501117563746024,12359.937637329102
256235,896,-332.59999999999985,216,0,1,False,0,pistol,,,,,,,61.743487564779166,12363.436073064804
256407,897,-340.8999999999998,172,0,1,False,0,pistol,,,,,,,61.41287419065871,12366.236869335175
256588,898,-360.39999999999975,181,0,1,False,0,pistol,,,,,,,61.47435179242458,12369.181270122528
256803,899,-375.79999999999967,215,0,1,False,0,pistol,,,,,,,61.75503877497884,12372.662875652313
257033,900,-343.1999999999998,230,0,1,False,0,pistol,,,,,,,61.67254598143258,12376.392337799072
257214,901,-360.9999999999997,181,0,1,False,0,pistol,,,,,,,61.48279055468535,12379.33636212349
257426,902,-396.8999999999997,212,0,1,False,0,pistol,,,,,,,61.64590187846891,12382.775470972061
257635,903,-425.29999999999944,209,0,1,False,0,pistol,,,,,,,61.705324592098876,12386.162618398666
257851,904,-346.6999999999998,216,0,1,False,0,pistol,,,,,,,61.616442755489814,12389.668278455734
258055,905,-347.2999999999998,204,0,1,False,0,pistol,,,,,,,2.953879397454709,12458.73009634018
258267,906,-404.8999999999995,212,0,1,False,0,pistol,,,,,,,61.761471863666856,12462.162753105164
258467,907,-392.8999999999997,200,0,1,False,0,pistol,,,,,,,61.749083105827374,12465.4017598629
258685,908,-342.0999999999998,218,0,1,False,0,pistol,,,,,,,61.47331943576696,12468.948138713837
258869,909,-356.29999999999984,184,0,1,False,0,pistol,,,,,,,61.38341900212724,12471.945796728134
259082,910,-331.3999999999998,213,0,1,False,0,pistol,,,,,,,60.967099115929834,12475.439581632614
259320,911,-400.0999999999996,238,0,1,False,0,pistol,,,,,,,61.49683066982117,12479.309780836105
259516,912,-359.39999999999975,196,0,1,False,0,pistol,,,,,,,61.50807432113437,12482.496450185776
259688,913,-340.8999999999998,172,0,1,False,0,pistol,,,,,,,61.42665813041209,12485.296618700027
259889,914,-328.3999999999998,201,0,1,False,0,pistol,,,,,,,61.43528543642399,12488.568436145782
260057,915,-322.99999999999994,168,0,1,False,0,pistol,,,,,,,61.53922964685576,12491.29851436615
260256,916,-405.59999999999957,199,0,1,False,0,pistol,,,,,,,2.869129113961175,12560.657619714737
260441,917,-366.79999999999984,185,0,1,False,0,pistol,,,,,,,61.6195126940623,12563.659997701645
260659,918,-343.29999999999984,218,0,1,False,0,pistol,,,,,,,61.462079950462424,12567.206990718842
260863,919,-335.79999999999995,204,0,1,False,0,pistol,,,,,,,61.752228675750686,12570.510598182678
261054,920,-345.29999999999984,191,0,1,False,0,pistol,,,,,,,61.718572018156124,12573.605373382568
261281,921,-396.1999999999997,227,0,1,False,0,pistol,,,,,,,61.717093415305854,12577.28356385231
261512,922,-373.3999999999997,231,0,1,False,0,pistol,,,,,,,61.77163237750764,12581.023234128952
261728,923,-472.3999999999994,216,0,1,False,0,pistol,,,,,,,61.6956048036744,12584.524395942688
261932,924,-396.89999999999964,204,0,1,False,0,pistol,,,,,,,61.64009217363378,12587.834011793137
262134,925,-401.1999999999996,202,0,1,False,0,pistol,,,,,,,61.67537351025388,12591.109317302704
262333,926,-368.59999999999974,199,0,1,False,0,pistol,,,,,,,2.8965162536932323,12659.812640428543
262516,927,-356.0999999999998,183,0,1,False,0,pistol,,,,,,,61.54099525203775,12662.78637456894
262730,928,-428.1999999999996,214,0,1,False,0,pistol,,,,,,,61.67835994219318,12666.256085395813
262936,929,-319.6999999999999,206,0,1,False,0,pistol,,,,,,,61.5939234904429,12669.600667476654
263164,930,-461.39999999999947,228,0,1,False,0,pistol,,,,,,,61.69096436656601,12673.296622037888
263374,931,-323.39999999999986,210,0,1,False,0,pistol,,,,,,,61.57708374915278,12676.70706319809
263592,932,-397.3999999999997,218,0,1,False,0,pistol,,,,,,,61.62642357536647,12680.244614124298
263810,933,-395.09999999999957,218,0,1,False,0,pistol,,,,,,,61.67032442876806,12683.779631137848
264033,934,-355.0999999999998,223,0,1,False,0,pistol,,,,,,,61.64763340408338,12687.397045135498
264219,935,-361.39999999999975,186,0,1,False,0,pistol,,,,,,,2.711894917819515,12755.983889818192
264423,936,-364.2999999999998,204,0,1,False,0,pistol,,,,,,,61.6636627265702,12759.292267799377
264586,937,-327.0,163,0,1,False,0,pistol,,,,,,,61.5564731436219,12761.940326452255
264772,938,-367.0999999999997,186,0,1,False,0,pistol,,,,,,,61.58821799122479,12764.960467338562
265003,939,-375.5999999999997,231,0,1,False,0,pistol,,,,,,,61.758689972893684,12768.7009100914
265208,940,-399.49999999999955,205,0,1,False,0,pistol,,,,,,,61.60819577457321,12772.028498411179
265409,941,-409.89999999999964,201,0,1,False,0,pistol,,,,,,,61.651391990859516,12775.288865566254
265592,942,-325.39999999999986,183,0,1,False,0,pistol,,,,,,,61.52495830043231,12778.26336979866
265809,943,-340.7999999999998,217,0,1,False,0,pistol,,,,,,,61.689273158132565,12781.781099796295
265972,944,-321.3999999999999,163,0,1,False,0,pistol,,,,,,,61.28610912303701,12784.44087266922
266162,945,-380.49999999999966,190,0,1,False,0,pistol,,,,,,,61.50063293537469,12787.530356645584
266345,946,-331.7999999999999,183,0,1,False,0,pistol,,,,,,,2.677025807757955,12855.889890670776
266552,947,-360.89999999999975,207,0,1,False,0,pistol,,,,,,,61.735093151117994,12859.243029594421
266768,948,-386.29999999999967,216,0,1,False,0,pistol,,,,,,,61.732990560668796,12862.74207854271
266940,949,-340.8999999999998,172,0,1,False,0,pistol,,,,,,,61.54120538718643,12865.537070989609
267129,950,-377.99999999999966,189,0,1,False,0,pistol,,,,,,,61.428311747787944,12868.613941192627
267347,951,-401.0999999999997,218,0,1,False,0,pistol,,,,,,,61.68057502087144,12872.14840388298
267524,952,-349.89999999999975,177,0,1,False,0,pistol,,,,,,,61.633215887996336,12875.02034163475
267744,953,-326.49999999999983,220,0,1,False,0,pistol,,,,,,,61.663291295900464,12878.58820271492
267948,954,-353.5999999999998,204,0,1,False,0,pistol,,,,,,,61.54077974371231,12881.903156280518
268133,955,-343.4999999999998,185,0,1,False,0,pistol,,,,,,,61.697356204389195,12884.901776075363
268359,956,-364.6999999999998,226,0,1,False,0,pistol,,,,,,,3.230103234542296,12954.868695735931
268566,957,-414.59999999999957,207,0,1,False,0,pistol,,,,,,,60.10586934689091,12958.312739133835
268795,958,-389.9999999999998,229,0,1,False,0,pistol,,,,,,,61.63692215442593,12962.028126478195
268999,959,-355.1999999999998,204,0,1,False,0,pistol,,,,,,,61.644617423383885,12965.337527751923
269190,960,-353.2999999999998,191,0,1,False,0,pistol,,,,,,,61.519738431011504,12968.442331314087
269360,961,-334.79999999999984,170,0,1,False,0,pistol,,,,,,,61.3508354700487,12971.213361740112
269528,962,-321.79999999999984,168,0,1,False,0,pistol,,,,,,,61.46133419114597,12973.94692993164
269723,963,-376.1999999999997,195,0,1,False,0,pistol,,,,,,,61.354453124665945,12977.125324487686
269929,964,-409.99999999999966,206,0,1,False,0,pistol,,,,,,,61.427770881190476,12980.479000329971
270151,965,-409.09999999999974,222,0,1,False,0,pistol,,,,,,,61.503970590187734,12984.088653326035
270369,966,-439.79999999999933,218,0,1,False,0,pistol,,,,,,,3.1446852627573225,13053.412132263184
270571,967,-365.1999999999997,202,0,1,False,0,pistol,,,,,,,61.55256178344976,13056.693976640701
270768,968,-401.1999999999996,197,0,1,False,0,pistol,,,,,,,61.45102735956544,13059.899933338165
270940,969,-340.8999999999998,172,0,1,False,0,pistol,,,,,,,61.31201020398971,13062.705404520035
271162,970,-349.19999999999976,222,0,1,False,0,pistol,,,,,,,61.45527947457376,13066.317945241928
271373,971,-353.6999999999998,211,0,1,False,0,pistol,,,,,,,61.52809010011649,13069.747443914413
271528,972,-301.49999999999994,155,0,1,False,0,pistol,,,,,,,61.23837481156108,13072.278685569763
271740,973,-392.8999999999996,212,0,1,False,0,pistol,,,,,,,60.16406064036702,13075.80254817009
271921,974,-360.3999999999997,181,0,1,False,0,pistol,,,,,,,61.38248207347359,13078.751439332962
272158,975,-394.79999999999967,237,0,1,False,0,pistol,,,,,,,61.51852174350556,13082.604099750519
272359,976,-403.6999999999996,201,0,1,False,0,pistol,,,,,,,61.485763912870375,13085.873299360275
272540,977,-360.39999999999975,181,0,1,False,0,pistol,,,,,,,2.6433569247824904,13154.347000837326
272778,978,-384.39999999999964,238,0,1,False,0,pistol,,,,,,,61.381256219633556,13158.224509239197
272974,979,-340.39999999999986,196,0,1,False,0,pistol,,,,,,,61.298565617730155,13161.422136068344
273178,980,-405.1999999999996,204,0,1,False,0,pistol,,,,,,,61.16671657628011,13164.757430315018
273364,981,-366.39999999999975,186,0,1,False,0,pistol,,,,,,,61.29260927014125,13167.79219865799
273552,982,-362.9999999999997,188,0,1,False,0,pistol,,,,,,,61.222505104339554,13170.863116264343
273738,983,-348.8999999999998,186,0,1,False,0,pistol,,,,,,,61.41998877791281,13173.891603946686
273971,984,-407.39999999999964,233,0,1,False,0,pistol,,,,,,,61.314759248650276,13177.691815376282
274167,985,-357.59999999999985,196,0,1,False,0,pistol,,,,,,,61.21540919643435,13180.893783807755
274396,986,-356.29999999999984,229,0,1,False,0,pistol,,,,,,,61.311888649697316,13184.628963470459
274618,987,-374.1999999999997,222,0,1,False,0,pistol,,,,,,,3.192999757326179,13254.15620970726
274802,988,-367.2999999999997,184,0,1,False,0,pistol,,,,,,,60.952608172738984,13257.175103902817
275024,989,-367.2999999999997,222,0,1,False,0,pistol,,,,,,,61.33280357230369,13260.794834136963
275230,990,-330.59999999999985,206,0,1,False,0,pistol,,,,,,,61.22591219014992,13264.159566402435
275393,991,-321.99999999999994,163,0,1,False,0,pistol,,,,,,,60.850413189450876,13266.838430643082
275606,992,-330.79999999999984,213,0,1,False,0,pistol,,,,,,,61.35327470233881,13270.310309171677
275854,993,-354.3999999999998,248,0,1,False,0,pistol,,,,,,,61.480880408367554,13274.344232082367
276068,994,-423.5999999999996,214,0,1,False,0,pistol,,,,,,,61.26672556842196,13277.837347507477
276242,995,-324.1999999999999,174,0,1,False,0,pistol,,,,,,,60.93005243443817,13280.693241119385
276418,996,-341.6999999999998,176,0,1,False,0,pistol,,,,,,,60.94394615779813,13283.581319570541
276630,997,-329.49999999999983,212,0,1,False,0,pistol,,,,,,,3.0666862133360313,13352.711455583572
276832,998,-413.1999999999996,202,0,1,False,0,pistol,,,,,,,61.227104624024484,13356.010778665543
277054,999,-397.8999999999997,222,0,1,False,0,pistol,,,,,,,61.29476305549759,13359.632758140564
277281,1000,-419.59999999999957,227,0,1,False,0,pistol,,,,,,,61.242200087170275,13363.339512109756
277483,1001,-405.59999999999957,202,0,1,False,0,pistol,,,,,,,61.284754158089385,13366.635728359222
277667,1002,-346.1999999999998,184,0,1,False,0,pistol,,,,,,,61.488431081302124,13369.628292322159
277871,1003,-409.9999999999995,204,0,1,False,0,pistol,,,,,,,61.35123137980361,13372.953492641449
278052,1004,-356.9999999999997,181,0,1,False,0,pistol,,,,,,,61.17223450453021,13375.912486553192
278259,1005,-339.5999999999998,207,0,1,False,0,pistol,,,,,,,61.377455039022735,13379.285229921341
278431,1006,-340.8999999999998,172,0,1,False,0,pistol,,,,,,,60.992398738049154,13382.105444192886
278666,1007,-389.0999999999996,235,0,1,False,0,pistol,,,,,,,3.381405742648153,13451.603317975998
278852,1008,-341.99999999999983,186,0,1,False,0,pistol,,,,,,,61.2380690876465,13454.640819072723
279025,1009,-349.3999999999998,173,0,1,False,0,pistol,,,,,,,61.178155959173004,13457.468803405762
279236,1010,-360.6999999999997,211,0,1,False,0,pistol,,,,,,,61.29914593140784,13460.911083459854
279475,1011,-449.2999999999995,239,0,1,False,0,pistol,,,,,,,61.497855265250195,13464.79752445221
279698,1012,-315.0999999999999,223,0,1,False,0,pistol,,,,,,,61.377506231229454,13468.430948734283
279875,1013,-352.19999999999976,177,0,1,False,0,pistol,,,,,,,60.994494660293725,13471.333003520966
280079,1014,-303.29999999999995,204,0,1,False,0,pistol,,,,,,,61.558830857216115,13474.647090435028
280296,1015,-425.8999999999996,217,0,1,False,0,pistol,,,,,,,61.30098391906872,13478.187138795853
280528,1016,-331.79999999999984,232,0,1,False,0,pistol,,,,,,,61.35641644895199,13481.96852016449
280756,1017,-352.09999999999974,228,0,1,False,0,pistol,,,,,,,3.238855373214913,13552.363899946213
280910,1018,-311.29999999999995,154,0,1,False,0,pistol,,,,,,,60.99109300883957,13554.888978004456
281100,1019,-377.0999999999997,190,0,1,False,0,pistol,,,,,,,61.1954321534476,13557.993924379349
281277,1020,-348.19999999999976,177,0,1,False,0,pistol,,,,,,,61.0088653663954,13560.895335197449
281509,1021,-365.4999999999997,232,0,1,False,0,pistol,,,,,,,61.45657170992616,13564.670493364334
281692,1022,-366.3999999999997,183,0,1,False,0,pistol,,,,,,,61.54295419759987,13567.644149780273
281921,1023,-361.9999999999997,229,0,1,False,0,pistol,,,,,,,61.2614348928612,13571.382312297821
282129,1024,-420.09999999999945,208,0,1,False,0,pistol,,,,,,,61.20497126664788,13574.780880689621
282331,1025,-406.8999999999995,202,0,1,False,0,pistol,,,,,,,61.194569977565465,13578.081979990005
282542,1026,-426.99999999999943,211,0,1,False,0,pistol,,,,,,,61.27570496980936,13581.525570392609
282746,1027,-393.59999999999957,204,0,1,False,0,pistol,,,,,,,2.9498420165357637,13650.682008743286
282975,1028,-370.5999999999997,229,0,1,False,0,pistol,,,,,,,61.432654153493175,13654.409813165665
283206,1029,-369.9999999999998,231,0,1,False,0,pistol,,,,,,,61.376430775425185,13658.173615932465
283431,1030,-369.19999999999965,225,0,1,False,0,pistol,,,,,,,61.29038920229487,13661.8447971344
283603,1031,-340.8999999999998,172,0,1,False,0,pistol,,,,,,,61.044664331058904,13664.662510871887
283775,1032,-340.8999999999998,172,0,1,False,0,pistol,,,,,,,61.27801309209468,13667.469544649124
283949,1033,-345.89999999999975,174,0,1,False,0,pistol,,,,,,,61.133590932301864,13670.315908193588
284180,1034,-390.29999999999984,231,0,1,False,0,pistol,,,,,,,61.33380464931609,13674.082353830338
284407,1035,-407.4999999999997,227,0,1,False,0,pistol,,,,,,,61.57349471018958,13677.769177675247
284606,1036,-400.59999999999957,199,0,1,False,0,pistol,,,,,,,61.48417998711631,13681.005882501602
284820,1037,-333.2999999999998,214,0,1,False,0,pistol,,,,,,,3.0875331472649448,13750.316998243332
285045,1038,-415.19999999999953,225,0,1,False,0,pistol,,,,,,,61.2608797285489,13753.989972114563
285264,1039,-342.2999999999998,219,0,1,False,0,pistol,,,,,,,61.42508992058261,13757.555424690247
285450,1040,-369.9999999999997,186,0,1,False,0,pistol,,,,,,,61.079452479077595,13760.600803375244
285656,1041,-365.9999999999997,206,0,1,False,0,pistol,,,,,,,61.40563282666719,13763.955683231354
285866,1042,-369.0999999999997,210,0,1,False,0,pistol,,,,,,,61.16016748980477,13767.389403104782
286069,1043,-390.39999999999975,203,0,1,False,0,pistol,,,,,,,61.324341286938385,13770.699807167053
286280,1044,-360.3999999999998,211,0,1,False,0,pistol,,,,,,,61.179100290660095,13774.148845911026
286479,1045,-399.99999999999955,199,0,1,False,0,pistol,,,,,,,61.303560949290734,13777.395137548447
286671,1046,-349.8999999999998,192,0,1,False,0,pistol,,,,,,,61.12380444059068,13780.536449670792
286843,1047,-340.8999999999998,172,0,1,False,0,pistol,,,,,,,2.49795334940501,13849.392983436584
287075,1048,-342.5999999999998,232,0,1,False,0,pistol,,,,,,,61.24525587405064,13853.181156873703
287289,1049,-330.99999999999983,214,0,1,False,0,pistol,,,,,,,59.415386593087824,13856.783051729202
287500,1050,-395.3999999999996,211,0,1,False,0,pistol,,,,,,,61.362666182235714,13860.22179055214
287725,1051,-329.79999999999995,225,0,1,False,0,pistol,,,,,,,61.23921034431248,13863.896092891693
287919,1052,-349.8999999999998,194,0,1,False,0,pistol,,,,,,,61.23236490229777,13867.064488887787
288152,1053,-382.79999999999967,233,0,1,False,0,pistol,,,,,,,61.35478958608317,13870.862243175507
288375,1054,-391.0999999999997,223,0,1,False,0,pistol,,,,,,,61.28251189886591,13874.501283407211
288584,1055,-331.1999999999999,209,0,1,False,0,pistol,,,,,,,61.38135507355214,13877.906349897385
288801,1056,-441.1999999999995,217,0,1,False,0,pistol,,,,,,,3.124283236611508,13947.362449169159
288997,1057,-387.99999999999966,196,0,1,False,0,pistol,,,,,,,61.30829365417032,13950.559517145157
289192,1058,-385.49999999999966,195,0,1,False,0,pistol,,,,,,,61.19398748286355,13953.74625658989
289412,1059,-404.79999999999956,220,0,1,False,0,pistol,,,,,,,61.20282276133213,13957.341017961502
289648,1060,-320.5999999999999,236,0,1,False,0,pistol,,,,,,,61.4051612914432,13961.184518814087
289857,1061,-420.29999999999944,209,0,1,False,0,pistol,,,,,,,61.352026624502244,13964.591225624084
290072,1062,-327.79999999999984,215,0,1,False,0,pistol,,,,,,,61.246751143942355,13968.10176706314
290282,1063,-410.1999999999995,210,0,1,False,0,pistol,,,,,,,61.37658979691113,13971.523458719254
290482,1064,-399.4999999999996,200,0,1,False,0,pistol,,,,,,,59.18164378858954,13974.902995824814
290676,1065,-381.29999999999967,194,0,1,False,0,pistol,,,,,,,61.18850635580077,13978.073695659637
290887,1066,-420.6999999999995,211,0,1,False,0,pistol,,,,,,,3.024381190660705,14047.840206861496
291106,1067,-365.9999999999997,219,0,1,False,0,pistol,,,,,,,61.436272828857035,14051.405055999756
291306,1068,-407.49999999999966,200,0,1,False,0,pistol,,,,,,,61.21274022963914,14054.672501087189
291508,1069,-401.59999999999957,202,0,1,False,0,pistol,,,,,,,61.354643994000746,14057.964997291565
291704,1070,-397.29999999999967,196,0,1,False,0,pistol,,,,,,,61.27509025044727,14061.163818359375
291902,1071,-382.0999999999997,198,0,1,False,0,pistol,,,,,,,61.36884160049682,14064.390367269516
292139,1072,-401.79999999999984,237,0,1,False,0,pistol,,,,,,,61.35719781836147,14068.25316810608
292340,1073,-382.69999999999965,201,0,1,False,0,pistol,,,,,,,61.133047199096595,14071.54124045372
292581,1074,-355.39999999999975,241,0,1,False,0,pistol,,,,,,,61.54821141447407,14075.457010746002
292743,1075,-310.8999999999999,162,0,1,False,0,pistol,,,,,,,60.99101629246221,14078.113289117813
292968,1076,-342.19999999999976,225,0,1,False,0,pistol,,,,,,,3.1758110501350303,14148.961506128311
293201,1077,-377.0999999999997,233,0,1,False,0,pistol,,,,,,,61.37142683459699,14152.758161783218
293426,1078,-356.4999999999998,225,0,1,False,0,pistol,,,,,,,59.92712490602636,14156.51287817955
293641,1079,-341.3999999999998,215,0,1,False,0,pistol,,,,,,,61.43184805849823,14160.012814044952
293820,1080,-344.5999999999998,179,0,1,False,0,pistol,,,,,,,61.19602352407814,14162.937975645065
294004,1081,-341.5999999999998,184,0,1,False,0,pistol,,,,,,,61.045597605041074,14165.952303171158
294179,1082,-341.49999999999983,175,0,1,False,0,pistol,,,,,,,61.077917358609604,14168.817626953125
294372,1083,-365.0999999999998,193,0,1,False,0,pistol,,,,,,,61.123120512796504,14171.97530412674
294596,1084,-351.89999999999975,224,0,1,False,0,pistol,,,,,,,61.337256031527126,14175.627367258072
294803,1085,-401.59999999999957,207,0,1,False,0,pistol,,,,,,,61.242955713282655,14179.00748181343
295034,1086,-389.29999999999967,231,0,1,False,0,pistol,,,,,,,3.31243530855345,14248.744819641113
295258,1087,-356.4999999999998,224,0,1,False,0,pistol,,,,,,,61.417204442922326,14252.39214348793
295480,1088,-338.1999999999998,222,0,1,False,0,pistol,,,,,,,61.24268840090852,14256.017218589783
295683,1089,-401.3999999999996,203,0,1,False,0,pistol,,,,,,,61.286715400804184,14259.329628705978
295887,1090,-403.29999999999956,204,0,1,False,0,pistol,,,,,,,61.18240950879415,14262.664047002792
296081,1091,-393.89999999999975,194,0,1,False,0,pistol,,,,,,,61.35983925839876,14265.825857400894
296314,1092,-373.39999999999975,233,0,1,False,0,pistol,,,,,,,61.36299919886189,14269.623034715652
296488,1093,-341.2999999999998,174,0,1,False,0,pistol,,,,,,,61.03498755814687,14272.473978757858
296701,1094,-329.09999999999985,213,0,1,False,0,pistol,,,,,,,59.841208255717454,14276.033550739288
296883,1095,-356.5999999999997,182,0,1,False,0,pistol,,,,,,,61.29932120227283,14279.002722978592
297090,1096,-318.1999999999999,207,0,1,False,0,pistol,,,,,,,2.956048851993395,14349.02873468399
297304,1097,-426.29999999999944,214,0,1,False,0,pistol,,,,,,,61.30413475610739,14352.51968550682
297500,1098,-393.6999999999996,196,0,1,False,0,pistol,,,,,,,61.31823059247826,14355.716252565384
297727,1099,-356.89999999999975,227,0,1,False,0,pistol,,,,,,,61.34944116425059,14359.41651058197
297924,1100,-403.1999999999996,197,0,1,False,0,pistol,,,,,,,61.22227682130589,14362.63443517685
298133,1101,-314.5999999999999,209,0,1,False,0,pistol,,,,,,,61.2394244031771,14366.047399997711
298338,1102,-303.49999999999994,205,0,1,False,0,pistol,,,,,,,61.15596068611877,14369.399664402008
298569,1103,-406.9999999999995,231,0,1,False,0,pistol,,,,,,,61.26698727442012,14373.170182228088
298794,1104,-357.1999999999997,225,0,1,False,0,pistol,,,,,,,61.18864850481382,14376.847500562668
298998,1105,-349.1999999999999,204,0,1,False,0,pistol,,,,,,,61.236249991680225,14380.1790163517
299194,1106,-364.59999999999974,196,0,1,False,0,pistol,,,,,,,2.817315070004429,14449.748940944672
299392,1107,-412.0999999999996,198,0,1,False,0,pistol,,,,,,,61.29751755562853,14452.979214668274
299576,1108,-357.09999999999974,184,0,1,False,0,pistol,,,,,,,61.149741892083554,14455.988347530365
299801,1109,-405.19999999999953,225,0,1,False,0,pistol,,,,,,,61.37850960248938,14459.654293060303
300007,1110,-385.99999999999966,206,0,1,False,0,pistol,,,,,,,61.430199136491495,14463.007828712463
300213,1111,-389.29999999999967,206,0,1,False,0,pistol,,,,,,,61.28629471429799,14466.36924958229
300417,1112,-399.29999999999956,204,0,1,False,0,pistol,,,,,,,61.27280036767775,14469.69876909256
300625,1113,-388.0999999999996,208,0,1,False,0,pistol,,,,,,,61.141247762871416,14473.100865602493
300826,1114,-339.29999999999984,201,0,1,False,0,pistol,,,,,,,61.082721103005035,14476.3916285038
301040,1115,-336.1999999999998,214,0,1,False,0,pistol,,,,,,,61.30838069646862,14479.882307052612
301242,1116,-389.5999999999996,202,0,1,False,0,pistol,,,,,,,2.914293002738227,14549.196004390717
301428,1117,-369.9999999999997,186,0,1,False,0,pistol,,,,,,,61.11695748788751,14552.239469766617
301599,1118,-330.9999999999999,171,0,1,False,0,pistol,,,,,,,61.078830394695295,14555.039262533188
301758,1119,-317.5999999999999,159,0,1,False,0,pistol,,,,,,,61.15086520635681,14557.639526605606
301949,1120,-380.69999999999965,191,0,1,False,0,pistol,,,,,,,61.25978252989992,14560.757546901703
302192,1121,-408.6999999999996,243,0,1,False,0,pistol,,,,,,,61.41980293782397,14564.714104890823
302391,1122,-399.99999999999955,199,0,1,False,0,pistol,,,,,,,61.192006553020086,14567.966265201569
302600,1123,-421.99999999999943,209,0,1,False,0,pistol,,,,,,,61.348939467815285,14571.373173713684
302802,1124,-329.1999999999998,202,0,1,False,0,pistol,,,,,,,61.24263898745625,14574.671702384949
303008,1125,-423.99999999999955,206,0,1,False,0,pistol,,,,,,,61.24944478451174,14578.035124540329
303221,1126,-344.9999999999998,213,0,1,False,0,pistol,,,,,,,3.0684662245747494,14647.451042890549
303421,1127,-364.4999999999998,200,0,1,False,0,pistol,,,,,,,61.05016281410663,14650.727177381516
303631,1128,-366.7999999999997,210,0,1,False,0,pistol,,,,,,,61.17609275388732,14654.160023212433
303812,1129,-365.9999999999997,181,0,1,False,0,pistol,,,,,,,61.16551191104341,14657.1193151474
304027,1130,-385.4999999999996,215,0,1,False,0,pistol,,,,,,,61.408914805094234,14660.620556116104
304228,1131,-328.9999999999999,201,0,1,False,0,pistol,,,,,,,61.287535998621664,14663.900294303894
304429,1132,-401.59999999999957,201,0,1,False,0,pistol,,,,,,,61.282172145998466,14667.180325746536
304657,1133,-336.0999999999998,228,0,1,False,0,pistol,,,,,,,61.54255774972453,14670.88521695137
304848,1134,-353.2999999999998,191,0,1,False,0,pistol,,,,,,,61.22994781889844,14674.004689216614
305077,1135,-394.2999999999997,229,0,1,False,0,pistol,,,,,,,61.53551550820592,14677.726265192032
305291,1136,-335.5999999999998,214,0,1,False,0,pistol,,,,,,,3.049776660644386,14747.895511865616
305510,1137,-345.1999999999998,219,0,1,False,0,pistol,,,,,,,61.23816522691325,14751.471839666367
305699,1138,-351.19999999999976,189,0,1,False,0,pistol,,,,,,,61.23327410507016,14754.558521270752
305888,1139,-362.5999999999997,189,0,1,False,0,pistol,,,,,,,61.1744290889964,14757.648174762726
306076,1140,-376.0999999999997,188,0,1,False,0,pistol,,,,,,,61.05205344880636,14760.727643728256
306289,1141,-331.3999999999998,213,0,1,False,0,pistol,,,,,,,61.285572226673544,14764.203320980072
306481,1142,-381.8999999999997,192,0,1,False,0,pistol,,,,,,,61.21942753103993,14767.339710950851
306709,1143,-362.9999999999997,228,0,1,False,0,pistol,,,,,,,61.36938388765497,14771.055075407028
306931,1144,-365.1999999999997,222,0,1,False,0,pistol,,,,,,,61.423103296713734,14774.6694688797
307130,1145,-413.59999999999957,199,0,1,False,0,pistol,,,,,,,61.28257275257315,14777.916831493378
307345,1146,-331.79999999999984,215,0,1,False,0,pistol,,,,,,,3.0958739325139817,14847.36423254013
307532,1147,-372.4999999999997,187,0,1,False,0,pistol,,,,,,,61.392364234427475,14850.410331010818
307762,1148,-340.79999999999984,230,0,1,False,0,pistol,,,,,,,61.45173876412618,14854.153242826462
307983,1149,-395.59999999999974,221,0,1,False,0,pistol,,,,,,,61.480605551420844,14857.74802160263
308205,1150,-355.89999999999975,222,0,1,False,0,pistol,,,,,,,61.437437944680305,14861.361580371857
308409,1151,-369.1999999999997,204,0,1,False,0,pistol,,,,,,,61.227179452281526,14864.69357085228
308649,1152,-396.4999999999997,240,0,1,False,0,pistol,,,,,,,61.34209376513926,14868.606203079224
308868,1153,-322.9,219,0,1,False,0,pistol,,,,,,,61.48088060748334,14872.16839504242
309040,1154,-350.8999999999998,172,0,1,False,0,pistol,,,,,,,61.18053814801186,14874.979879617691
309228,1155,-354.3999999999998,188,0,1,False,0,pistol,,,,,,,61.014355524198784,14878.061263799667
309458,1156,-427.39999999999964,230,0,1,False,0,pistol,,,,,,,3.274880368357993,14948.29297542572
309656,1157,-400.7999999999996,198,0,1,False,0,pistol,,,,,,,61.21472448802912,14951.52763223648
309875,1158,-335.29999999999984,219,0,1,False,0,pistol,,,,,,,61.353840173210315,14955.097221851349
310049,1159,-341.2999999999998,174,0,1,False,0,pistol,,,,,,,61.12929475595277,14957.943813800812
310274,1160,-354.4999999999998,225,0,1,False,0,pistol,,,,,,,61.2032319501491,14961.620239257812
310494,1161,-342.4999999999998,220,0,1,False,0,pistol,,,,,,,61.36362641870823,14965.205543756485
310735,1162,-341.9999999999998,241,0,1,False,0,pistol,,,,,,,61.36825814285281,14969.132772684097
310948,1163,-331.9999999999999,213,0,1,False,0,pistol,,,,,,,61.42598348005702,14972.600544214249
311178,1164,-373.49999999999966,230,0,1,False,0,pistol,,,,,,,61.462705344253045,14976.342767238617
311406,1165,-357.69999999999976,228,0,1,False,0,pistol,,,,,,,3.2489679758944368,15046.519031763077
311578,1166,-345.8999999999998,172,0,1,False,0,pistol,,,,,,,61.32242832367098,15049.324038267136
311811,1167,-348.3999999999998,233,0,1,False,0,pistol,,,,,,,61.545528583286206,15053.109953403473
312037,1168,-388.2999999999996,226,0,1,False,0,pistol,,,,,,,61.289106455080805,15056.797564983368
312236,1169,-398.29999999999956,199,0,1,False,0,pistol,,,,,,,61.28604653741231,15060.044743299484
312479,1170,-433.09999999999957,243,0,1,False,0,pistol,,,,,,,61.43331924503774,15064.000379800797
312683,1171,-316.2999999999999,204,0,1,False,0,pistol,,,,,,,61.38623679269872,15067.323740005493
312898,1172,-358.7999999999998,215,0,1,False,0,pistol,,,,,,,61.41407559449775,15070.824709415436
313070,1173,-331.29999999999995,172,0,1,False,0,pistol,,,,,,,61.09589159891599,15073.640096902847
313252,1174,-342.8999999999998,182,0,1,False,0,pistol,,,,,,,61.16868801204394,15076.615587472916
313462,1175,-323.39999999999986,210,0,1,False,0,pistol,,,,,,,2.998851779795791,15146.642534971237
313661,1176,-346.2999999999998,199,0,1,False,0,pistol,,,,,,,61.251982660303796,15149.891536951065
313868,1177,-405.5999999999995,207,0,1,False,0,pistol,,,,,,,61.1601112971668,15153.276230573654
314072,1178,-388.9999999999996,204,0,1,False,0,pistol,,,,,,,61.45589970176251,15156.595836162567
314253,1179,-357.5999999999998,181,0,1,False,0,pistol,,,,,,,61.3234287754483,15159.547537326813
314455,1180,-345.89999999999986,202,0,1,False,0,pistol,,,,,,,61.20571020598436,15162.848022699356
314652,1181,-403.89999999999964,197,0,1,False,0,pistol,,,,,,,61.08218438634603,15166.073414564133
314846,1182,-394.2999999999996,194,0,1,False,0,pistol,,,,,,,61.37547350938405,15169.23439335823
315069,1183,-336.79999999999984,223,0,1,False,0,pistol,,,,,,,61.6038713371711,15172.854382276535
315269,1184,-427.49999999999955,200,0,1,False,0,pistol,,,,,,,60.10501852709671,15176.1820166111
315445,1185,-349.9999999999998,176,0,1,False,0,pistol,,,,,,,2.549666401860131,15245.210778951645
315645,1186,-410.79999999999956,200,0,1,False,0,pistol,,,,,,,61.365863564633,15248.470045089722
315886,1187,-369.2999999999997,241,0,1,False,0,pistol,,,,,,,61.515987639685235,15252.387884140015
316105,1188,-380.2999999999998,219,0,1,False,0,pistol,,,,,,,61.3438425092837,15255.958100557327
316312,1189,-401.59999999999957,207,0,1,False,0,pistol,,,,,,,61.115780851779434,15259.345272064209
316537,1190,-362.7999999999997,225,0,1,False,0,pistol,,,,,,,61.256294923868936,15263.018496990204
316759,1191,-362.8999999999997,222,0,1,False,0,pistol,,,,,,,61.38000998285301,15266.635417461395
316967,1192,-420.09999999999945,208,0,1,False,0,pistol,,,,,,,61.2498623587132,15270.03147816658
317142,1193,-341.4999999999998,175,0,1,False,0,pistol,,,,,,,61.201859194313556,15272.890985488892
317346,1194,-323.8999999999999,204,0,1,False,0,pistol,,,,,,,61.40062378137986,15276.213584661484
317522,1195,-345.69999999999976,176,0,1,False,0,pistol,,,,,,,2.473360843663221,15347.371966838837
317691,1196,-326.5999999999999,169,0,1,False,0,pistol,,,,,,,60.977261876476284,15350.143618822098
317895,1197,-411.2999999999996,204,0,1,False,0,pistol,,,,,,,61.18450075815784,15353.477947473526
318110,1198,-395.7999999999996,215,0,1,False,0,pistol,,,,,,,61.42765085471098,15356.978145122528
318306,1199,-346.6999999999998,196,0,1,False,0,pistol,,,,,,,61.121615112009586,15360.184998989105
318518,1200,-331.79999999999984,212,0,1,False,0,pistol,,,,,,,61.172268473690096,15363.650757789612
318681,1201,-326.39999999999986,163,0,1,False,0,pistol,,,,,,,61.022782608292054,15366.322036027908
318877,1202,-345.6999999999998,196,0,1,False,0,pistol,,,,,,,61.05101362970117,15369.532639980316
319092,1203,-357.79999999999984,215,0,1,False,0,pistol,,,,,,,61.263864996785564,15373.042193174362
319259,1204,-310.19999999999993,167,0,1,False,0,pistol,,,,,,,61.09016442698075,15375.776010513306
319464,1205,-401.79999999999956,205,0,1,False,0,pistol,,,,,,,61.31538885673561,15379.119510412216
319683,1206,-351.9999999999998,219,0,1,False,0,pistol,,,,,,,3.091170627492686,15449.9665954113
319893,1207,-376.49999999999966,210,0,1,False,0,pistol,,,,,,,61.15928842228055,15453.400382041931
320092,1208,-401.1999999999996,199,0,1,False,0,pistol,,,,,,,61.359145739370994,15456.64375424385
320290,1209,-364.9999999999997,198,0,1,False,0,pistol,,,,,,,61.42506726658395,15459.86733698845
320494,1210,-365.5999999999997,204,0,1,False,0,pistol,,,,,,,61.16491511600552,15463.202691555023
320707,1211,-402.7999999999995,213,0,1,False,0,pistol,,,,,,,61.50714230784086,15466.665852308273
320866,1212,-308.5999999999999,159,0,1,False,0,pistol,,,,,,,61.3511701255074,15469.25758099556
321053,1213,-373.09999999999974,187,0,1,False,0,pistol,,,,,,,61.190469440256514,15472.313697099686
321263,1214,-405.49999999999955,210,0,1,False,0,pistol,,,,,,,61.30480955292925,15475.73934340477
321449,1215,-330.9999999999999,186,0,1,False,0,pistol,,,,,,,61.10799573919012,15478.783257246017
321646,1216,-331.59999999999985,197,0,1,False,0,pistol,,,,,,,2.7910551486857127,15549.366019487381
321855,1217,-410.5999999999995,209,0,1,False,0,pistol,,,,,,,61.355354575288175,15552.772538661957
322072,1218,-348.7999999999998,217,0,1,False,0,pistol,,,,,,,61.52595048580521,15556.299623727798
322268,1219,-387.99999999999966,196,0,1,False,0,pistol,,,,,,,61.342810107491225,15559.49493432045
322487,1220,-367.49999999999983,219,0,1,False,0,pistol,,,,,,,61.346763620840065,15563.065023899078
322692,1221,-311.4999999999999,205,0,1,False,0,pistol,,,,,,,61.29105706704304,15566.409873723984
322906,1222,-448.29999999999944,214,0,1,False,0,pistol,,,,,,,61.39608561596704,15569.895585298538
323110,1223,-407.59999999999957,204,0,1,False,0,pistol,,,,,,,61.16488888193106,15573.230951070786
323324,1224,-338.1999999999998,214,0,1,False,0,pistol,,,,,,,61.26235995563027,15576.724286317825
323572,1225,-356.69999999999976,248,0,1,False,0,pistol,,,,,,,61.36736500372976,15580.765691518784
323745,1226,-341.0999999999998,173,0,1,False,0,pistol,,,,,,,2.4678606706943795,15650.867027044296
323957,1227,-357.8999999999998,212,0,1,False,0,pistol,,,,,,,61.35064946892807,15654.322721481323
324186,1228,-372.5999999999997,229,0,1,False,0,pistol,,,,,,,61.339144432216294,15658.056166410446
324390,1229,-411.2999999999995,204,0,1,False,0,pistol,,,,,,,61.285769018068116,15661.38499546051
324604,1230,-362.4999999999998,214,0,1,False,0,pistol,,,,,,,61.09090097300339,15664.888092756271
324766,1231,-324.4999999999999,162,0,1,False,0,pistol,,,,,,,61.01524579146832,15667.543309211731
324940,1232,-341.2999999999998,174,0,1,False,0,pistol,,,,,,,61.0704278718755,15670.39260673523
325148,1233,-395.3999999999997,208,0,1,False,0,pistol,,,,,,,61.16240986343718,15673.793527841568
325393,1234,-332.79999999999984,245,0,1,False,0,pistol,,,,,,,61.416690887185815,15677.78279542923
325601,1235,-366.3999999999997,208,0,1,False,0,pistol,,,,,,,61.11028329277248,15681.186602115631
325827,1236,-360.2999999999997,226,0,1,False,0,pistol,,,,,,,3.166568814687968,15752.557373046875
326022,1237,-396.1999999999996,195,0,1,False,0,pistol,,,,,,,61.07941944591376,15755.750041007996
326242,1238,-355.4999999999998,220,0,1,False,0,pistol,,,,,,,61.28164781943852,15759.340148687363
326464,1239,-386.4999999999997,222,0,1,False,0,pistol,,,,,,,61.30474301281939,15762.961519002914
326668,1240,-361.5999999999998,204,0,1,False,0,pistol,,,,,,,61.36720400030983,15766.28592634201
326874,1241,-356.6999999999998,206,0,1,False,0,pistol,,,,,,,61.238040805958505,15769.649999141693
327059,1242,-343.4999999999998,185,0,1,False,0,pistol,,,,,,,60.98397385743993,15772.683675765991
327232,1243,-341.0999999999998,173,0,1,False,0,pistol,,,,,,,61.06809553261695,15775.516733884811
327449,1244,-344.19999999999976,217,0,1,False,0,pistol,,,,,,,61.33211787337994,15779.05498790741
327660,1245,-402.3999999999995,211,0,1,False,0,pistol,,,,,,,61.219859376650476,15782.501729488373
327842,1246,-362.89999999999975,182,0,1,False,0,pistol,,,,,,,2.5786217206735063,15853.082272052765
328005,1247,-321.99999999999994,163,0,1,False,0,pistol,,,,,,,61.14879111850417,15855.748051166534
328205,1248,-346.4999999999998,200,0,1,False,0,pistol,,,,,,,61.22572342094444,15859.014760494232
328414,1249,-394.2999999999996,209,0,1,False,0,pistol,,,,,,,61.467371039829246,15862.415084123611
328644,1250,-470.49999999999943,230,0,1,False,0,pistol,,,,,,,61.17272257794832,15866.175049066544
328882,1251,-305.49999999999994,238,0,1,False,0,pistol,,,,,,,61.4058026581958,15870.051024913788
329097,1252,-351.7999999999998,215,0,1,False,0,pistol,,,,,,,61.3631455588826,15873.554880857468
329312,1253,-335.79999999999984,215,0,1,False,0,pistol,,,,,,,61.40813281625065,15877.056178808212
329532,1254,-440.7999999999994,220,0,1,False,0,pistol,,,,,,,61.343845265269564,15880.642631053925
329764,1255,-370.89999999999986,232,0,1,False,0,pistol,,,,,,,3.210720652996132,15952.900702238083
329981,1256,-337.79999999999984,217,0,1,False,0,pistol,,,,,,,61.428280116217564,15956.43336558342
330192,1257,-362.9999999999997,211,0,1,False,0,pistol,,,,,,,61.291504321752676,15959.876073122025
330402,1258,-415.49999999999955,210,0,1,False,0,pistol,,,,,,,61.38095679448968,15963.297461032867
330598,1259,-391.9999999999996,196,0,1,False,0,pistol,,,,,,,61.292395766363725,15966.495367765427
330807,1260,-364.2999999999998,209,0,1,False,0,pistol,,,,,,,61.41141713114705,15969.898760318756
330987,1261,-352.7999999999997,180,0,1,False,0,pistol,,,,,,,61.128205360726376,15972.843526124954
331172,1262,-329.7999999999999,185,0,1,False,0,pistol,,,,,,,61.312743045618106,15975.860970258713
331345,1263,-341.0999999999998,173,0,1,False,0,pistol,,,,,,,60.89643626215859,15978.702023506165
331543,1264,-379.7999999999996,198,0,1,False,0,pistol,,,,,,,61.2102983565756,15981.936916351318
331760,1265,-427.5999999999994,217,0,1,False,0,pistol,,,,,,,61.47311322854213,15985.467059850693
331975,1266,-348.99999999999983,215,0,1,False,0,pistol,,,,,,,3.016556466965785,16056.740469694138
332172,1267,-398.4999999999997,197,0,1,False,0,pistol,,,,,,,61.260786205329886,16059.956399679184
332368,1268,-389.6999999999996,196,0,1,False,0,pistol,,,,,,,61.332380166886196,16063.152236938477
332589,1269,-382.9999999999997,221,0,1,False,0,pistol,,,,,,,61.292921256543615,16066.758033752441
332764,1270,-341.49999999999983,175,0,1,False,0,pistol,,,,,,,61.338650886490065,16069.611190795898
332982,1271,-329.39999999999986,218,0,1,False,0,pistol,,,,,,,61.332396580871404,16073.165678024292
333187,1272,-430.1999999999995,205,0,1,False,0,pistol,,,,,,,61.233471216222796,16076.51362991333
333363,1273,-341.6999999999998,176,0,1,False,0,pistol,,,,,,,61.204382620052236,16079.389359235764
333526,1274,-331.39999999999986,163,0,1,False,0,pistol,,,,,,,61.15637791759459,16082.054790973663
333714,1275,-368.69999999999976,188,0,1,False,0,pistol,,,,,,,61.25509750192537,16085.1240067482
333886,1276,-340.8999999999998,172,0,1,False,0,pistol,,,,,,,2.433453440368902,16155.805585384369
334103,1277,-369.8999999999998,217,0,1,False,0,pistol,,,,,,,61.30734693437658,16159.34526014328
334311,1278,-420.09999999999945,208,0,1,False,0,pistol,,,,,,,61.5027944015951,16162.727333545685
334520,1279,-420.29999999999944,209,0,1,False,0,pistol,,,,,,,61.24416496033495,16166.140006303787
334730,1280,-430.49999999999943,210,0,1,False,0,pistol,,,,,,,61.37592261204419,16169.561670303345
334906,1281,-341.6999999999998,176,0,1,False,0,pistol,,,,,,,61.28281792333396,16172.433735847473
335080,1282,-346.2999999999998,174,0,1,False,0,pistol,,,,,,,61.09601601570093,16175.281838655472
335263,1283,-361.39999999999975,183,0,1,False,0,pistol,,,,,,,61.146333339679856,16178.274816989899
335476,1284,-430.7999999999994,213,0,1,False,0,pistol,,,,,,,61.15293347456078,16181.758048534393
335690,1285,-385.2999999999996,214,0,1,False,0,pistol,,,,,,,61.338755895847655,16185.246987342834
335915,1286,-367.7999999999997,225,0,1,False,0,pistol,,,,,,,3.1565517845035447,16256.527400970459
336114,1287,-386.2999999999997,199,0,1,False,0,pistol,,,,,,,61.27860448032343,16259.775000810623
336287,1288,-341.0999999999998,173,0,1,False,0,pistol,,,,,,,61.05391374557976,16262.608664751053
336508,1289,-306.69999999999993,221,0,1,False,0,pistol,,,,,,,61.28088643567617,16266.21514415741
336662,1290,-301.9,154,0,1,False,0,pistol,,,,,,,60.98056149227258,16268.740682840347
336883,1291,-406.3999999999995,221,0,1,False,0,pistol,,,,,,,61.313723867666404,16272.345226049423
337114,1292,-386.39999999999964,231,0,1,False,0,pistol,,,,,,,61.36376224951853,16276.109785795212
337319,1293,-413.7999999999995,205,0,1,False,0,pistol,,,,,,,61.48817090866418,16279.443905115128
337556,1294,-366.4999999999998,237,0,1,False,0,pistol,,,,,,,61.54668492748661,16283.294831991196
337771,1295,-341.3999999999998,215,0,1,False,0,pistol,,,,,,,61.21336236375022,16286.807292461395
337975,1296,-402.1999999999996,204,0,1,False,0,pistol,,,,,,,2.859984068631113,16358.136491537094
338151,1297,-328.9999999999999,176,0,1,False,0,pistol,,,,,,,61.03942033687888,16361.020025014877
338354,1298,-405.3999999999995,203,0,1,False,0,pistol,,,,,,,61.22080060098857,16364.336041688919
338591,1299,-397.8999999999997,237,0,1,False,0,pistol,,,,,,,61.38237056165746,16368.197200775146
338770,1300,-342.2999999999998,179,0,1,False,0,pistol,,,,,,,61.10967715048919,16371.12647819519
338959,1301,-361.89999999999975,189,0,1,False,0,pistol,,,,,,,61.05096946640783,16374.222374916077
339169,1302,-317.4999999999999,210,0,1,False,0,pistol,,,,,,,61.241520401722596,16377.65156364441
339356,1303,-343.8999999999998,187,0,1,False,0,pistol,,,,,,,61.21740086039291,16380.706409215927
339580,1304,-348.2999999999998,224,0,1,False,0,pistol,,,,,,,61.21589409237792,16384.365703105927
339779,1305,-399.99999999999955,199,0,1,False,0,pistol,,,,,,,61.48748189262044,16387.60229253769
339959,1306,-361.7999999999998,180,0,1,False,0,pistol,,,,,,,61.221941673078966,16390.54250073433
340140,1307,-347.6999999999998,181,0,1,False,0,pistol,,,,,,,2.546360012305673,16461.624467611313
340354,1308,-346.9999999999998,214,0,1,False,0,pistol,,,,,,,61.42775010641952,16465.10840988159
340541,1309,-366.19999999999976,187,0,1,False,0,pistol,,,,,,,61.12401849770805,16468.167905330658
340755,1310,-415.89999999999964,214,0,1,False,0,pistol,,,,,,,61.3224542890073,16471.65779232979
340941,1311,-366.59999999999974,186,0,1,False,0,pistol,,,,,,,61.2915787657597,16474.692618370056
341151,1312,-417.19999999999953,210,0,1,False,0,pistol,,,,,,,61.26736927215545,16478.12035727501
341344,1313,-345.0999999999998,193,0,1,False,0,pistol,,,,,,,61.26662585255713,16481.270646572113
341543,1314,-400.59999999999957,199,0,1,False,0,pistol,,,,,,,61.242243597334905,16484.52019882202
341743,1315,-376.79999999999967,200,0,1,False,0,pistol,,,,,,,61.229325378088134,16487.786728858948
341964,1316,-350.69999999999976,221,0,1,False,0,pistol,,,,,,,61.32471671905841,16491.39061808586
342170,1317,-390.99999999999966,206,0,1,False,0,pistol,,,,,,,2.8305096435358466,16564.16916656494
342342,1318,-340.8999999999998,172,0,1,False,0,pistol,,,,,,,61.181622554775686,16566.9805932045
342537,1319,-390.49999999999966,195,0,1,False,0,pistol,,,,,,,61.27230205430839,16570.16325855255
342720,1320,-371.0999999999997,183,0,1,False,0,pistol,,,,,,,61.077513600563,16573.15956878662
342903,1321,-359.6999999999997,183,0,1,False,0,pistol,,,,,,,60.97018579219346,16576.161204099655
343112,1322,-345.9999999999998,209,0,1,False,0,pistol,,,,,,,61.20633796395275,16579.57600569725
343325,1323,-415.39999999999947,213,0,1,False,0,pistol,,,,,,,61.02887520147718,16583.066302776337
343553,1324,-418.0999999999997,228,0,1,False,0,pistol,,,,,,,61.31202108263814,16586.785111427307
343765,1325,-406.89999999999964,212,0,1,False,0,pistol,,,,,,,61.2306099183826,16590.24757003784
344011,1326,-332.89999999999986,246,0,1,False,0,pistol,,,,,,,61.26883064219466,16594.262815713882
344211,1327,-410.1999999999996,200,0,1,False,0,pistol,,,,,,,2.7987803060114325,16665.722664117813
344418,1328,-377.89999999999975,207,0,1,False,0,pistol,,,,,,,61.39585782414138,16669.09432554245
344654,1329,-416.29999999999967,236,0,1,False,0,pistol,,,,,,,61.24150437983879,16672.948026895523
344889,1330,-430.4999999999994,235,0,1,False,0,pistol,,,,,,,61.44814576067888,16676.772513628006
345102,1331,-405.09999999999957,213,0,1,False,0,pistol,,,,,,,61.26723506002653,16680.249207496643
345322,1332,-449.7999999999995,220,0,1,False,0,pistol,,,,,,,61.42857076285722,16683.83077597618
345543,1333,-349.39999999999975,221,0,1,False,0,pistol,,,,,,,61.38282520095046,16687.431216478348
345746,1334,-411.0999999999995,203,0,1,False,0,pistol,,,,,,,61.19150224899926,16690.74875473976
345954,1335,-313.29999999999995,208,0,1,False,0,pistol,,,,,,,61.4878656266913,16694.131679058075
346128,1336,-341.2999999999998,174,0,1,False,0,pistol,,,,,,,2.432042416755407,16765.676623106003
346339,1337,-426.99999999999943,211,0,1,False,0,pistol,,,,,,,61.2399901988131,16769.12218618393
346544,1338,-352.4999999999998,205,0,1,False,0,pistol,,,,,,,61.280337455382245,16772.467576503754
346721,1339,-341.8999999999998,177,0,1,False,0,pistol,,,,,,,61.1756171603455,16775.361029863358
346927,1340,-384.2999999999996,206,0,1,False,0,pistol,,,,,,,61.340315880113764,16778.71948480606
347107,1341,-347.49999999999983,180,0,1,False,0,pistol,,,,,,,61.12309307780056,16781.6644616127
347312,1342,-363.6999999999998,205,0,1,False,0,pistol,,,,,,,61.22754985214936,16785.012784957886
347527,1343,-389.49999999999955,215,0,1,False,0,pistol,,,,,,,61.270970491290015,16788.521921396255
347722,1344,-377.49999999999966,195,0,1,False,0,pistol,,,,,,,61.2463369844736,16791.705936193466
347941,1345,-332.5999999999998,219,0,1,False,0,pistol,,,,,,,61.46657587398661,16795.26900625229
348154,1346,-367.39999999999986,213,0,1,False,0,pistol,,,,,,,61.28943186858978,16798.744428396225
348376,1347,-351.89999999999975,222,0,1,False,0,pistol,,,,,,,3.0892713059652994,16870.606166124344
348564,1348,-376.0999999999997,188,0,1,False,0,pistol,,,,,,,61.34976569690679,16873.670679569244
348760,1349,-406.29999999999967,196,0,1,False,0,pistol,,,,,,,61.24139813454723,16876.871237277985
348955,1350,-377.49999999999966,195,0,1,False,0,pistol,,,,,,,61.20081478440704,16880.057627677917
349190,1351,-375.49999999999966,235,0,1,False,0,pistol,,,,,,,61.33581399331434,16883.88914012909
349380,1352,-380.49999999999966,190,0,1,False,0,pistol,,,,,,,61.23721781290952,16886.991966724396
349599,1353,-336.9999999999998,219,0,1,False,0,pistol,,,,,,,61.234674774824626,16890.56852698326
349798,1354,-404.99999999999955,199,0,1,False,0,pistol,,,,,,,61.32912356819184,16893.813480854034
349972,1355,-341.2999999999998,174,0,1,False,0,pistol,,,,,,,61.09642519111027,16896.661573410034
350190,1356,-339.7999999999998,218,0,1,False,0,pistol,,,,,,,61.343757417572945,16900.215455293655
350422,1357,-345.49999999999983,232,0,1,False,0,pistol,,,,,,,3.2086868796417614,16972.519309282303
350638,1358,-333.6999999999998,216,0,1,False,0,pistol,,,,,,,61.27888609923088,16976.044295072556
350839,1359,-347.2999999999998,201,0,1,False,0,pistol,,,,,,,61.29692054366161,16979.323563098907
351044,1360,-347.4999999999998,205,0,1,False,0,pistol,,,,,,,61.1411142609666,16982.6765999794
351244,1361,-352.79999999999984,200,0,1,False,0,pistol,,,,,,,61.25514137498771,16985.94176197052
351430,1362,-343.69999999999976,186,0,1,False,0,pistol,,,,,,,61.06716020916901,16988.987725019455
351659,1363,-362.59999999999974,229,0,1,False,0,pistol,,,,,,,61.35138432796805,16992.720455169678
351850,1364,-381.8999999999997,191,0,1,False,0,pistol,,,,,,,61.14725389535955,16995.84425187111
352045,1365,-382.4999999999997,195,0,1,False,0,pistol,,,,,,,61.33635207032587,16999.023562431335
352247,1366,-328.5999999999998,202,0,1,False,0,pistol,,,,,,,61.355359337354415,17002.31600189209
352465,1367,-343.29999999999984,218,0,1,False,0,pistol,,,,,,,3.0414855474278517,17073.99160885811
352661,1368,-375.99999999999966,196,0,1,False,0,pistol,,,,,,,61.24156237414909,17077.192190170288
352847,1369,-376.6999999999997,186,0,1,False,0,pistol,,,,,,,61.001551349674216,17080.2414124012
353049,1370,-365.19999999999976,202,0,1,False,0,pistol,,,,,,,61.18019977000995,17083.543324947357
353255,1371,-316.2999999999999,206,0,1,False,0,pistol,,,,,,,61.27868388790488,17086.905146837234
353496,1372,-394.59999999999985,241,0,1,False,0,pistol,,,,,,,61.33764052573217,17090.83433842659
353718,1373,-372.8999999999997,222,0,1,False,0,pistol,,,,,,,61.21037224821842,17094.461314201355
353908,1374,-347.79999999999984,190,0,1,False,0,pistol,,,,,,,61.166836754117405,17097.56769156456
354111,1375,-407.0999999999995,203,0,1,False,0,pistol,,,,,,,61.24288418891906,17100.88247871399
354322,1376,-448.6999999999995,211,0,1,False,0,pistol,,,,,,,2.9032473598411834,17173.55984044075
354532,1377,-327.1999999999998,210,0,1,False,0,pistol,,,,,,,61.26510215048752,17176.98768234253
354698,1378,-321.39999999999986,166,0,1,False,0,pistol,,,,,,,60.956531552255456,17179.71107983589
354921,1379,-369.3999999999997,223,0,1,False,0,pistol,,,,,,,61.22336475722793,17183.353621006012
355089,1380,-322.3999999999999,168,0,1,False,0,pistol,,,,,,,60.89716207705915,17186.112495422363
355316,1381,-334.1999999999998,227,0,1,False,0,pistol,,,,,,,61.40344819002077,17189.809485912323
355543,1382,-431.1999999999996,227,0,1,False,0,pistol,,,,,,,61.44914937990449,17193.50373339653
355758,1383,-343.7999999999998,215,0,1,False,0,pistol,,,,,,,61.41656429157823,17197.00456929207
355942,1384,-380.1999999999997,184,0,1,False,0,pistol,,,,,,,61.177260459422435,17200.01235795021
356155,1385,-336.99999999999983,213,0,1,False,0,pistol,,,,,,,61.340194785127274,17203.484934806824
356360,1386,-413.1999999999995,205,0,1,False,0,pistol,,,,,,,2.863455095346956,17275.0769200325
356601,1387,-379.2999999999998,241,0,1,False,0,pistol,,,,,,,61.456931635689145,17278.998467445374
356818,1388,-339.59999999999974,217,0,1,False,0,pistol,,,,,,,61.22010595762072,17282.543194055557
357033,1389,-457.1999999999994,215,0,1,False,0,pistol,,,,,,,61.313058630905495,17286.049895763397
357214,1390,-365.9999999999997,181,0,1,False,0,pistol,,,,,,,61.139561979015035,17289.010477781296
357430,1391,-337.59999999999985,216,0,1,False,0,pistol,,,,,,,61.38111482406269,17292.529621362686
357655,1392,-356.4999999999998,225,0,1,False,0,pistol,,,,,,,61.36124108931798,17296.196552038193
357860,1393,-313.19999999999993,205,0,1,False,0,pistol,,,,,,,61.37389120898095,17299.53684568405
358040,1394,-346.4999999999998,180,0,1,False,0,pistol,,,,,,,61.15868894386425,17302.480140447617
358262,1395,-338.1999999999998,222,0,1,False,0,pistol,,,,,,,61.371461677253514,17306.09760403633
358477,1396,-386.0999999999996,215,0,1,False,0,pistol,,,,,,,2.9952854320784246,17377.8771879673
358679,1397,-373.1999999999997,202,0,1,False,0,pistol,,,,,,,61.21684564493049,17381.177049160004
358860,1398,-353.6999999999998,181,0,1,False,0,pistol,,,,,,,61.013250590246116,17384.143756389618
359032,1399,-341.49999999999983,172,0,1,False,0,pistol,,,,,,,60.99257921943023,17386.96390414238
359228,1400,-383.99999999999966,196,0,1,False,0,pistol,,,,,,,61.09136458807465,17390.172338962555
359410,1401,-361.19999999999976,182,0,1,False,0,pistol,,,,,,,61.048446516704516,17393.15372943878
359618,1402,-420.09999999999945,208,0,1,False,0,pistol,,,,,,,61.324583087630415,17396.545660495758
359782,1403,-326.5999999999999,164,0,1,False,0,pistol,,,,,,,61.01775608149872,17399.233536720276
359955,1404,-346.0999999999998,173,0,1,False,0,pistol,,,,,,,61.25389778756823,17402.057991027832
360198,1405,-453.69999999999953,243,0,1,False,0,pistol,,,,,,,61.269817143823786,17406.024173498154
360367,1406,-322.5999999999999,169,0,1,False,0,pistol,,,,,,,61.06768178867871,17408.791708230972
360573,1407,-338.6999999999999,206,0,1,False,0,pistol,,,,,,,2.875059204346359,17480.442536592484
360781,1408,-398.39999999999975,208,0,1,False,0,pistol,,,,,,,61.254403689242544,17483.838351249695
360973,1409,-360.8999999999997,192,0,1,False,0,pistol,,,,,,,61.04841951190003,17486.983508825302
361145,1410,-336.8999999999998,172,0,1,False,0,pistol,,,,,,,61.05288881467889,17489.800916194916
361344,1411,-377.5999999999997,199,0,1,False,0,pistol,,,,,,,61.18604051929072,17493.053436279297
361575,1412,-374.59999999999974,231,0,1,False,0,pistol,,,,,,,61.296255274938964,17496.82215833664
361771,1413,-379.99999999999966,196,0,1,False,0,pistol,,,,,,,61.22567171213216,17500.023619413376
361993,1414,-333.1999999999998,222,0,1,False,0,pistol,,,,,,,61.3593977716666,17503.641792297363
362208,1415,-336.79999999999984,215,0,1,False,0,pistol,,,,,,,61.31648554872105,17507.148343086243
362422,1416,-341.8999999999998,214,0,1,False,0,pistol,,,,,,,61.38280096398198,17510.63477921486
362623,1417,-370.9999999999997,201,0,1,False,0,pistol,,,,,,,2.805312871367702,17582.284667491913
362793,1418,-334.79999999999984,170,0,1,False,0,pistol,,,,,,,60.826647746694626,17585.079603672028
363006,1419,-330.7999999999998,213,0,1,False,0,pistol,,,,,,,61.155851227937205,17588.56263923645
363211,1420,-356.1999999999998,205,0,1,False,0,pistol,,,,,,,61.233759028933754,17591.91058087349
363419,1421,-366.39999999999975,208,0,1,False,0,pistol,,,,,,,61.270686624942364,17595.305463314056
363623,1422,-373.59999999999974,204,0,1,False,0,pistol,,,,,,,61.29903739139623,17598.633521318436
363820,1423,-394.89999999999964,197,0,1,False,0,pistol,,,,,,,61.09633463201949,17601.85805416107
364061,1424,-415.6999999999997,241,0,1,False,0,pistol,,,,,,,61.41288748828187,17605.782426595688
364288,1425,-359.19999999999976,227,0,1,False,0,pistol,,,,,,,61.42918340240974,17609.477819681168
364466,1426,-342.0999999999998,178,0,1,False,0,pistol,,,,,,,61.05041806740023,17612.393599271774
364663,1427,-316.79999999999995,197,0,1,False,0,pistol,,,,,,,2.7562108126125007,17683.868682146072
364878,1428,-420.1999999999996,215,0,1,False,0,pistol,,,,,,,61.31351719868033,17687.37539625168
365106,1429,-344.09999999999974,228,0,1,False,0,pistol,,,,,,,61.37836058578867,17691.09015774727
365308,1430,-385.1999999999997,202,0,1,False,0,pistol,,,,,,,61.12817091109429,17694.39482808113
365536,1431,-463.79999999999944,228,0,1,False,0,pistol,,,,,,,61.39531278920456,17698.108615636826
365755,1432,-422.19999999999965,219,0,1,False,0,pistol,,,,,,,61.246866553617046,17701.684431791306
365976,1433,-326.6999999999998,221,0,1,False,0,pistol,,,,,,,61.35130244106973,17705.286771059036
366185,1434,-396.29999999999956,209,0,1,False,0,pistol,,,,,,,61.20502174549014,17708.70169901848
366396,1435,-426.99999999999943,211,0,1,False,0,pistol,,,,,,,61.30163411104375,17712.143809080124
366602,1436,-406.99999999999955,206,0,1,False,0,pistol,,,,,,,2.8407403547417105,17784.660247564316
366817,1437,-339.79999999999984,215,0,1,False,0,pistol,,,,,,,61.339704456711814,17788.165421247482
367002,1438,-330.1999999999998,185,0,1,False,0,pistol,,,,,,,61.05900329379489,17791.195452451706
367205,1439,-371.6999999999997,203,0,1,False,0,pistol,,,,,,,61.423703830885,17794.500474452972
367441,1440,-369.2999999999997,236,0,1,False,0,pistol,,,,,,,61.335930390056085,17798.348232507706
367665,1441,-353.5999999999997,224,0,1,False,0,pistol,,,,,,,61.39451271944708,17801.996899843216
367873,1442,-437.09999999999945,208,0,1,False,0,pistol,,,,,,,61.32060027630338,17805.389091968536
368112,1443,-337.1999999999998,239,0,1,False,0,pistol,,,,,,,61.47399034213642,17809.277074575424
368281,1444,-334.59999999999985,169,0,1,False,0,pistol,,,,,,,61.07502190028943,17812.044267416
368511,1445,-355.0999999999998,230,0,1,False,0,pistol,,,,,,,59.82960509195138,17815.888639450073
368698,1446,-378.09999999999974,187,0,1,False,0,pistol,,,,,,,2.622750086459464,17887.18793320656
368898,1447,-364.7999999999997,200,0,1,False,0,pistol,,,,,,,61.239981787025144,17890.453944683075
369073,1448,-341.4999999999998,175,0,1,False,0,pistol,,,,,,,61.1263759828687,17893.317026138306
369293,1449,-347.0999999999998,220,0,1,False,0,pistol,,,,,,,61.52418200231402,17896.892965078354
369513,1450,-410.4999999999995,220,0,1,False,0,pistol,,,,,,,61.070448963794284,17900.49547433853
369731,1451,-318.69999999999993,218,0,1,False,0,pistol,,,,,,,61.433148929174166,17904.044203042984
369936,1452,-328.1999999999999,205,0,1,False,0,pistol,,,,,,,61.37478490545405,17907.384452819824
370149,1453,-373.7999999999998,213,0,1,False,0,pistol,,,,,,,61.29508346313163,17910.859553337097
370344,1454,-412.4999999999996,195,0,1,False,0,pistol,,,,,,,61.095219555746255,17914.05142736435
370576,1455,-359.19999999999976,232,0,1,False,0,pistol,,,,,,,61.537558976112834,17917.821653604507
370748,1456,-340.8999999999998,172,0,1,False,0,pistol,,,,,,,2.417587234694102,17988.96709370613
370976,1457,-356.6999999999997,228,0,1,False,0,pistol,,,,,,,61.33497457452968,17992.68448615074
371184,1458,-384.0999999999996,208,0,1,False,0,pistol,,,,,,,61.21502919205641,17996.082476377487
371382,1459,-374.6999999999997,198,0,1,False,0,pistol,,,,,,,61.12555845642824,17999.32182407379
371580,1460,-362.6999999999997,198,0,1,False,0,pistol,,,,,,,61.11612091197284,18002.56173491478
371779,1461,-400.59999999999957,199,0,1,False,0,pistol,,,,,,,61.303448385778765,18005.80803513527
371987,1462,-332.09999999999985,208,0,1,False,0,pistol,,,,,,,61.15121188595064,18009.20952773094
372189,1463,-384.7999999999997,202,0,1,False,0,pistol,,,,,,,61.27125434223482,18012.506460428238
372400,1464,-326.3999999999998,211,0,1,False,0,pistol,,,,,,,61.28804499729224,18015.949370145798
372625,1465,-361.09999999999974,225,0,1,False,0,pistol,,,,,,,61.3809009021197,18019.615146636963
372822,1466,-385.89999999999975,197,0,1,False,0,pistol,,,,,,,2.746057738028825,18091.354477643967
373012,1467,-381.0999999999997,190,0,1,False,0,pistol,,,,,,,61.15377387267269,18094.461498260498
373241,1468,-352.2999999999997,229,0,1,False,0,pistol,,,,,,,61.46629858819491,18098.187260866165
373474,1469,-365.6999999999997,233,0,1,False,0,pistol,,,,,,,61.43078636043996,18101.98025560379
373678,1470,-316.29999999999995,204,0,1,False,0,pistol,,,,,,,61.3233893900916,18105.306990623474
373851,1471,-343.3999999999998,173,0,1,False,0,pistol,,,,,,,61.100887864947524,18108.138545513153
374050,1472,-399.99999999999955,199,0,1,False,0,pistol,,,,,,,61.342208161200304,18111.3827958107
374292,1473,-380.09999999999974,242,0,1,False,0,pistol,,,,,,,60.033120308016,18115.41402578354
374498,1474,-406.99999999999955,206,0,1,False,0,pistol,,,,,,,61.20431822828026,18118.779888868332
374697,1475,-438.99999999999955,199,0,1,False,0,pistol,,,,,,,61.24117864542165,18122.02950000763
374868,1476,-338.3999999999998,171,0,1,False,0,pistol,,,,,,,2.4048406360425507,18193.136210918427
375040,1477,-342.8999999999998,172,0,1,False,0,pistol,,,,,,,60.923836452052285,18195.959555864334
375223,1478,-333.9999999999999,183,0,1,False,0,pistol,,,,,,,61.12743432181118,18198.953422307968
375455,1479,-404.5999999999997,232,0,1,False,0,pistol,,,,,,,61.32517276484633,18202.736656188965
375651,1480,-393.6999999999996,196,0,1,False,0,pistol,,,,,,,60.99113455642995,18205.950388908386
375882,1481,-371.39999999999964,231,0,1,False,0,pistol,,,,,,,61.246135722483544,18209.722227811813
376058,1482,-341.6999999999998,176,0,1,False,0,pistol,,,,,,,61.134130906488394,18212.60125732422
376267,1483,-392.59999999999974,209,0,1,False,0,pistol,,,,,,,61.09251519595319,18216.022431850433
376481,1484,-390.9999999999996,214,0,1,False,0,pistol,,,,,,,61.12101105655849,18219.523818016052
376720,1485,-392.89999999999964,239,0,1,False,0,pistol,,,,,,,61.38525927566595,18223.41740655899
376940,1486,-399.39999999999975,220,0,1,False,0,pistol,,,,,,,3.0562180990321415,18295.401916503906
377131,1487,-380.69999999999965,191,0,1,False,0,pistol,,,,,,,61.18423149302246,18298.523756742477
377344,1488,-325.69999999999993,213,0,1,False,0,pistol,,,,,,,61.228684234044806,18302.002652168274
377556,1489,-348.89999999999975,212,0,1,False,0,pistol,,,,,,,61.243206884643456,18305.46439409256
377754,1490,-400.79999999999956,198,0,1,False,0,pistol,,,,,,,61.26438069965011,18308.696415901184
377958,1491,-316.29999999999995,204,0,1,False,0,pistol,,,,,,,61.1909329021457,18312.03035402298
378149,1492,-381.29999999999967,191,0,1,False,0,pistol,,,,,,,61.218241003514706,18315.15044784546
378370,1493,-393.89999999999975,221,0,1,False,0,pistol,,,,,,,61.20294083274295,18318.76153421402
378598,1494,-341.99999999999983,228,0,1,False,0,pistol,,,,,,,61.380499782796896,18322.47619986534
378803,1495,-382.79999999999967,205,0,1,False,0,pistol,,,,,,,61.10461593980278,18325.83124089241
378986,1496,-361.9999999999997,183,0,1,False,0,pistol,,,,,,,2.5194963999723443,18398.464955329895
379191,1497,-357.0999999999998,205,0,1,False,0,pistol,,,,,,,61.30016775281804,18401.80929994583
379415,1498,-334.79999999999984,224,0,1,False,0,pistol,,,,,,,61.26333533952841,18405.46575164795
379614,1499,-378.29999999999967,199,0,1,False,0,pistol,,,,,,,61.31256286589669,18408.71154665947
379850,1500,-358.69999999999976,236,0,1,False,0,pistol,,,,,,,61.286508570247946,18412.562398433685
380015,1501,-321.1999999999999,165,0,1,False,0,pistol,,,,,,,59.90548567093592,18415.316848278046
380219,1502,-328.2999999999999,204,0,1,False,0,pistol,,,,,,,61.064616425480715,18418.657675266266
380443,1503,-445.9999999999995,224,0,1,False,0,pistol,,,,,,,61.34002722265225,18422.309595823288
380650,1504,-418.1999999999995,207,0,1,False,0,pistol,,,,,,,61.15896530992414,18425.694331407547
380880,1505,-334.1999999999998,230,0,1,False,0,pistol,,,,,,,61.38518546893694,18429.44131422043
381103,1506,-381.69999999999976,223,0,1,False,0,pistol,,,,,,,3.1003724909452814,18501.36829972267
381296,1507,-326.6999999999999,193,0,1,False,0,pistol,,,,,,,61.207168589732056,18504.521638154984
381491,1508,-396.1999999999996,195,0,1,False,0,pistol,,,,,,,61.19777871374336,18507.708132267
381694,1509,-407.0999999999995,203,0,1,False,0,pistol,,,,,,,61.17394284761796,18511.026671886444
381917,1510,-355.7999999999998,223,0,1,False,0,pistol,,,,,,,61.23037461413098,18514.668783664703
382122,1511,-447.1999999999995,205,0,1,False,0,pistol,,,,,,,61.27594847654676,18518.014451026917
382325,1512,-365.39999999999975,203,0,1,False,0,pistol,,,,,,,61.26000276857398,18521.32834506035
382560,1513,-355.7999999999997,235,0,1,False,0,pistol,,,,,,,61.35620253181892,18525.158554792404
382767,1514,-346.1999999999998,207,0,1,False,0,pistol,,,,,,,61.240424307898316,18528.538801670074
382952,1515,-358.4999999999998,185,0,1,False,0,pistol,,,,,,,60.910199585781946,18531.576204061508
383136,1516,-347.2999999999998,184,0,1,False,0,pistol,,,,,,,2.5762947573716612,18602.996754407883
383348,1517,-408.8999999999995,212,0,1,False,0,pistol,,,,,,,61.269568892709884,18606.457016706467
383556,1518,-343.5999999999998,208,0,1,False,0,pistol,,,,,,,61.248718531247114,18609.85311603546
383788,1519,-353.19999999999976,232,0,1,False,0,pistol,,,,,,,61.317625693351545,18613.6368496418
384005,1520,-349.8999999999998,217,0,1,False,0,pistol,,,,,,,61.32413825630287,18617.175562143326
384218,1521,-340.3999999999998,213,0,1,False,0,pistol,,,,,,,61.31653452256504,18620.64942598343
384409,1522,-381.29999999999967,191,0,1,False,0,pistol,,,,,,,61.11973886830317,18623.774559020996
384635,1523,-379.2999999999998,226,0,1,False,0,pistol,,,,,,,59.83555851001546,18627.551691055298
384841,1524,-316.2999999999999,206,0,1,False,0,pistol,,,,,,,61.32400726127686,18630.91102695465
385045,1525,-386.19999999999965,204,0,1,False,0,pistol,,,,,,,2.832731320250689,18702.926469564438
385269,1526,-338.1999999999998,224,0,1,False,0,pistol,,,,,,,61.35291735271988,18706.5775680542
385480,1527,-425.6999999999995,211,0,1,False,0,pistol,,,,,,,61.139121914635375,18710.028846502304
385679,1528,-399.99999999999955,199,0,1,False,0,pistol,,,,,,,61.00035357800034,18713.29129743576
385881,1529,-432.8999999999995,202,0,1,False,0,pistol,,,,,,,59.89160110985276,18716.664221048355
386080,1530,-351.2999999999998,199,0,1,False,0,pistol,,,,,,,61.22922856071206,18719.914418697357
386276,1531,-363.9999999999997,196,0,1,False,0,pistol,,,,,,,61.08574020364599,18723.123165369034
386500,1532,-353.6999999999999,224,0,1,False,0,pistol,,,,,,,61.407514060783576,18726.77106833458
386686,1533,-343.69999999999976,186,0,1,False,0,pistol,,,,,,,61.06179733859226,18729.817305088043
386903,1534,-470.59999999999934,217,0,1,False,0,pistol,,,,,,,61.13055900742932,18733.367270231247
387087,1535,-343.2999999999998,184,0,1,False,0,pistol,,,,,,,2.581305901438158,18804.649146080017
387308,1536,-384.99999999999966,221,0,1,False,0,pistol,,,,,,,61.45232283304831,18808.245528697968
387480,1537,-340.8999999999998,172,0,1,False,0,pistol,,,,,,,61.00047503608431,18811.06530189514
387680,1538,-402.49999999999955,200,0,1,False,0,pistol,,,,,,,61.185255130512886,18814.334178686142
387892,1539,-379.19999999999965,212,0,1,False,0,pistol,,,,,,,61.32233567808893,18817.791457414627
388097,1540,-356.0999999999998,205,0,1,False,0,pistol,,,,,,,61.208224003143584,18821.140793323517
388317,1541,-370.49999999999966,220,0,1,False,0,pistol,,,,,,,61.365630129891414,18824.725972652435
388515,1542,-390.7999999999996,198,0,1,False,0,pistol,,,,,,,61.17143365597772,18827.962928056717
388691,1543,-350.2999999999997,176,0,1,False,0,pistol,,,,,,,60.99552133375562,18830.848514080048
388888,1544,-393.59999999999957,197,0,1,False,0,pistol,,,,,,,61.03847432677297,18834.076099157333
389075,1545,-338.1999999999998,187,0,1,False,0,pistol,,,,,,,58.997701049823576,18837.24584054947
389248,1546,-343.3999999999998,173,0,1,False,0,pistol,,,,,,,2.43080625039375,18908.415787935257
389470,1547,-346.8999999999998,222,0,1,False,0,pistol,,,,,,,61.376562864184926,18912.0329144001
389649,1548,-361.5999999999998,179,0,1,False,0,pistol,,,,,,,61.090722088712745,18914.963161945343
389868,1549,-347.2999999999998,219,0,1,False,0,pistol,,,,,,,61.27809898665101,18918.537176132202
390041,1550,-343.3999999999998,173,0,1,False,0,pistol,,,,,,,61.086819411512394,18921.369329690933
390275,1551,-417.5999999999997,234,0,1,False,0,pistol,,,,,,,61.451910000586054,18925.17730808258
390470,1552,-387.7999999999996,195,0,1,False,0,pistol,,,,,,,59.922930730557944,18928.431615829468
390678,1553,-312.69999999999993,208,0,1,False,0,pistol,,,,,,,61.492754392401366,18931.8142683506
390842,1554,-321.5999999999999,164,0,1,False,0,pistol,,,,,,,59.103550453214154,18934.589163780212
391051,1555,-425.29999999999944,209,0,1,False,0,pistol,,,,,,,61.22981718565229,18938.002650499344
391214,1556,-326.39999999999986,163,0,1,False,0,pistol,,,,,,,2.2863662800361966,19009.29493188858
391413,1557,-311.99999999999994,199,0,1,False,0,pistol,,,,,,,61.129394304741126,19012.55047249794
391585,1558,-340.8999999999998,172,0,1,False,0,pistol,,,,,,,59.071777724736044,19015.462295532227
391775,1559,-380.49999999999966,190,0,1,False,0,pistol,,,,,,,61.166813280048494,19018.568643331528
391975,1560,-400.19999999999953,200,0,1,False,0,pistol,,,,,,,61.28807559892916,19021.832047700882
392176,1561,-423.99999999999955,201,0,1,False,0,pistol,,,,,,,61.14806096795768,19025.119248390198
392395,1562,-350.89999999999975,219,0,1,False,0,pistol,,,,,,,61.25521496448935,19028.694596529007
392614,1563,-383.59999999999974,219,0,1,False,0,pistol,,,,,,,61.22201859003331,19032.271898508072
392816,1564,-400.59999999999957,202,0,1,False,0,pistol,,,,,,,61.16151799059458,19035.57479286194
393038,1565,-343.4999999999998,222,0,1,False,0,pistol,,,,,,,61.2815959380755,19039.19752573967
393249,1566,-348.99999999999983,211,0,1,False,0,pistol,,,,,,,2.9357327477919712,19111.070693016052
393425,1567,-341.6999999999998,176,0,1,False,0,pistol,,,,,,,61.1052407647336,19113.951083898544
393606,1568,-361.5999999999998,181,0,1,False,0,pistol,,,,,,,61.12178214944097,19116.912497520447
393810,1569,-379.89999999999964,204,0,1,False,0,pistol,,,,,,,61.32159187391706,19120.239371538162
394037,1570,-389.5999999999997,227,0,1,False,0,pistol,,,,,,,61.28406373753183,19123.94356751442
394245,1571,-446.7999999999995,208,0,1,False,0,pistol,,,,,,,61.06682753010275,19127.349804878235
394456,1572,-346.59999999999985,211,0,1,False,0,pistol,,,,,,,61.313606522395794,19130.79126906395
394655,1573,-363.9999999999997,199,0,1,False,0,pistol,,,,,,,61.14656394823249,19134.045900583267
394819,1574,-325.09999999999997,164,0,1,False,0,pistol,,,,,,,58.45846544647649,19136.851455926895
395005,1575,-343.69999999999976,186,0,1,False,0,pistol,,,,,,,60.94814668982279,19139.90335869789
395219,1576,-332.1999999999998,214,0,1,False,0,pistol,,,,,,,61.2472231242625,19143.397507190704
395444,1577,-358.79999999999984,225,0,1,False,0,pistol,,,,,,,3.115067748398761,19215.627272605896
395662,1578,-337.3999999999998,218,0,1,False,0,pistol,,,,,,,61.400554698478224,19219.17785835266
395888,1579,-360.29999999999967,226,0,1,False,0,pistol,,,,,,,61.403375384915755,19222.85853409767
396055,1580,-322.19999999999993,167,0,1,False,0,pistol,,,,,,,61.17127392971697,19225.588685035706
396296,1581,-445.89999999999964,241,0,1,False,0,pistol,,,,,,,59.88067338230723,19229.613461732864
396474,1582,-342.0999999999998,178,0,1,False,0,pistol,,,,,,,61.017302396620494,19232.53079843521
396694,1583,-337.79999999999984,220,0,1,False,0,pistol,,,,,,,61.192700327772485,19236.126150608063
396870,1584,-341.6999999999998,176,0,1,False,0,pistol,,,,,,,60.9208105185557,19239.01528263092
397108,1585,-419.39999999999964,238,0,1,False,0,pistol,,,,,,,61.47149218403951,19242.88713002205
397262,1586,-306.29999999999995,154,0,1,False,0,pistol,,,,,,,61.081390465568624,19245.408467531204
397463,1587,-364.39999999999975,201,0,1,False,0,pistol,,,,,,,2.791921220749259,19317.402009487152
397675,1588,-419.1999999999995,212,0,1,False,0,pistol,,,,,,,61.273917617579286,19320.86202430725
397875,1589,-402.49999999999955,200,0,1,False,0,pistol,,,,,,,61.12319204902325,19324.134249448776
398083,1590,-421.7999999999996,208,0,1,False,0,pistol,,,,,,,61.121166533564875,19327.53745532036
398264,1591,-347.6999999999998,181,0,1,False,0,pistol,,,,,,,60.869938757147416,19330.511162281036
398448,1592,-362.7999999999997,184,0,1,False,0,pistol,,,,,,,60.93036594445186,19333.531140327454
398637,1593,-362.59999999999974,189,0,1,False,0,pistol,,,,,,,61.166820061444334,19336.621174812317
398814,1594,-343.5999999999998,177,0,1,False,0,pistol,,,,,,,60.86745841695801,19339.529231786728
399016,1595,-365.1999999999997,202,0,1,False,0,pistol,,,,,,,61.04867670731057,19342.83822131157
399209,1596,-353.09999999999974,193,0,1,False,0,pistol,,,,,,,60.97952792016366,19346.003353834152
399399,1597,-357.09999999999974,190,0,1,False,0,pistol,,,,,,,2.653243911095743,19417.613923072815
399603,1598,-344.59999999999985,204,0,1,False,0,pistol,,,,,,,61.32651002295557,19420.940494775772
399816,1599,-437.09999999999945,213,0,1,False,0,pistol,,,,,,,61.20225033612412,19424.420897483826
400012,1600,-389.3999999999997,196,0,1,False,0,pistol,,,,,,,61.167174543173424,19427.625363349915
400244,1601,-352.1999999999998,232,0,1,False,0,pistol,,,,,,,61.28040057648049,19431.411371946335
400448,1602,-361.59999999999974,204,0,1,False,0,pistol,,,,,,,61.26251273829189,19434.741446971893
400663,1603,-332.9999999999999,215,0,1,False,0,pistol,,,,,,,61.309319475153956,19438.24837756157
400870,1604,-383.89999999999964,207,0,1,False,0,pistol,,,,,,,61.264143917732746,19441.6273021698
401091,1605,-433.2999999999996,221,0,1,False,0,pistol,,,,,,,61.23659284403358,19445.236426591873
401275,1606,-349.5999999999998,184,0,1,False,0,pistol,,,,,,,61.09971258070605,19448.248010396957
401447,1607,-340.8999999999998,172,0,1,False,0,pistol,,,,,,,2.405783824546071,19519.74249100685
401649,1608,-358.89999999999975,202,0,1,False,0,pistol,,,,,,,61.176268140337626,19523.044513225555
401877,1609,-336.0999999999998,228,0,1,False,0,pistol,,,,,,,61.402806739441594,19526.757861852646
402079,1610,-406.8999999999995,202,0,1,False,0,pistol,,,,,,,60.956803989185836,19530.071798324585
402313,1611,-390.8999999999996,234,0,1,False,0,pistol,,,,,,,59.46178923515947,19534.00720834732
402534,1612,-369.99999999999966,221,0,1,False,0,pistol,,,,,,,61.10970692706987,19537.62374830246
402743,1613,-402.59999999999957,209,0,1,False,0,pistol,,,,,,,61.42462777052469,19541.026427030563
402901,1614,-315.0999999999999,158,0,1,False,0,pistol,,,,,,,60.85548947802485,19543.622841358185
403126,1615,-373.3999999999998,225,0,1,False,0,pistol,,,,,,,61.36918172226386,19547.2893307209
403324,1616,-382.0999999999997,198,0,1,False,0,pistol,,,,,,,61.11925144256934,19550.529057741165
403500,1617,-341.6999999999998,176,0,1,False,0,pistol,,,,,,,2.4594763879006787,19622.08915567398
403741,1618,-378.2999999999997,241,0,1,False,0,pistol,,,,,,,61.30954480407131,19626.020146369934
403945,1619,-337.5999999999998,204,0,1,False,0,pistol,,,,,,,61.1730968726894,19629.35505437851
404165,1620,-369.3999999999997,220,0,1,False,0,pistol,,,,,,,60.920755215253514,19632.966438531876
404358,1621,-361.0999999999998,193,0,1,False,0,pistol,,,,,,,61.17503519545351,19636.121433019638
404558,1622,-394.49999999999966,200,0,1,False,0,pistol,,,,,,,61.14942676202992,19639.392243623734
404770,1623,-351.4999999999998,212,0,1,False,0,pistol,,,,,,,61.04340681670895,19642.865295410156
404969,1624,-360.59999999999974,199,0,1,False,0,pistol,,,,,,,61.001263047975506,19646.127645254135
405186,1625,-367.7999999999998,217,0,1,False,0,pistol,,,,,,,61.293363252574686,19649.668122768402
405396,1626,-404.7999999999996,210,0,1,False,0,pistol,,,,,,,61.081753979051854,19653.106253385544
405621,1627,-366.4999999999998,225,0,1,False,0,pistol,,,,,,,3.124258439671009,19725.12349295616
405787,1628,-326.9999999999999,166,0,1,False,0,pistol,,,,,,,60.96218363784606,19727.846579551697
405990,1629,-365.39999999999975,203,0,1,False,0,pistol,,,,,,,61.11908306269991,19731.168125867844
406208,1630,-380.39999999999964,218,0,1,False,0,pistol,,,,,,,61.275084677601214,19734.72603583336
406445,1631,-427.59999999999957,237,0,1,False,0,pistol,,,,,,,61.150864567558735,19738.601851463318
406645,1632,-402.49999999999955,200,0,1,False,0,pistol,,,,,,,61.250404874676505,19741.867295265198
406853,1633,-407.3999999999995,208,0,1,False,0,pistol,,,,,,,61.178386510639726,19745.267287492752
407077,1634,-404.2999999999996,224,0,1,False,0,pistol,,,,,,,61.14846936192053,19748.930618286133
407249,1635,-340.8999999999998,172,0,1,False,0,pistol,,,,,,,60.9348539082773,19751.753433942795
407477,1636,-364.0999999999997,228,0,1,False,0,pistol,,,,,,,61.345007621447614,19755.47025847435
407671,1637,-326.9999999999999,194,0,1,False,0,pistol,,,,,,,2.709713193586419,19827.06467318535
407885,1638,-359.2999999999998,214,0,1,False,0,pistol,,,,,,,61.18102426666765,19830.56259560585
408093,1639,-374.3999999999997,208,0,1,False,0,pistol,,,,,,,61.02067623354004,19833.97140645981
408256,1640,-320.7999999999999,163,0,1,False,0,pistol,,,,,,,60.87068123599424,19836.64932513237
408456,1641,-400.1999999999996,200,0,1,False,0,pistol,,,,,,,59.93703780446852,19839.986269712448
408648,1642,-384.89999999999964,192,0,1,False,0,pistol,,,,,,,60.971470680359154,19843.135427236557
408878,1643,-346.79999999999984,230,0,1,False,0,pistol,,,,,,,61.29763499345525,19846.887768268585
409087,1644,-374.2999999999998,209,0,1,False,0,pistol,,,,,,,61.232122471853685,19850.301144599915
409248,1645,-314.59999999999997,161,0,1,False,0,pistol,,,,,,,60.78952618530192,19852.949770212173
409458,1646,-382.19999999999965,210,0,1,False,0,pistol,,,,,,,61.200827541641985,19856.38122200966
409676,1647,-335.29999999999984,218,0,1,False,0,pistol,,,,,,,3.0300484436852955,19928.327378749847
409862,1648,-360.2999999999997,186,0,1,False,0,pistol,,,,,,,61.11190181932607,19931.371099472046
410076,1649,-339.49999999999983,214,0,1,False,0,pistol,,,,,,,61.25986798820422,19934.864562034607
410271,1650,-382.0999999999997,195,0,1,False,0,pistol,,,,,,,61.185097332260376,19938.051775693893
410468,1651,-332.59999999999985,197,0,1,False,0,pistol,,,,,,,61.307171543213954,19941.265241861343
410660,1652,-363.1999999999997,192,0,1,False,0,pistol,,,,,,,61.165099574976935,19944.40439915657
410879,1653,-318.8999999999999,219,0,1,False,0,pistol,,,,,,,61.27394181423325,19947.978638887405
411060,1654,-324.9999999999999,181,0,1,False,0,pistol,,,,,,,60.86859664017615,19950.952388048172
411304,1655,-424.8999999999997,244,0,1,False,0,pistol,,,,,,,61.432242782803705,19954.924387454987
411504,1656,-382.49999999999966,200,0,1,False,0,pistol,,,,,,,61.15098248174661,19958.195115089417
411700,1657,-327.3999999999998,196,0,1,False,0,pistol,,,,,,,2.7534260944410716,20029.37931060791
411914,1658,-335.9999999999998,214,0,1,False,0,pistol,,,,,,,61.29293650235975,20032.870846271515
412117,1659,-401.9999999999996,203,0,1,False,0,pistol,,,,,,,61.33245606155636,20036.18088555336
412313,1660,-381.69999999999965,196,0,1,False,0,pistol,,,,,,,61.068914091162604,20039.390465974808
412525,1661,-318.49999999999994,212,0,1,False,0,pistol,,,,,,,61.27385850455923,20042.850480556488
412749,1662,-333.5999999999998,224,0,1,False,0,pistol,,,,,,,61.26600397178719,20046.506789684296
412970,1663,-396.89999999999975,221,0,1,False,0,pistol,,,,,,,61.188978208608376,20050.118674755096
413158,1664,-353.99999999999983,188,0,1,False,0,pistol,,,,,,,60.92072355228624,20053.204796552658
413387,1665,-338.9999999999998,229,0,1,False,0,pistol,,,,,,,61.32803715480793,20056.93897294998
413568,1666,-342.6999999999998,181,0,1,False,0,pistol,,,,,,,61.10705713887854,20059.901151418686
413785,1667,-337.1999999999998,217,0,1,False,0,pistol,,,,,,,3.0071586126884315,20132.062449216843
413989,1668,-360.2999999999997,204,0,1,False,0,pistol,,,,,,,61.12482075385501,20135.400000810623
414217,1669,-358.9999999999998,228,0,1,False,0,pistol,,,,,,,61.293519797497716,20139.11989760399
414410,1670,-381.6999999999997,193,0,1,False,0,pistol,,,,,,,61.21739803814094,20142.272696495056
414614,1671,-347.8999999999998,204,0,1,False,0,pistol,,,,,,,61.350575931982185,20145.59793138504
414853,1672,-414.59999999999974,239,0,1,False,0,pistol,,,,,,,61.3208715987773,20149.495589017868
415043,1673,-348.49999999999983,190,0,1,False,0,pistol,,,,,,,60.96946247003524,20152.612065553665
415246,1674,-334.39999999999986,203,0,1,False,0,pistol,,,,,,,59.86124434409182,20156.003393411636
415452,1675,-385.99999999999966,206,0,1,False,0,pistol,,,,,,,61.199159444113434,20159.369536161423
415633,1676,-360.3999999999997,181,0,1,False,0,pistol,,,,,,,61.159505212948815,20162.32913351059
415838,1677,-409.7999999999995,205,0,1,False,0,pistol,,,,,,,2.8626712777668883,20233.940653324127
416051,1678,-336.39999999999986,213,0,1,False,0,pistol,,,,,,,61.16056124512536,20237.42342019081
416235,1679,-334.1999999999998,184,0,1,False,0,pistol,,,,,,,61.05171136199757,20240.437390565872
416454,1680,-368.5999999999997,219,0,1,False,0,pistol,,,,,,,61.27043093493393,20244.011831760406
416656,1681,-405.19999999999953,202,0,1,False,0,pistol,,,,,,,61.14049587015417,20247.31582260132
416828,1682,-340.8999999999998,172,0,1,False,0,pistol,,,,,,,60.900924057315834,20250.140219688416
417061,1683,-353.69999999999976,233,0,1,False,0,pistol,,,,,,,61.22365334758855,20253.946071624756
417294,1684,-358.7999999999997,233,0,1,False,0,pistol,,,,,,,61.37925154045918,20257.742259025574
417469,1685,-351.4999999999998,175,0,1,False,0,pistol,,,,,,,60.97384947665725,20260.612482070923
417659,1686,-381.0999999999997,190,0,1,False,0,pistol,,,,,,,61.00646092175041,20263.727035045624
417872,1687,-333.6999999999998,213,0,1,False,0,pistol,,,,,,,2.9674122188401246,20335.50686120987
418069,1688,-336.1999999999998,197,0,1,False,0,pistol,,,,,,,61.082243087516126,20338.73224425316
418275,1689,-365.29999999999984,206,0,1,False,0,pistol,,,,,,,61.2394644433646,20342.096210718155
418487,1690,-405.8999999999997,212,0,1,False,0,pistol,,,,,,,61.150132070140046,20345.56320309639
418715,1691,-333.39999999999986,228,0,1,False,0,pistol,,,,,,,61.27515138715655,20349.284242868423
418887,1692,-340.8999999999998,172,0,1,False,0,pistol,,,,,,,60.986144428948954,20352.104668855667
419118,1693,-414.4999999999997,231,0,1,False,0,pistol,,,,,,,61.24036377709712,20355.87682914734
419321,1694,-400.79999999999956,203,0,1,False,0,pistol,,,,,,,61.24569476882591,20359.19147992134
419535,1695,-333.8999999999998,214,0,1,False,0,pistol,,,,,,,61.112030670498775,20362.693375349045
419748,1696,-336.59999999999985,213,0,1,False,0,pistol,,,,,,,61.325263960302046,20366.166789770126
419933,1697,-362.39999999999975,185,0,1,False,0,pistol,,,,,,,2.5808757309182253,20437.84800004959
420107,1698,-341.2999999999998,174,0,1,False,0,pistol,,,,,,,60.91736832497392,20440.704438209534
420346,1699,-381.2999999999996,239,0,1,False,0,pistol,,,,,,,61.34098034453528,20444.60082936287
420541,1700,-381.49999999999966,195,0,1,False,0,pistol,,,,,,,61.1385235155792,20447.790471553802
420706,1701,-326.3999999999999,165,0,1,False,0,pistol,,,,,,,60.83023949385202,20450.503056287766
420906,1702,-402.49999999999955,200,0,1,False,0,pistol,,,,,,,61.19277134360847,20453.771558523178
421121,1703,-344.79999999999984,215,0,1,False,0,pistol,,,,,,,59.69709878603977,20457.37318253517
421284,1704,-321.4,163,0,1,False,0,pistol,,,,,,,60.89836097582528,20460.049901485443
421524,1705,-410.49999999999955,240,0,1,False,0,pistol,,,,,,,61.44929390565785,20463.955727815628
421728,1706,-408.9999999999995,204,0,1,False,0,pistol,,,,,,,61.09822653067607,20467.29470205307
421955,1707,-417.19999999999965,227,0,1,False,0,pistol,,,,,,,3.1874992295789717,20538.510521173477
422163,1708,-402.99999999999955,208,0,1,False,0,pistol,,,,,,,61.10894777258482,20541.91441178322
422385,1709,-351.4999999999998,222,0,1,False,0,pistol,,,,,,,61.32745518478152,20545.534477949142
422548,1710,-320.7999999999999,163,0,1,False,0,pistol,,,,,,,60.92108746839314,20548.210191726685
422769,1711,-362.69999999999993,221,0,1,False,0,pistol,,,,,,,61.1433855215677,20551.824786901474
422930,1712,-312.9999999999999,161,0,1,False,0,pistol,,,,,,,60.79122812545293,20554.473321914673
423110,1713,-352.09999999999985,180,0,1,False,0,pistol,,,,,,,61.11490926681995,20557.418716192245
423288,1714,-342.0999999999998,178,0,1,False,0,pistol,,,,,,,60.980750764928146,20560.337785243988
423505,1715,-381.89999999999964,217,0,1,False,0,pistol,,,,,,,61.179440581871646,20563.8848426342
423695,1716,-380.49999999999966,190,0,1,False,0,pistol,,,,,,,60.919047583374066,20567.003892421722
423895,1717,-400.79999999999956,200,0,1,False,0,pistol,,,,,,,61.20798795367005,20570.271577835083
424107,1718,-372.89999999999964,212,0,1,False,0,pistol,,,,,,,2.9382934562571723,20642.422458410263
424328,1719,-348.9999999999998,221,0,1,False,0,pistol,,,,,,,61.19161995255929,20646.034198999405
424563,1720,-355.0999999999998,235,0,1,False,0,pistol,,,,,,,61.290591448431,20649.868520975113
424805,1721,-377.1999999999998,242,0,1,False,0,pistol,,,,,,,61.33947754500092,20653.813979625702
424989,1722,-343.2999999999998,184,0,1,False,0,pistol,,,,,,,61.010913396105174,20656.829987049103
425215,1723,-365.99999999999966,226,0,1,False,0,pistol,,,,,,,61.23700872559153,20660.52072119713
425429,1724,-332.1999999999998,214,0,1,False,0,pistol,,,,,,,61.15575061853711,20664.020109415054
425602,1725,-336.39999999999986,173,0,1,False,0,pistol,,,,,,,60.967378235318925,20666.857832193375
425811,1726,-425.29999999999944,209,0,1,False,0,pistol,,,,,,,61.220704664574455,20670.271839380264
425994,1727,-330.39999999999986,183,0,1,False,0,pistol,,,,,,,2.5280661446062447,20742.659330129623
426210,1728,-340.69999999999976,216,0,1,False,0,pistol,,,,,,,61.31089270498437,20746.18245959282
426371,1729,-310.69999999999993,161,0,1,False,0,pistol,,,,,,,60.71107236820339,20748.834465503693
426567,1730,-333.6999999999998,196,0,1,False,0,pistol,,,,,,,61.02554386826533,20752.04634332657
426773,1731,-330.5999999999999,206,0,1,False,0,pistol,,,,,,,61.170762692365145,20755.414090633392
426960,1732,-343.8999999999998,187,0,1,False,0,pistol,,,,,,,60.90059365152525,20758.484776496887
427124,1733,-303.9,164,0,1,False,0,pistol,,,,,,,60.90409718364555,20761.17768883705
427298,1734,-345.2999999999998,174,0,1,False,0,pistol,,,,,,,60.9283941473055,20764.033653974533
427490,1735,-371.1999999999997,192,0,1,False,0,pistol,,,,,,,61.048965613701,20767.178798675537
427709,1736,-373.99999999999966,219,0,1,False,0,pistol,,,,,,,61.20449794328677,20770.757115602493
427922,1737,-331.3999999999998,213,0,1,False,0,pistol,,,,,,,61.23278432971279,20774.23584318161
428135,1738,-331.39999999999986,213,0,1,False,0,pistol,,,,,,,2.956163544314629,20846.288835287094
428340,1739,-373.7999999999997,205,0,1,False,0,pistol,,,,,,,61.13352423510424,20849.64223408699
428530,1740,-313.49999999999994,190,0,1,False,0,pistol,,,,,,,60.94720662439844,20852.759793519974
428738,1741,-366.39999999999975,208,0,1,False,0,pistol,,,,,,,61.14525016444239,20856.161648750305
428915,1742,-341.8999999999998,177,0,1,False,0,pistol,,,,,,,60.917553532588336,20859.06734585762
429135,1743,-382.39999999999975,220,0,1,False,0,pistol,,,,,,,61.224166333368984,20862.66084742546
429335,1744,-405.19999999999953,200,0,1,False,0,pistol,,,,,,,60.99783716241293,20865.939789056778
429532,1745,-305.9,197,0,1,False,0,pistol,,,,,,,61.2185664292195,20869.157873630524
429715,1746,-361.39999999999975,183,0,1,False,0,pistol,,,,,,,61.008455812687664,20872.157576322556
429942,1747,-351.89999999999975,227,0,1,False,0,pistol,,,,,,,61.03363119996261,20875.87696814537
430152,1748,-353.4999999999998,210,0,1,False,0,pistol,,,,,,,2.9249976100004513,20947.672003030777
430372,1749,-349.49999999999983,220,0,1,False,0,pistol,,,,,,,60.98430152035981,20951.27963232994
430541,1750,-328.1999999999999,169,0,1,False,0,pistol,,,,,,,60.76645155494076,20954.06091427803
430762,1751,-330.59999999999985,221,0,1,False,0,pistol,,,,,,,61.09655595250697,20957.6782913208
430952,1752,-380.49999999999966,190,0,1,False,0,pistol,,,,,,,60.99398929073814,20960.79349255562
431147,1753,-391.1999999999996,195,0,1,False,0,pistol,,,,,,,60.99734767318059,20963.99048781395
431367,1754,-339.6999999999998,220,0,1,False,0,pistol,,,,,,,61.107745620856136,20967.590824842453
431543,1755,-341.6999999999998,176,0,1,False,0,pistol,,,,,,,60.84808303986247,20970.4834420681
431740,1756,-382.49999999999966,197,0,1,False,0,pistol,,,,,,,61.08424351020762,20973.7086019516
431963,1757,-396.6999999999997,223,0,1,False,0,pistol,,,,,,,61.18243985809894,20977.353572368622
432136,1758,-341.0999999999998,173,0,1,False,0,pistol,,,,,,,2.4268602054556725,21048.639236211777
432358,1759,-332.59999999999985,222,0,1,False,0,pistol,,,,,,,61.30281779437563,21052.2606985569
432540,1760,-354.89999999999975,182,0,1,False,0,pistol,,,,,,,60.99790364569079,21055.24450659752
432774,1761,-382.99999999999966,234,0,1,False,0,pistol,,,,,,,61.28907932539914,21059.06260585785
433017,1762,-387.09999999999957,243,0,1,False,0,pistol,,,,,,,61.44800104180232,21063.01728272438
433249,1763,-373.49999999999966,232,0,1,False,0,pistol,,,,,,,61.23481126380402,21066.80606508255
433453,1764,-316.2999999999999,204,0,1,False,0,pistol,,,,,,,61.114617672767906,21070.14417743683
433675,1765,-355.8999999999997,222,0,1,False,0,pistol,,,,,,,61.39004605363615,21073.76058125496
433880,1766,-365.1999999999997,205,0,1,False,0,pistol,,,,,,,61.104407503180006,21077.115603923798
434086,1767,-383.6999999999996,206,0,1,False,0,pistol,,,,,,,61.09769545745561,21080.487386226654
434311,1768,-357.69999999999976,225,0,1,False,0,pistol,,,,,,,3.1177818970695,21152.654181957245
434547,1769,-353.6999999999997,236,0,1,False,0,pistol,,,,,,,61.053265820373866,21156.519755363464
434773,1770,-441.9999999999993,226,0,1,False,0,pistol,,,,,,,61.29796451322865,21160.20678448677
434960,1771,-360.8999999999998,187,0,1,False,0,pistol,,,,,,,60.98251015656173,21163.273398160934
435146,1772,-356.2999999999998,186,0,1,False,0,pistol,,,,,,,61.01150774741751,21166.322172641754
435327,1773,-365.9999999999997,181,0,1,False,0,pistol,,,,,,,61.10864589805564,21169.28423309326
435507,1774,-342.4999999999998,180,0,1,False,0,pistol,,,,,,,60.87122458783157,21172.24139857292
435708,1775,-379.6999999999997,201,0,1,False,0,pistol,,,,,,,61.09052458765504,21175.531730651855
435886,1776,-342.0999999999998,178,0,1,False,0,pistol,,,,,,,60.85098680521323,21178.45703434944
436098,1777,-425.4999999999996,212,0,1,False,0,pistol,,,,,,,61.13607271376682,21181.924851179123
436299,1778,-400.39999999999964,201,0,1,False,0,pistol,,,,,,,2.802544653253211,21253.645503759384
436480,1779,-370.59999999999974,181,0,1,False,0,pistol,,,,,,,60.89887942933689,21256.617772340775
436711,1780,-335.59999999999985,231,0,1,False,0,pistol,,,,,,,61.179122810075036,21260.39371085167
436914,1781,-388.79999999999967,203,0,1,False,0,pistol,,,,,,,60.950235978550396,21263.724443674088
437125,1782,-403.69999999999965,211,0,1,False,0,pistol,,,,,,,61.08933516026493,21267.178535223007
437324,1783,-314.2999999999999,199,0,1,False,0,pistol,,,,,,,60.9837471461354,21270.44180250168
437488,1784,-327.1999999999999,164,0,1,False,0,pistol,,,,,,,60.874108148721085,21273.136050224304
437674,1785,-366.9999999999998,186,0,1,False,0,pistol,,,,,,,60.95547559325363,21276.18758034706
437913,1786,-442.19999999999965,239,0,1,False,0,pistol,,,,,,,61.25981575219771,21280.08913898468
438116,1787,-354.3999999999998,203,0,1,False,0,pistol,,,,,,,61.04478674961659,21283.41467666626
438319,1788,-401.3999999999996,203,0,1,False,0,pistol,,,,,,,2.775887210766726,21356.5445625782
438519,1789,-400.79999999999956,200,0,1,False,0,pistol,,,,,,,60.97685577038542,21359.82459950447
438751,1790,-399.19999999999965,232,0,1,False,0,pistol,,,,,,,61.3530972301911,21363.606135606766
438954,1791,-365.39999999999975,203,0,1,False,0,pistol,,,,,,,60.997725991993185,21366.934260845184
439127,1792,-341.0999999999998,173,0,1,False,0,pistol,,,,,,,60.96967323903614,21369.771879434586
439321,1793,-368.5999999999997,194,0,1,False,0,pistol,,,,,,,61.02127126008616,21372.951273918152
439484,1794,-320.7999999999999,163,0,1,False,0,pistol,,,,,,,60.79443609502609,21375.632577896118
439679,1795,-386.49999999999966,195,0,1,False,0,pistol,,,,,,,60.97745176518952,21378.830648183823
439860,1796,-342.6999999999998,181,0,1,False,0,pistol,,,,,,,60.854017743453454,21381.805115938187
440041,1797,-360.9999999999998,181,0,1,False,0,pistol,,,,,,,61.01391257551905,21384.771779298782
440240,1798,-327.9999999999999,199,0,1,False,0,pistol,,,,,,,61.08720979208657,21388.0295317173
440485,1799,-369.7999999999998,245,0,1,False,0,pistol,,,,,,,3.369338782212825,21460.74418616295
440678,1800,-381.0999999999997,193,0,1,False,0,pistol,,,,,,,61.04778668963278,21463.90577340126
440913,1801,-368.79999999999984,235,0,1,False,0,pistol,,,,,,,61.23898577761022,21467.74333333969
441123,1802,-420.49999999999943,210,0,1,False,0,pistol,,,,,,,61.11602877436668,21471.179557085037
441300,1803,-348.1999999999997,177,0,1,False,0,pistol,,,,,,,60.86903044009844,21474.087579488754
441509,1804,-384.89999999999964,209,0,1,False,0,pistol,,,,,,,61.12579832764257,21477.506877183914
441733,1805,-345.5999999999998,224,0,1,False,0,pistol,,,,,,,61.04616049965732,21481.176379203796
441945,1806,-414.89999999999964,212,0,1,False,0,pistol,,,,,,,61.17224322351015,21484.64213037491
442130,1807,-343.4999999999998,185,0,1,False,0,pistol,,,,,,,60.885542707066186,21487.680706501007
442367,1808,-317.89999999999986,237,0,1,False,0,pistol,,,,,,,61.13630606467453,21491.55742406845
442575,1809,-425.09999999999945,208,0,1,False,0,pistol,,,,,,,2.8874465514809193,21563.59351181984
442802,1810,-385.4999999999996,227,0,1,False,0,pistol,,,,,,,61.342618909159604,21567.294149637222
443006,1811,-335.89999999999986,204,0,1,False,0,pistol,,,,,,,60.89494338217523,21570.64426970482
443216,1812,-322.79999999999984,210,0,1,False,0,pistol,,,,,,,61.06241060007768,21574.08349251747
443428,1813,-328.89999999999986,212,0,1,False,0,pistol,,,,,,,61.197992396986464,21577.547852039337
443650,1814,-372.8999999999997,222,0,1,False,0,pistol,,,,,,,61.092496918755195,21581.18178319931
443868,1815,-379.3999999999998,218,0,1,False,0,pistol,,,,,,,61.16842863953039,21584.745840787888
444068,1816,-420.79999999999956,200,0,1,False,0,pistol,,,,,,,61.01238895211762,21588.024035453796
444285,1817,-340.1999999999998,217,0,1,False,0,pistol,,,,,,,61.179765460215144,21591.5711081028
444509,1818,-358.2999999999997,224,0,1,False,0,pistol,,,,,,,3.1141177687503125,21663.501738786697
444725,1819,-330.29999999999984,216,0,1,False,0,pistol,,,,,,,61.126408788247794,21667.035519361496
444927,1820,-437.8999999999995,202,0,1,False,0,pistol,,,,,,,61.14722949630381,21670.339165210724
445133,1821,-401.99999999999955,206,0,1,False,0,pistol,,,,,,,61.230776077589475,21673.70365691185
445366,1822,-379.7999999999996,233,0,1,False,0,pistol,,,,,,,61.26573089798261,21677.506858348846
445571,1823,-349.7999999999998,205,0,1,False,0,pistol,,,,,,,61.12332891951054,21680.860876321793
445751,1824,-352.7999999999997,180,0,1,False,0,pistol,,,,,,,60.874969511101185,21683.81791639328
445935,1825,-343.2999999999998,184,0,1,False,0,pistol,,,,,,,61.012625688262986,21686.83384871483
446118,1826,-371.39999999999975,183,0,1,False,0,pistol,,,,,,,61.03777354101848,21689.83213186264
446305,1827,-350.19999999999976,187,0,1,False,0,pistol,,,,,,,61.06553162334604,21692.89454627037
446500,1828,-396.7999999999996,195,0,1,False,0,pistol,,,,,,,2.717678907115778,21764.64710688591
446696,1829,-393.6999999999996,196,0,1,False,0,pistol,,,,,,,61.231987764381515,21767.848141670227
446947,1830,-339.5999999999998,251,0,1,False,0,pistol,,,,,,,61.56097518188864,21771.925482034683
447152,1831,-366.39999999999975,205,0,1,False,0,pistol,,,,,,,61.25018191646026,21775.272541046143
447333,1832,-360.39999999999975,181,0,1,False,0,pistol,,,,,,,60.77155519010017,21778.251024723053
447538,1833,-375.49999999999966,205,0,1,False,0,pistol,,,,,,,59.36581083137457,21781.704334259033
447752,1834,-341.59999999999985,214,0,1,False,0,pistol,,,,,,,60.793960138883534,21785.22455048561
447978,1835,-331.6999999999998,226,0,1,False,0,pistol,,,,,,,61.18719933694853,21788.918311595917
448153,1836,-343.19999999999976,175,0,1,False,0,pistol,,,,,,,60.73930332984815,21791.79960846901
448358,1837,-395.49999999999955,205,0,1,False,0,pistol,,,,,,,61.049542632002606,21795.15767097473
448531,1838,-341.0999999999998,173,0,1,False,0,pistol,,,,,,,2.4264716527163963,21866.454735279083
448738,1839,-326.9,207,0,1,False,0,pistol,,,,,,,61.071596244461695,21869.84431529045
448964,1840,-333.3999999999998,226,0,1,False,0,pistol,,,,,,,61.203385117155555,21873.537027597427
449184,1841,-336.19999999999976,220,0,1,False,0,pistol,,,,,,,60.97402157592294,21877.145264148712
449390,1842,-315.6999999999999,206,0,1,False,0,pistol,,,,,,,61.12524169017688,21880.51552581787
449621,1843,-368.29999999999984,231,0,1,False,0,pistol,,,,,,,61.22595995166805,21884.28858447075
449846,1844,-357.79999999999967,225,0,1,False,0,pistol,,,,,,,61.1436483600611,21887.968596458435
450018,1845,-340.8999999999998,172,0,1,False,0,pistol,,,,,,,60.86466463492057,21890.79467701912
450221,1846,-440.0999999999995,203,0,1,False,0,pistol,,,,,,,61.0353040354064,21894.120750427246
450434,1847,-330.79999999999984,213,0,1,False,0,pistol,,,,,,,59.56813541570194,21897.696601867676
450607,1848,-341.0999999999998,173,0,1,False,0,pistol,,,,,,,2.379762044717073,21970.393075942993
450822,1849,-358.79999999999984,215,0,1,False,0,pistol,,,,,,,61.2128388104075,21973.905532598495
451006,1850,-343.2999999999998,184,0,1,False,0,pistol,,,,,,,60.81263090343979,21976.931338071823
451187,1851,-360.9999999999998,181,0,1,False,0,pistol,,,,,,,60.91602144697342,21979.902807474136
451360,1852,-341.0999999999998,173,0,1,False,0,pistol,,,,,,,60.79974795760191,21982.748354911804
451561,1853,-316.39999999999986,201,0,1,False,0,pistol,,,,,,,61.028342446086285,21986.042055368423
451774,1854,-349.09999999999974,213,0,1,False,0,pistol,,,,,,,61.13067645647844,21989.52654528618
451951,1855,-352.79999999999984,177,0,1,False,0,pistol,,,,,,,60.839958657218446,21992.43597316742
452114,1856,-325.79999999999984,163,0,1,False,0,pistol,,,,,,,60.43996965941098,21995.133006811142
452313,1857,-366.2999999999997,199,0,1,False,0,pistol,,,,,,,60.93004100806729,21998.399177789688
452525,1858,-356.19999999999976,212,0,1,False,0,pistol,,,,,,,60.889767015229076,22001.88099551201
452746,1859,-418.69999999999953,221,0,1,False,0,pistol,,,,,,,3.073904544279924,22073.776664495468
452951,1860,-415.1999999999995,205,0,1,False,0,pistol,,,,,,,60.953573525904794,22077.140009641647
453180,1861,-409.29999999999967,229,0,1,False,0,pistol,,,,,,,61.19836541956083,22080.882103204727
453397,1862,-371.8999999999998,217,0,1,False,0,pistol,,,,,,,61.25763827581526,22084.424666404724
453605,1863,-330.39999999999986,208,0,1,False,0,pistol,,,,,,,61.23208626021315,22087.821723222733
453804,1864,-326.4,199,0,1,False,0,pistol,,,,,,,60.99011499586234,22091.084633111954
454028,1865,-355.89999999999975,224,0,1,False,0,pistol,,,,,,,61.026441406602935,22094.755318403244
454250,1866,-351.4999999999997,222,0,1,False,0,pistol,,,,,,,61.00605562431661,22098.3944272995
454437,1867,-363.89999999999975,187,0,1,False,0,pistol,,,,,,,60.89036719615306,22101.465688228607
454664,1868,-412.5999999999996,227,0,1,False,0,pistol,,,,,,,3.154426386344952,22173.428171873093
454818,1869,-301.29999999999995,154,0,1,False,0,pistol,,,,,,,60.65321894860199,22175.967333078384
455021,1870,-375.7999999999997,203,0,1,False,0,pistol,,,,,,,60.84329247499865,22179.30389738083
455193,1871,-345.8999999999998,172,0,1,False,0,pistol,,,,,,,60.918769039746564,22182.1274869442
455387,1872,-381.29999999999967,194,0,1,False,0,pistol,,,,,,,60.80515701457614,22185.318134069443
455575,1873,-344.0999999999998,188,0,1,False,0,pistol,,,,,,,60.99381606677837,22188.40055990219
455772,1874,-392.1999999999996,197,0,1,False,0,pistol,,,,,,,60.92159506043366,22191.634363651276
455986,1875,-375.5999999999997,214,0,1,False,0,pistol,,,,,,,61.02057128724375,22195.141533374786
456199,1876,-330.79999999999984,213,0,1,False,0,pistol,,,,,,,61.054020419708536,22198.630363702774
456390,1877,-380.69999999999965,191,0,1,False,0,pistol,,,,,,,60.94816015179371,22201.76432657242
456630,1878,-444.4999999999995,240,0,1,False,0,pistol,,,,,,,61.16920381523884,22205.687979221344
456840,1879,-330.79999999999984,210,0,1,False,0,pistol,,,,,,,2.926839917843217,22277.43785715103
457037,1880,-345.89999999999975,197,0,1,False,0,pistol,,,,,,,60.79940427792613,22280.678164958954
457268,1881,-420.99999999999966,231,0,1,False,0,pistol,,,,,,,61.22417639219498,22284.451348781586
457463,1882,-349.4999999999998,195,0,1,False,0,pistol,,,,,,,60.97307413435961,22287.649592399597
457641,1883,-352.39999999999975,178,0,1,False,0,pistol,,,,,,,60.90115084596747,22290.572491645813
457806,1884,-321.7999999999999,165,0,1,False,0,pistol,,,,,,,60.51819358052225,22293.299072027206
458018,1885,-325.8999999999999,212,0,1,False,0,pistol,,,,,,,61.072596097776874,22296.770535707474
458222,1886,-388.9999999999996,204,0,1,False,0,pistol,,,,,,,61.085075464487595,22300.110247612
458445,1887,-371.9999999999998,223,0,1,False,0,pistol,,,,,,,61.15432196839377,22303.756899356842
458646,1888,-363.8999999999998,201,0,1,False,0,pistol,,,,,,,61.019963008251125,22307.051056861877
458873,1889,-345.5999999999998,227,0,1,False,0,pistol,,,,,,,3.146305849562104,22379.19929099083
459063,1890,-354.7999999999997,190,0,1,False,0,pistol,,,,,,,60.95870787859781,22382.316339969635
459282,1891,-338.1999999999998,219,0,1,False,0,pistol,,,,,,,61.23964317565745,22385.89260840416
459454,1892,-340.8999999999998,172,0,1,False,0,pistol,,,,,,,60.58750150435694,22388.731594324112
459649,1893,-346.0999999999998,195,0,1,False,0,pistol,,,,,,,60.992626052209296,22391.92882680893
459875,1894,-352.69999999999976,226,0,1,False,0,pistol,,,,,,,61.153346331551596,22395.624611854553
460041,1895,-326.39999999999986,166,0,1,False,0,pistol,,,,,,,60.80427793887351,22398.354815006256
460247,1896,-357.2999999999998,206,0,1,False,0,pistol,,,,,,,61.043121609482306,22401.729620456696
460446,1897,-395.99999999999955,199,0,1,False,0,pistol,,,,,,,61.06602096652508,22404.988498687744
460665,1898,-328.5999999999999,219,0,1,False,0,pistol,,,,,,,60.957522902391524,22408.58129310608
460903,1899,-354.6999999999997,238,0,1,False,0,pistol,,,,,,,3.2955000589215304,22480.80114889145
461124,1900,-348.9999999999998,221,0,1,False,0,pistol,,,,,,,61.14986348267865,22484.415359020233
461327,1901,-394.39999999999964,203,0,1,False,0,pistol,,,,,,,60.90475411808449,22487.74857544899
461560,1902,-371.3999999999997,233,0,1,False,0,pistol,,,,,,,60.993798531377294,22491.56876730919
461745,1903,-362.39999999999975,185,0,1,False,0,pistol,,,,,,,60.67959758193819,22494.617698192596
461949,1904,-349.5999999999998,204,0,1,False,0,pistol,,,,,,,61.020527688581495,22497.961000204086
462136,1905,-372.4999999999997,187,0,1,False,0,pistol,,,,,,,60.92691549657697,22501.030388355255
462349,1906,-335.7999999999998,213,0,1,False,0,pistol,,,,,,,61.05101641814238,22504.51942038536
462551,1907,-386.89999999999964,202,0,1,False,0,pistol,,,,,,,61.015949065312064,22507.83016228676
462740,1908,-344.2999999999998,189,0,1,False,0,pistol,,,,,,,60.9419981111384,22510.93162727356
462964,1909,-370.7999999999998,224,0,1,False,0,pistol,,,,,,,3.0666764166740808,22583.97498202324
463190,1910,-353.9999999999998,226,0,1,False,0,pistol,,,,,,,61.198339228842826,22587.66804432869
463406,1911,-331.3999999999998,216,0,1,False,0,pistol,,,,,,,60.99797400497089,22591.209265470505
463621,1912,-323.1999999999999,215,0,1,False,0,pistol,,,,,,,61.010468675768735,22594.73338866234
463820,1913,-333.59999999999985,199,0,1,False,0,pistol,,,,,,,61.11150496800761,22597.98988842964
464042,1914,-374.89999999999975,222,0,1,False,0,pistol,,,,,,,61.127802590785215,22601.621746063232
464262,1915,-358.39999999999986,220,0,1,False,0,pistol,,,,,,,61.24137465996902,22605.21421599388
464480,1916,-440.39999999999935,218,0,1,False,0,pistol,,,,,,,61.17208303592759,22608.778037548065
464676,1917,-346.2999999999998,196,0,1,False,0,pistol,,,,,,,61.06463643680249,22611.98785328865
464848,1918,-340.8999999999998,172,0,1,False,0,pistol,,,,,,,60.74216928822856,22614.81964612007
465046,1919,-400.09999999999957,198,0,1,False,0,pistol,,,,,,,2.7638280963166273,22686.459539175034
465257,1920,-352.99999999999983,211,0,1,False,0,pistol,,,,,,,61.174837499244816,22689.908804655075
465471,1921,-334.89999999999986,214,0,1,False,0,pistol,,,,,,,61.04537210068319,22693.41453409195
465674,1922,-401.9999999999996,203,0,1,False,0,pistol,,,,,,,61.18735988946885,22696.732353925705
465837,1923,-320.79999999999984,163,0,1,False,0,pistol,,,,,,,60.90202819230056,22699.40890097618
466017,1924,-343.09999999999985,180,0,1,False,0,pistol,,,,,,,60.826243011797466,22702.368326187134
466231,1925,-367.5999999999997,214,0,1,False,0,pistol,,,,,,,61.04378617112793,22705.8741607666
466427,1926,-383.99999999999966,196,0,1,False,0,pistol,,,,,,,61.026726246054636,22709.086037158966
466642,1927,-332.39999999999986,215,0,1,False,0,pistol,,,,,,,61.101273147363926,22712.604916095734
466833,1928,-391.29999999999967,191,0,1,False,0,pistol,,,,,,,60.953622912069314,22715.73864364624
467049,1929,-347.29999999999984,216,0,1,False,0,pistol,,,,,,,3.000931164472523,22787.71640896797
467225,1930,-341.6999999999998,176,0,1,False,0,pistol,,,,,,,60.74969625049171,22790.6137008667
467431,1931,-350.6999999999998,206,0,1,False,0,pistol,,,,,,,60.946313595236404,22793.99388027191
467635,1932,-408.9999999999995,204,0,1,False,0,pistol,,,,,,,60.904899829201945,22797.34351992607
467855,1933,-336.79999999999984,220,0,1,False,0,pistol,,,,,,,61.13897846177984,22800.942015886307
468067,1934,-423.1999999999995,212,0,1,False,0,pistol,,,,,,,60.85303845866677,22804.42598438263
468283,1935,-330.6999999999998,216,0,1,False,0,pistol,,,,,,,60.93912925561572,22807.970629692078
468521,1936,-405.59999999999985,238,0,1,False,0,pistol,,,,,,,61.083280678727355,22811.867069482803
468720,1937,-404.99999999999955,199,0,1,False,0,pistol,,,,,,,61.01814220334558,22815.128522634506
468918,1938,-310.0999999999999,198,0,1,False,0,pistol,,,,,,,60.935633747041805,22818.378011226654
469152,1939,-335.5999999999998,234,0,1,False,0,pistol,,,,,,,3.2360663497519075,22890.688163280487
469338,1940,-345.39999999999975,186,0,1,False,0,pistol,,,,,,,60.718215654352065,22893.751641511917
469567,1941,-352.2999999999997,229,0,1,False,0,pistol,,,,,,,61.13169807257018,22897.497779607773
469767,1942,-383.0999999999997,200,0,1,False,0,pistol,,,,,,,60.932444341977664,22900.780285596848
469979,1943,-385.49999999999966,212,0,1,False,0,pistol,,,,,,,60.91324248834764,22904.26080775261
470192,1944,-379.3999999999997,213,0,1,False,0,pistol,,,,,,,60.88485612928226,22907.75935101509
470388,1945,-373.6999999999997,196,0,1,False,0,pistol,,,,,,,60.85159169210034,22910.98045730591
470585,1946,-368.1999999999997,197,0,1,False,0,pistol,,,,,,,60.901047705893504,22914.215376853943
470807,1947,-402.8999999999997,222,0,1,False,0,pistol,,,,,,,59.518921098790806,22917.94540643692
471000,1948,-382.2999999999997,193,0,1,False,0,pistol,,,,,,,60.76936824007026,22921.121490478516
471203,1949,-385.39999999999964,203,0,1,False,0,pistol,,,,,,,2.8252570535040045,22992.973507881165
471389,1950,-348.69999999999976,186,0,1,False,0,pistol,,,,,,,60.84483937243459,22996.03061389923
471601,1951,-402.59999999999957,212,0,1,False,0,pistol,,,,,,,60.79520197893755,22999.517860651016
471812,1952,-358.9999999999998,211,0,1,False,0,pistol,,,,,,,60.8204346093052,23002.98726272583
472015,1953,-397.3999999999996,203,0,1,False,0,pistol,,,,,,,60.73120872510168,23006.33003425598
472233,1954,-434.0999999999994,218,0,1,False,0,pistol,,,,,,,60.94678810632874,23009.907047510147
472438,1955,-407.0999999999997,205,0,1,False,0,pistol,,,,,,,60.96667330103975,23013.2696518898
472648,1956,-351.99999999999983,210,0,1,False,0,pistol,,,,,,,60.82321038945398,23016.722410678864
472862,1957,-343.29999999999984,214,0,1,False,0,pistol,,,,,,,60.87989694693353,23020.23765850067
473067,1958,-387.4999999999996,205,0,1,False,0,pistol,,,,,,,61.117537443924384,23023.591996192932
473287,1959,-332.1999999999998,220,0,1,False,0,pistol,,,,,,,3.0503418014171353,23095.715201854706
473500,1960,-385.3999999999997,213,0,1,False,0,pistol,,,,,,,60.898265600674456,23099.212998628616
473715,1961,-386.0999999999996,215,0,1,False,0,pistol,,,,,,,61.040508503395834,23102.73535990715
473907,1962,-355.0999999999998,192,0,1,False,0,pistol,,,,,,,61.0054746923975,23105.882849931717
474102,1963,-382.0999999999997,195,0,1,False,0,pistol,,,,,,,61.05924205219077,23109.07658791542
474287,1964,-369.7999999999997,185,0,1,False,0,pistol,,,,,,,60.91415399960921,23112.113792181015
474482,1965,-320.19999999999993,195,0,1,False,0,pistol,,,,,,,60.8209711732035,23115.320062875748
474712,1966,-367.7999999999997,230,0,1,False,0,pistol,,,,,,,61.12837041226691,23119.08274745941
474904,1967,-379.4999999999997,192,0,1,False,0,pistol,,,,,,,60.92908116827355,23122.23406648636
475092,1968,-349.0999999999998,188,0,1,False,0,pistol,,,,,,,60.959422702753514,23125.318241596222
475287,1969,-409.19999999999965,195,0,1,False,0,pistol,,,,,,,2.6726771570788865,23198.27891278267
475485,1970,-344.09999999999985,198,0,1,False,0,pistol,,,,,,,61.08401101711483,23201.520483016968
475693,1971,-314.3999999999999,208,0,1,False,0,pistol,,,,,,,61.079491287572964,23204.92600274086
475907,1972,-359.5999999999998,214,0,1,False,0,pistol,,,,,,,60.88789640970224,23208.440764904022
476132,1973,-365.4999999999998,225,0,1,False,0,pistol,,,,,,,61.057207877332594,23212.125978946686
476345,1974,-331.3999999999998,213,0,1,False,0,pistol,,,,,,,61.02552351474522,23215.616458654404
476511,1975,-323.6999999999999,166,0,1,False,0,pistol,,,,,,,58.61908087891097,23218.44843149185
476683,1976,-342.8999999999998,172,0,1,False,0,pistol,,,,,,,60.72187713028769,23221.281138896942
476898,1977,-372.4999999999998,215,0,1,False,0,pistol,,,,,,,61.13750320848458,23224.797963142395
477097,1978,-310.29999999999995,199,0,1,False,0,pistol,,,,,,,60.80955180315536,23228.07061982155
477328,1979,-345.59999999999985,231,0,1,False,0,pistol,,,,,,,3.2011357731396077,23300.232628822327
477551,1980,-352.7999999999997,223,0,1,False,0,pistol,,,,,,,61.07949903476177,23303.883730888367
477757,1981,-362.5999999999998,206,0,1,False,0,pistol,,,,,,,60.978633434711895,23307.262088298798
477933,1982,-306.29999999999995,176,0,1,False,0,pistol,,,,,,,60.74556204934923,23310.159555196762
478139,1983,-400.6999999999996,206,0,1,False,0,pistol,,,,,,,61.10453971524182,23313.53093600273
478352,1984,-370.99999999999983,213,0,1,False,0,pistol,,,,,,,61.142273692725745,23317.014738559723
478590,1985,-326.6999999999999,238,0,1,False,0,pistol,,,,,,,61.16679091065842,23320.905893802643
478806,1986,-367.9999999999997,216,0,1,False,0,pistol,,,,,,,61.07963446457593,23324.44241642952
479006,1987,-398.49999999999955,200,0,1,False,0,pistol,,,,,,,60.91079140023455,23327.726062059402
479191,1988,-363.49999999999983,185,0,1,False,0,pistol,,,,,,,60.932986347238426,23330.762310743332
479420,1989,-366.5999999999997,229,0,1,False,0,pistol,,,,,,,3.1649962588123595,23403.11644077301
479585,1990,-326.79999999999984,165,0,1,False,0,pistol,,,,,,,60.71548381340455,23405.83414196968
479793,1991,-384.6999999999996,208,0,1,False,0,pistol,,,,,,,60.99983813370044,23409.24411702156
480012,1992,-359.5999999999998,219,0,1,False,0,pistol,,,,,,,61.05721621086978,23412.831052064896
480193,1993,-360.9999999999998,181,0,1,False,0,pistol,,,,,,,60.78839682157878,23415.808727502823
480416,1994,-352.7999999999997,223,0,1,False,0,pistol,,,,,,,61.074254407532976,23419.46019387245
480613,1995,-398.8999999999996,197,0,1,False,0,pistol,,,,,,,60.76226346996004,23422.702478408813
480806,1996,-381.6999999999997,193,0,1,False,0,pistol,,,,,,,60.68228662660215,23425.88308954239
481002,1997,-392.2999999999997,196,0,1,False,0,pistol,,,,,,,59.6072545239264,23429.171445131302
481198,1998,-402.6999999999996,196,0,1,False,0,pistol,,,,,,,60.971005004824896,23432.386207818985
481404,1999,-365.3999999999997,206,0,1,False,0,pistol,,,,,,,2.868224888937057,23504.207764863968
481600,2000,-391.99999999999966,196,0,1,False,0,pistol,,,,,,,60.96149671805401,23507.42303299904
481812,2001,-329.1999999999999,212,0,1,False,0,pistol,,,,,,,60.86163531784424,23510.906468153
481997,2002,-361.1999999999997,185,0,1,False,0,pistol,,,,,,,60.861936895917154,23513.946271657944
482227,2003,-359.4999999999998,230,0,1,False,0,pistol,,,,,,,59.9257228837153,23517.784514904022
482454,2004,-386.7999999999997,227,0,1,False,0,pistol,,,,,,,61.12259757251153,23521.498486995697
482644,2005,-349.4999999999998,190,0,1,False,0,pistol,,,,,,,60.75960546859334,23524.625704288483
482856,2006,-323.1999999999999,212,0,1,False,0,pistol,,,,,,,61.08603036081184,23528.096346378326
483081,2007,-382.39999999999986,225,0,1,False,0,pistol,,,,,,,60.96359884550619,23531.787195682526
483321,2008,-349.1999999999997,240,0,1,False,0,pistol,,,,,,,61.201886410683436,23535.70879793167
483551,2009,-397.49999999999955,230,0,1,False,0,pistol,,,,,,,3.18925646986462,23607.82606291771
483725,2010,-323.99999999999983,174,0,1,False,0,pistol,,,,,,,60.71927047908817,23610.69181585312
483911,2011,-357.69999999999976,186,0,1,False,0,pistol,,,,,,,60.89689842400679,23613.74631667137
484078,2012,-322.19999999999993,167,0,1,False,0,pistol,,,,,,,60.6790949083527,23616.49864578247
484250,2013,-328.1999999999999,172,0,1,False,0,pistol,,,,,,,60.729513856824305,23619.33101582527
484485,2014,-366.19999999999965,235,0,1,False,0,pistol,,,,,,,61.00928922418798,23623.18304347992
484667,2015,-348.8999999999998,182,0,1,False,0,pistol,,,,,,,60.68496439893481,23626.182281255722
484906,2016,-340.5999999999998,239,0,1,False,0,pistol,,,,,,,61.04751498572223,23630.097389936447
485105,2017,-404.59999999999957,199,0,1,False,0,pistol,,,,,,,60.99201803337531,23633.360275030136
485310,2018,-395.49999999999955,205,0,1,False,0,pistol,,,,,,,60.68291615690722,23636.739431142807
485514,2019,-388.89999999999975,204,0,1,False,0,pistol,,,,,,,2.8552047925613193,23708.188142299652
485728,2020,-360.9999999999998,214,0,1,False,0,pistol,,,,,,,61.02568252336733,23711.694999217987
485946,2021,-368.5999999999999,218,0,1,False,0,pistol,,,,,,,61.053927554579786,23715.265740394592
486169,2022,-380.69999999999976,223,0,1,False,0,pistol,,,,,,,61.06339710325986,23718.91785979271
486346,2023,-341.8999999999998,177,0,1,False,0,pistol,,,,,,,60.778245863488785,23721.830226659775
486541,2024,-373.1999999999997,195,0,1,False,0,pistol,,,,,,,60.831597204015516,23725.03591275215
486764,2025,-383.69999999999965,223,0,1,False,0,pistol,,,,,,,59.53421905565174,23728.781802654266
486969,2026,-418.1999999999995,205,0,1,False,0,pistol,,,,,,,60.805017420498906,23732.153349637985
487174,2027,-357.7999999999997,205,0,1,False,0,pistol,,,,,,,58.29015992244541,23735.670408010483
487384,2028,-425.49999999999943,210,0,1,False,0,pistol,,,,,,,61.17933064491819,23739.10304927826
487587,2029,-423.0999999999995,203,0,1,False,0,pistol,,,,,,,2.8170299077848897,23811.164877414703
487797,2030,-424.49999999999955,210,0,1,False,0,pistol,,,,,,,60.972574782799995,23814.609193325043
488012,2031,-371.79999999999967,215,0,1,False,0,pistol,,,,,,,59.29364596452252,23818.23533320427
488234,2032,-389.8999999999997,222,0,1,False,0,pistol,,,,,,,61.24620106813356,23821.86018705368
488437,2033,-331.19999999999993,203,0,1,False,0,pistol,,,,,,,60.96217138483492,23825.190206050873
488637,2034,-400.19999999999953,200,0,1,False,0,pistol,,,,,,,60.9305766448992,23828.4727704525
488838,2035,-404.29999999999967,201,0,1,False,0,pistol,,,,,,,60.656386117200334,23831.786685466766
489071,2036,-386.9999999999997,233,0,1,False,0,pistol,,,,,,,61.15254138017107,23835.596976995468
489235,2037,-323.89999999999986,164,0,1,False,0,pistol,,,,,,,60.615175078074884,23838.302745580673
489431,2038,-393.6999999999997,196,0,1,False,0,pistol,,,,,,,60.869578197460385,23841.522887945175
489639,2039,-317.0999999999999,208,0,1,False,0,pistol,,,,,,,2.898538013119111,23913.28337454796
489872,2040,-375.3999999999997,233,0,1,False,0,pistol,,,,,,,61.04876053140697,23917.100108623505
490091,2041,-332.5999999999998,219,0,1,False,0,pistol,,,,,,,60.948604323672775,23920.693430423737
490266,2042,-323.79999999999984,175,0,1,False,0,pistol,,,,,,,60.64781833231786,23923.57906770706
490492,2043,-394.9999999999996,226,0,1,False,0,pistol,,,,,,,61.10324750480153,23927.277884960175
490691,2044,-384.0999999999997,199,0,1,False,0,pistol,,,,,,,60.85200129247344,23930.5482711792
490892,2045,-400.99999999999955,201,0,1,False,0,pistol,,,,,,,60.88378146909823,23933.84977221489
491098,2046,-341.39999999999986,206,0,1,False,0,pistol,,,,,,,59.53177934454224,23937.310235261917
491324,2047,-364.6999999999997,226,0,1,False,0,pistol,,,,,,,61.10474821171574,23941.00893163681
491551,2048,-348.3999999999998,227,0,1,False,0,pistol,,,,,,,3.146454578043669,24013.15375328064
491786,2049,-371.79999999999967,235,0,1,False,0,pistol,,,,,,,61.12333418910589,24016.99859237671
491988,2050,-389.89999999999964,202,0,1,False,0,pistol,,,,,,,60.88825464926796,24020.31628727913
492221,2051,-395.3999999999995,233,0,1,False,0,pistol,,,,,,,61.09202622810545,24024.1303524971
492439,2052,-362.79999999999984,218,0,1,False,0,pistol,,,,,,,60.10326691018891,24027.757585525513
492652,2053,-315.3999999999999,213,0,1,False,0,pistol,,,,,,,60.93603142856188,24031.253183364868
492823,2054,-325.2999999999999,171,0,1,False,0,pistol,,,,,,,60.591216382892874,24034.07549715042
493018,2055,-392.6999999999997,195,0,1,False,0,pistol,,,,,,,60.74521744904175,24037.285803079605
493188,2056,-322.7999999999999,170,0,1,False,0,pistol,,,,,,,60.632048693960364,24040.08973646164
493407,2057,-382.2999999999996,219,0,1,False,0,pistol,,,,,,,60.75854309816173,24043.694295167923
493584,2058,-348.19999999999976,177,0,1,False,0,pistol,,,,,,,2.4840237948951307,24114.949771642685
493780,2059,-339.99999999999983,196,0,1,False,0,pistol,,,,,,,59.04487629488696,24118.269419908524
493966,2060,-377.1999999999999,186,0,1,False,0,pistol,,,,,,,60.76309559303911,24121.330610752106
494188,2061,-379.8999999999997,222,0,1,False,0,pistol,,,,,,,60.966982114523596,24124.972032785416
494384,2062,-388.99999999999966,196,0,1,False,0,pistol,,,,,,,60.78933387283928,24128.19644331932
494558,2063,-341.2999999999998,174,0,1,False,0,pistol,,,,,,,60.69062528378218,24131.063578128815
494746,2064,-373.79999999999967,188,0,1,False,0,pistol,,,,,,,60.702198939579105,24134.16083073616
494923,2065,-348.49999999999983,177,0,1,False,0,pistol,,,,,,,60.69922352539486,24137.076996803284
495151,2066,-376.69999999999976,228,0,1,False,0,pistol,,,,,,,60.84150190187487,24140.824567317963
495336,2067,-362.39999999999975,185,0,1,False,0,pistol,,,,,,,60.55689827929231,24143.87971663475
495526,2068,-350.7999999999998,190,0,1,False,0,pistol,,,,,,,60.871677663655156,24147.001162052155
495706,2069,-369.6999999999998,180,0,1,False,0,pistol,,,,,,,2.5105929954517574,24218.697545528412
495922,2070,-367.39999999999964,216,0,1,False,0,pistol,,,,,,,60.99957574923083,24222.23870253563
496114,2071,-356.89999999999975,192,0,1,False,0,pistol,,,,,,,60.751122355474315,24225.399295330048
496337,2072,-353.3999999999997,223,0,1,False,0,pistol,,,,,,,60.98059727396139,24229.056365966797
496505,2073,-322.3999999999999,168,0,1,False,0,pistol,,,,,,,60.38751503168137,24231.838528633118
496693,2074,-376.6999999999997,188,0,1,False,0,pistol,,,,,,,60.74460752653713,24234.933594942093
496893,2075,-364.7999999999997,200,0,1,False,0,pistol,,,,,,,59.18718906135202,24238.31282544136
497097,2076,-399.29999999999956,204,0,1,False,0,pistol,,,,,,,60.91227498662709,24241.662037611008
497281,2077,-361.59999999999974,184,0,1,False,0,pistol,,,,,,,60.65540811850658,24244.695722341537
497462,2078,-342.69999999999976,181,0,1,False,0,pistol,,,,,,,60.44086242885051,24247.69055557251
497625,2079,-321.9999999999999,163,0,1,False,0,pistol,,,,,,,60.494059089325226,24250.385172605515
497838,2080,-429.3999999999995,213,0,1,False,0,pistol,,,,,,,2.9586503114043845,24322.377632141113
498051,2081,-335.09999999999985,213,0,1,False,0,pistol,,,,,,,60.95741487601321,24325.872046232224
498255,2082,-363.89999999999975,204,0,1,False,0,pistol,,,,,,,59.61070671079725,24329.29439473152
498464,2083,-320.2999999999999,209,0,1,False,0,pistol,,,,,,,60.85735852640432,24332.72881412506
498657,2084,-345.0999999999998,193,0,1,False,0,pistol,,,,,,,58.34544366069172,24336.03683924675
498835,2085,-342.0999999999998,178,0,1,False,0,pistol,,,,,,,60.851810126431644,24338.96209716797
499050,2086,-331.79999999999984,215,0,1,False,0,pistol,,,,,,,60.97495380943285,24342.488264083862
499232,2087,-361.19999999999976,182,0,1,False,0,pistol,,,,,,,60.81076158423388,24345.481301784515
499435,2088,-329.9999999999999,203,0,1,False,0,pistol,,,,,,,60.93664796220891,24348.812745571136
499634,2089,-419.59999999999957,199,0,1,False,0,pistol,,,,,,,60.84970772815018,24352.08322954178
499839,2090,-379.7999999999997,205,0,1,False,0,pistol,,,,,,,2.8415456495342304,24424.227184534073
500020,2091,-361.5999999999998,181,0,1,False,0,pistol,,,,,,,60.6209948046039,24427.213131904602
500215,2092,-386.49999999999966,195,0,1,False,0,pistol,,,,,,,60.7714952911319,24430.421998739243
500427,2093,-387.79999999999967,212,0,1,False,0,pistol,,,,,,,60.842570564330586,24433.9065284729
500622,2094,-365.4999999999997,195,0,1,False,0,pistol,,,,,,,60.81128024999347,24437.113298654556
500835,2095,-385.09999999999957,213,0,1,False,0,pistol,,,,,,,60.901586716413014,24440.610877752304
501062,2096,-369.1999999999997,227,0,1,False,0,pistol,,,,,,,61.02819333071429,24444.330624341965
501244,2097,-360.59999999999974,182,0,1,False,0,pistol,,,,,,,60.679185483099154,24447.33011698723
501465,2098,-385.59999999999974,221,0,1,False,0,pistol,,,,,,,60.916665642562094,24450.9581387043
501668,2099,-416.0999999999996,203,0,1,False,0,pistol,,,,,,,60.82518058914814,24454.29574394226
501880,2100,-428.8999999999994,212,0,1,False,0,pistol,,,,,,,2.9395611734107185,24526.415492534637
502077,2101,-402.59999999999957,197,0,1,False,0,pistol,,,,,,,60.71880020613934,24529.66005754471
502290,2102,-369.7999999999997,213,0,1,False,0,pistol,,,,,,,60.97727337723753,24533.153312921524
502503,2103,-376.6999999999998,213,0,1,False,0,pistol,,,,,,,60.87965330111084,24536.652135372162
502707,2104,-399.29999999999956,204,0,1,False,0,pistol,,,,,,,59.15655706712111,24540.100758314133
502920,2105,-381.0999999999996,213,0,1,False,0,pistol,,,,,,,60.958413109023425,24543.595066785812
503076,2106,-302.29999999999995,156,0,1,False,0,pistol,,,,,,,60.400956761036554,24546.177964925766
503298,2107,-350.89999999999975,222,0,1,False,0,pistol,,,,,,,60.94501877075617,24549.820769548416
503502,2108,-401.59999999999957,204,0,1,False,0,pistol,,,,,,,60.794222901251935,24553.17648077011
503687,2109,-356.09999999999974,185,0,1,False,0,pistol,,,,,,,60.62983289776063,24556.227949142456
503920,2110,-397.69999999999976,233,0,1,False,0,pistol,,,,,,,3.231676374972181,24628.326894044876
504147,2111,-331.7999999999999,227,0,1,False,0,pistol,,,,,,,61.02552951964077,24632.04683303833
504382,2112,-386.19999999999965,235,0,1,False,0,pistol,,,,,,,60.97022597970157,24635.901307344437
504581,2113,-346.89999999999975,199,0,1,False,0,pistol,,,,,,,60.55169590003513,24639.187873601913
504777,2114,-386.69999999999965,196,0,1,False,0,pistol,,,,,,,60.786295341078485,24642.41240286827
505015,2115,-426.6999999999997,238,0,1,False,0,pistol,,,,,,,60.979205560919624,24646.31551003456
505198,2116,-343.0999999999998,183,0,1,False,0,pistol,,,,,,,60.88310536206229,24649.321405649185
505395,2117,-398.8999999999996,197,0,1,False,0,pistol,,,,,,,60.82881108626099,24652.560132980347
505569,2118,-345.2999999999998,174,0,1,False,0,pistol,,,,,,,60.63207091722378,24655.430078029633
505768,2119,-399.99999999999955,199,0,1,False,0,pistol,,,,,,,59.21544831093338,24658.79082942009
505946,2120,-342.0999999999998,178,0,1,False,0,pistol,,,,,,,2.4910597020288834,24730.24652481079
506157,2121,-390.9999999999996,211,0,1,False,0,pistol,,,,,,,60.994842720160655,24733.705979585648
506402,2122,-359.7999999999998,245,0,1,False,0,pistol,,,,,,,61.18750763277485,24737.710197210312
506631,2123,-322.5999999999999,229,0,1,False,0,pistol,,,,,,,61.13904865423778,24741.455874443054
506843,2124,-460.89999999999947,212,0,1,False,0,pistol,,,,,,,61.010331156762824,24744.930873155594
507026,2125,-361.3999999999997,183,0,1,False,0,pistol,,,,,,,60.89328236082229,24747.936274290085
507221,2126,-394.4999999999996,195,0,1,False,0,pistol,,,,,,,60.827679299539156,24751.142174720764
507430,2127,-372.8999999999997,209,0,1,False,0,pistol,,,,,,,61.05820080170231,24754.565288305283
507634,2128,-401.59999999999957,204,0,1,False,0,pistol,,,,,,,60.87834498515569,24757.916382551193
507858,2129,-333.59999999999985,224,0,1,False,0,pistol,,,,,,,60.94821415933096,24761.59176182747
508080,2130,-352.4999999999998,222,0,1,False,0,pistol,,,,,,,3.083780700738229,24833.58144927025
508276,2131,-369.6999999999997,196,0,1,False,0,pistol,,,,,,,60.84176488306913,24836.803062915802
508460,2132,-347.2999999999998,184,0,1,False,0,pistol,,,,,,,60.55100103675921,24839.841962337494
508664,2133,-402.59999999999957,204,0,1,False,0,pistol,,,,,,,60.87808076645485,24843.193098783493
508874,2134,-342.49999999999994,210,0,1,False,0,pistol,,,,,,,60.92341735720514,24846.640223026276
509097,2135,-387.0999999999997,223,0,1,False,0,pistol,,,,,,,61.046813575966404,24850.293304920197
509332,2136,-393.79999999999967,235,0,1,False,0,pistol,,,,,,,61.03856943825351,24854.14346909523
509517,2137,-343.49999999999983,185,0,1,False,0,pistol,,,,,,,60.58578804108282,24857.197152853012
509721,2138,-334.5999999999998,204,0,1,False,0,pistol,,,,,,,60.85770385464787,24860.549386262894
509938,2139,-440.19999999999936,217,0,1,False,0,pistol,,,,,,,60.97362481514419,24864.108429670334
510132,2140,-356.19999999999976,194,0,1,False,0,pistol,,,,,,,2.675960822376214,24936.605870485306
510365,2141,-379.7999999999996,233,0,1,False,0,pistol,,,,,,,61.22008653489626,24940.41190981865
510532,2142,-322.19999999999993,167,0,1,False,0,pistol,,,,,,,60.51392721261968,24943.171719551086
510729,2143,-424.59999999999957,197,0,1,False,0,pistol,,,,,,,60.78933104344004,24946.41259765625
510928,2144,-399.99999999999955,199,0,1,False,0,pistol,,,,,,,60.735488187175555,24949.689220905304
511165,2145,-357.39999999999975,237,0,1,False,0,pistol,,,,,,,60.963309662688715,24953.57693529129
511379,2146,-331.5999999999998,214,0,1,False,0,pistol,,,,,,,60.84138689838217,24957.09441757202
511561,2147,-361.19999999999976,182,0,1,False,0,pistol,,,,,,,59.30980919022993,24960.1631629467
511757,2148,-367.9999999999997,196,0,1,False,0,pistol,,,,,,,60.75371315619441,24963.389387369156
511936,2149,-361.5999999999998,179,0,1,False,0,pistol,,,,,,,60.55112445113023,24966.34570503235
512148,2150,-346.1999999999999,212,0,1,False,0,pistol,,,,,,,2.937476138378382,25038.51665377617
512359,2151,-331.99999999999983,211,0,1,False,0,pistol,,,,,,,60.80819858391494,25041.986755371094
512565,2152,-371.6999999999997,206,0,1,False,0,pistol,,,,,,,60.85011212907489,25045.372286081314
512802,2153,-384.1999999999998,237,0,1,False,0,pistol,,,,,,,60.9106721338085,25049.263424634933
513037,2154,-414.9999999999998,235,0,1,False,0,pistol,,,,,,,61.094654241059665,25053.110035419464
513253,2155,-337.59999999999985,216,0,1,False,0,pistol,,,,,,,60.95577987794441,25056.653697490692
513488,2156,-443.7999999999995,235,0,1,False,0,pistol,,,,,,,60.95434855823134,25060.509210824966
513703,2157,-341.09999999999985,215,0,1,False,0,pistol,,,,,,,60.9428037713124,25064.03728199005
513919,2158,-371.99999999999966,216,0,1,False,0,pistol,,,,,,,61.03641031369319,25067.576288461685
514103,2159,-330.59999999999985,184,0,1,False,0,pistol,,,,,,,2.558282869596901,25139.49966931343
514285,2160,-352.09999999999974,182,0,1,False,0,pistol,,,,,,,60.66913530010173,25142.49968123436
514524,2161,-334.89999999999986,239,0,1,False,0,pistol,,,,,,,61.03468406940491,25146.415622234344
514742,2162,-314.0999999999999,218,0,1,False,0,pistol,,,,,,,60.98949784155761,25149.99012851715
514969,2163,-359.89999999999975,227,0,1,False,0,pistol,,,,,,,60.972751125227475,25153.713242292404
515141,2164,-340.2999999999998,172,0,1,False,0,pistol,,,,,,,60.65222835602782,25156.549196720123
515359,2165,-440.39999999999935,218,0,1,False,0,pistol,,,,,,,60.82089822677439,25160.13361978531
515564,2166,-362.39999999999975,205,0,1,False,0,pistol,,,,,,,60.867125009990175,25163.501749515533
515798,2167,-371.5999999999997,234,0,1,False,0,pistol,,,,,,,60.97485602245491,25167.33954334259
515995,2168,-358.5999999999998,197,0,1,False,0,pistol,,,,,,,60.77717782746852,25170.581045389175
516194,2169,-399.99999999999955,199,0,1,False,0,pistol,,,,,,,2.7724138972407966,25242.359765052795
516416,2170,-351.89999999999975,222,0,1,False,0,pistol,,,,,,,61.08206102476061,25245.994354248047
516635,2171,-443.59999999999957,219,0,1,False,0,pistol,,,,,,,60.61076955764919,25249.607721567154
516818,2172,-363.09999999999974,183,0,1,False,0,pistol,,,,,,,60.72902685698783,25252.62126660347
517036,2173,-377.99999999999983,218,0,1,False,0,pistol,,,,,,,60.997582266772,25256.19530940056
517268,2174,-348.3999999999998,232,0,1,False,0,pistol,,,,,,,59.61004747039479,25260.087394952774
517470,2175,-388.59999999999957,202,0,1,False,0,pistol,,,,,,,60.787838778987606,25263.410571813583
517699,2176,-369.89999999999975,229,0,1,False,0,pistol,,,,,,,61.049751356988665,25267.161733150482
517906,2177,-340.79999999999984,207,0,1,False,0,pistol,,,,,,,60.721552722200066,25270.5708527565
518136,2178,-391.4999999999997,230,0,1,False,0,pistol,,,,,,,60.9757704268279,25274.343014240265
518355,2179,-449.9999999999993,219,0,1,False,0,pistol,,,,,,,3.0422099107227245,25346.330328941345
518552,2180,-381.89999999999964,197,0,1,False,0,pistol,,,,,,,60.764806035725336,25349.572464704514
518719,2181,-326.1999999999998,167,0,1,False,0,pistol,,,,,,,60.467444338041965,25352.33439517021
518917,2182,-371.39999999999975,198,0,1,False,0,pistol,,,,,,,60.71685812309097,25355.5955452919
519096,2183,-346.89999999999975,179,0,1,False,0,pistol,,,,,,,60.615807106234236,25358.548706769943
519299,2184,-365.39999999999975,203,0,1,False,0,pistol,,,,,,,60.863981988503056,25361.884119987488
519519,2185,-389.09999999999974,220,0,1,False,0,pistol,,,,,,,60.91615433218472,25365.495782852173
519705,2186,-339.6999999999998,186,0,1,False,0,pistol,,,,,,,60.700494767743,25368.56013226509
519902,2187,-364.1999999999997,197,0,1,False,0,pistol,,,,,,,60.87321235867577,25371.796499490738
520126,2188,-354.1999999999998,224,0,1,False,0,pistol,,,,,,,61.113296071332186,25375.461978197098
520353,2189,-319.89999999999986,227,0,1,False,0,pistol,,,,,,,3.1312735550259787,25447.956556081772
520535,2190,-361.1999999999997,182,0,1,False,0,pistol,,,,,,,60.615858438892765,25450.95921730995
520731,2191,-386.69999999999965,196,0,1,False,0,pistol,,,,,,,60.676957869230094,25454.18960595131
520938,2192,-339.69999999999993,207,0,1,False,0,pistol,,,,,,,60.64834239543862,25457.602854967117
521147,2193,-406.99999999999955,209,0,1,False,0,pistol,,,,,,,60.78808516563568,25461.0411465168
521382,2194,-393.1999999999997,235,0,1,False,0,pistol,,,,,,,61.03971099102098,25464.891208410263
521579,2195,-386.89999999999964,197,0,1,False,0,pistol,,,,,,,60.7800793126599,25468.132561206818
521781,2196,-365.7999999999997,202,0,1,False,0,pistol,,,,,,,60.74669103275685,25471.457955360413
522000,2197,-367.2999999999998,219,0,1,False,0,pistol,,,,,,,60.77484826179658,25475.061552286148
522209,2198,-365.99999999999966,209,0,1,False,0,pistol,,,,,,,60.75742995124349,25478.501618146896
522437,2199,-359.39999999999975,228,0,1,False,0,pistol,,,,,,,3.1063491591303345,25551.899819374084
522662,2200,-338.79999999999984,225,0,1,False,0,pistol,,,,,,,61.015722249589075,25555.587527513504
522829,2201,-323.89999999999986,167,0,1,False,0,pistol,,,,,,,60.79950891583031,25558.334379434586
523044,2202,-337.49999999999983,215,0,1,False,0,pistol,,,,,,,60.99459346412019,25561.859392404556
523274,2203,-407.0999999999996,230,0,1,False,0,pistol,,,,,,,60.98729261132526,25565.63082575798
523486,2204,-431.5999999999994,212,0,1,False,0,pistol,,,,,,,60.87888217426269,25569.113303661346
523712,2205,-360.29999999999995,226,0,1,False,0,pistol,,,,,,,61.06960927312741,25572.814116716385
523894,2206,-340.09999999999985,182,0,1,False,0,pistol,,,,,,,60.76722328848145,25575.80932021141
524112,2207,-379.99999999999983,218,0,1,False,0,pistol,,,,,,,60.98962395352731,25579.38384103775
524331,2208,-350.8999999999998,219,0,1,False,0,pistol,,,,,,,3.0301562028193993,25651.657544374466
524526,2209,-345.79999999999984,195,0,1,False,0,pistol,,,,,,,60.770953436609396,25654.866455078125
524696,2210,-327.39999999999986,170,0,1,False,0,pistol,,,,,,,60.65121368489173,25657.66950249672
524921,2211,-352.0999999999998,225,0,1,False,0,pistol,,,,,,,60.87529052596528,25661.36571955681
525138,2212,-411.1999999999996,217,0,1,False,0,pistol,,,,,,,60.73137347349834,25664.93896842003
525341,2213,-356.0999999999998,203,0,1,False,0,pistol,,,,,,,60.665294108258834,25668.285346269608
525514,2214,-346.0999999999998,173,0,1,False,0,pistol,,,,,,,60.59596739274308,25671.140436172485
525728,2215,-375.4999999999997,214,0,1,False,0,pistol,,,,,,,60.93413787644393,25674.65259194374
525934,2216,-379.6999999999996,206,0,1,False,0,pistol,,,,,,,60.75585435639102,25678.043394088745
526123,2217,-363.5999999999998,189,0,1,False,0,pistol,,,,,,,60.86420436131676,25681.148785829544
526337,2218,-318.8999999999999,214,0,1,False,0,pistol,,,,,,,2.9667006341667976,25753.282968521118
526517,2219,-356.7999999999997,180,0,1,False,0,pistol,,,,,,,60.5381160741377,25756.256437540054
526696,2220,-324.5999999999999,179,0,1,False,0,pistol,,,,,,,60.683821043367026,25759.206292390823
526904,2221,-401.7999999999995,208,0,1,False,0,pistol,,,,,,,60.86674942558182,25762.62373161316
527132,2222,-352.69999999999976,228,0,1,False,0,pistol,,,,,,,60.94236872332063,25766.365096092224
527341,2223,-333.7,209,0,1,False,0,pistol,,,,,,,60.93981407232795,25769.794889688492
527570,2224,-360.2999999999997,229,0,1,False,0,pistol,,,,,,,61.02634234263312,25773.54756116867
527795,2225,-361.7999999999997,225,0,1,False,0,pistol,,,,,,,60.98313074193576,25777.237234592438
528004,2226,-389.2999999999996,209,0,1,False,0,pistol,,,,,,,60.79235558661176,25780.675309419632
528229,2227,-342.79999999999984,225,0,1,False,0,pistol,,,,,,,60.876291878485624,25784.37151837349
528444,2228,-331.1999999999999,215,0,1,False,0,pistol,,,,,,,2.990596006584983,25856.263670921326
528633,2229,-376.29999999999967,189,0,1,False,0,pistol,,,,,,,60.83327035571254,25859.37065052986
528797,2230,-326.5999999999999,164,0,1,False,0,pistol,,,,,,,60.56986008979824,25862.078411340714
529020,2231,-372.09999999999985,223,0,1,False,0,pistol,,,,,,,60.969272478468326,25865.73613882065
529248,2232,-413.6999999999997,228,0,1,False,0,pistol,,,,,,,60.85536266227305,25869.482845783234
529432,2233,-365.5999999999997,184,0,1,False,0,pistol,,,,,,,60.537929712325734,25872.522420167923
529659,2234,-343.3999999999998,227,0,1,False,0,pistol,,,,,,,60.93610428323707,25876.24780678749
529842,2235,-366.9999999999997,183,0,1,False,0,pistol,,,,,,,60.623273561035944,25879.266580104828
530082,2236,-378.49999999999966,240,0,1,False,0,pistol,,,,,,,61.152270059411016,25883.191388607025
530271,2237,-358.6999999999998,189,0,1,False,0,pistol,,,,,,,60.702061396936166,25886.305104017258
530489,2238,-452.09999999999945,218,0,1,False,0,pistol,,,,,,,3.012630224693231,25958.66724562645
530726,2239,-444.1999999999996,237,0,1,False,0,pistol,,,,,,,60.97121070890062,25962.55446958542
530928,2240,-401.1999999999996,202,0,1,False,0,pistol,,,,,,,60.79955565522376,25965.877029180527
531150,2241,-356.4999999999997,222,0,1,False,0,pistol,,,,,,,60.86913099569304,25969.524362802505
531314,2242,-326.59999999999985,164,0,1,False,0,pistol,,,,,,,60.42808257596821,25972.238484621048
531526,2243,-324.7999999999999,212,0,1,False,0,pistol,,,,,,,60.854158745019454,25975.722372055054
531744,2244,-339.29999999999984,218,0,1,False,0,pistol,,,,,,,60.88195585949982,25979.303199529648
531968,2245,-393.8999999999997,224,0,1,False,0,pistol,,,,,,,61.03358528070084,25982.973504781723
532162,2246,-377.8999999999997,194,0,1,False,0,pistol,,,,,,,60.72466125288205,25986.16836285591
532390,2247,-381.2999999999997,228,0,1,False,0,pistol,,,,,,,60.85642377394966,25989.915050268173
532594,2248,-424.2999999999996,204,0,1,False,0,pistol,,,,,,,2.831191174863745,26061.96969985962
532811,2249,-335.09999999999985,217,0,1,False,0,pistol,,,,,,,60.85313481936661,26065.535763263702
532983,2250,-340.8999999999998,172,0,1,False,0,pistol,,,,,,,60.55616325462345,26068.37624311447
533150,2251,-321.5999999999999,167,0,1,False,0,pistol,,,,,,,60.480685045447586,26071.13757801056
533383,2252,-361.09999999999974,233,0,1,False,0,pistol,,,,,,,61.06543061916932,26074.953295469284
533569,2253,-352.2999999999997,186,0,1,False,0,pistol,,,,,,,60.79130124104902,26078.01313829422
533802,2254,-350.29999999999984,233,0,1,False,0,pistol,,,,,,,61.02993847439147,26081.831064224243
534032,2255,-414.1999999999995,230,0,1,False,0,pistol,,,,,,,61.12800243678141,26085.593799352646
534258,2256,-386.2999999999997,226,0,1,False,0,pistol,,,,,,,61.06574590625338,26089.294858932495
534442,2257,-343.2999999999998,184,0,1,False,0,pistol,,,,,,,60.69550750557937,26092.326509475708
534596,2258,-301.29999999999995,154,0,1,False,0,pistol,,,,,,,2.127556285183026,26164.71022748947
534770,2259,-345.2999999999998,174,0,1,False,0,pistol,,,,,,,60.55506830533422,26167.583785772324
534966,2260,-393.99999999999966,196,0,1,False,0,pistol,,,,,,,60.80588481947555,26170.807285785675
535142,2261,-349.6999999999998,176,0,1,False,0,pistol,,,,,,,60.52647751272233,26173.715270519257
535331,2262,-378.5999999999997,189,0,1,False,0,pistol,,,,,,,60.81617510489463,26176.823162555695
535503,2263,-340.8999999999998,172,0,1,False,0,pistol,,,,,,,60.52285172570009,26179.665228128433
535675,2264,-345.8999999999998,172,0,1,False,0,pistol,,,,,,,60.63597634540589,26182.50198841095
535878,2265,-405.3999999999995,203,0,1,False,0,pistol,,,,,,,61.01676721184315,26185.829082012177
536083,2266,-401.19999999999953,205,0,1,False,0,pistol,,,,,,,60.85678575430028,26189.197766780853
536264,2267,-363.9999999999997,181,0,1,False,0,pistol,,,,,,,60.58475000788065,26192.18545770645
536448,2268,-348.2999999999998,184,0,1,False,0,pistol,,,,,,,60.54025667906206,26195.224868297577
536668,2269,-328.1999999999998,220,0,1,False,0,pistol,,,,,,,3.044828919451584,26267.478687286377
536875,2270,-396.89999999999964,207,0,1,False,0,pistol,,,,,,,60.845380561441736,26270.88088941574
537092,2271,-341.39999999999986,217,0,1,False,0,pistol,,,,,,,60.870419122334454,26274.445991039276
537272,2272,-352.7999999999998,180,0,1,False,0,pistol,,,,,,,60.56683308529516,26277.418038845062
537461,2273,-362.59999999999974,189,0,1,False,0,pistol,,,,,,,60.749915165679056,26280.529343366623
537659,2274,-390.7999999999997,198,0,1,False,0,pistol,,,,,,,60.76636762710255,26283.787899255753
537859,2275,-374.49999999999966,200,0,1,False,0,pistol,,,,,,,60.78379911787275,26287.078372001648
538064,2276,-385.4999999999997,205,0,1,False,0,pistol,,,,,,,60.74724641203426,26290.453126192093
538290,2277,-373.2999999999999,226,0,1,False,0,pistol,,,,,,,61.009754478772955,26294.15759396553
538524,2278,-374.99999999999966,234,0,1,False,0,pistol,,,,,,,60.79985905606591,26298.00640106201
538707,2279,-359.6999999999997,183,0,1,False,0,pistol,,,,,,,2.548223321368893,26369.821299552917
538879,2280,-340.8999999999998,172,0,1,False,0,pistol,,,,,,,60.49151943480675,26372.664836406708
539085,2281,-396.2999999999996,206,0,1,False,0,pistol,,,,,,,60.8891432435676,26376.048171281815
539289,2282,-311.2999999999999,204,0,1,False,0,pistol,,,,,,,60.935873611110516,26379.39608168602
539524,2283,-371.79999999999967,235,0,1,False,0,pistol,,,,,,,60.895424497006175,26383.25529718399
539745,2284,-343.29999999999984,221,0,1,False,0,pistol,,,,,,,60.93047621601809,26386.88250017166
539967,2285,-430.8999999999994,222,0,1,False,0,pistol,,,,,,,61.01004887825332,26390.521398067474
540167,2286,-429.19999999999953,200,0,1,False,0,pistol,,,,,,,60.806644463846844,26393.810645341873
540371,2287,-325.8999999999999,204,0,1,False,0,pistol,,,,,,,60.92685278722627,26397.15904688835
540569,2288,-371.7999999999997,198,0,1,False,0,pistol,,,,,,,60.76833741408273,26400.417443037033
540746,2289,-324.1999999999999,177,0,1,False,0,pistol,,,,,,,2.4604506627600573,26472.355616092682
540959,2290,-397.09999999999957,213,0,1,False,0,pistol,,,,,,,60.88512583760032,26475.85416507721
541178,2291,-354.79999999999984,219,0,1,False,0,pistol,,,,,,,60.818496345603556,26479.455166578293
541377,2292,-371.89999999999975,199,0,1,False,0,pistol,,,,,,,60.755625634822415,26482.730726480484
541575,2293,-366.09999999999974,198,0,1,False,0,pistol,,,,,,,60.74230918468365,26485.99053287506
541796,2294,-383.6999999999997,221,0,1,False,0,pistol,,,,,,,60.889495238723974,26489.620170116425
541997,2295,-365.59999999999974,201,0,1,False,0,pistol,,,,,,,60.83789039244153,26492.924192905426
542219,2296,-387.49999999999966,222,0,1,False,0,pistol,,,,,,,60.94866493080977,26496.566749811172
542435,2297,-336.39999999999986,216,0,1,False,0,pistol,,,,,,,60.80370450584631,26500.119344472885
542640,2298,-390.39999999999964,205,0,1,False,0,pistol,,,,,,,60.836406170976844,26503.489150047302
542794,2299,-301.29999999999995,154,0,1,False,0,pistol,,,,,,,2.1612081175656224,26574.745724201202
543015,2300,-383.3999999999997,221,0,1,False,0,pistol,,,,,,,60.88871129831837,26578.375417470932
543219,2301,-383.2999999999996,204,0,1,False,0,pistol,,,,,,,60.83198158343106,26581.729036808014
543386,2302,-332.19999999999993,167,0,1,False,0,pistol,,,,,,,60.620283723678334,26584.483980178833
543617,2303,-370.39999999999964,231,0,1,False,0,pistol,,,,,,,61.01640309342898,26588.26996731758
543826,2304,-404.99999999999955,209,0,1,False,0,pistol,,,,,,,60.88560264248698,26591.702759981155
544015,2305,-344.2999999999998,189,0,1,False,0,pistol,,,,,,,60.68713503724374,26594.81723356247
544191,2306,-341.6999999999998,176,0,1,False,0,pistol,,,,,,,60.41853308347378,26597.73040151596
544372,2307,-360.9999999999998,181,0,1,False,0,pistol,,,,,,,60.605735937889676,26600.7170586586
544576,2308,-395.2999999999996,204,0,1,False,0,pistol,,,,,,,60.80562422770481,26604.072146177292
544800,2309,-335.2999999999998,224,0,1,False,0,pistol,,,,,,,3.0849149240537557,26676.68370294571
544981,2310,-360.9999999999998,181,0,1,False,0,pistol,,,,,,,60.52505426509365,26679.674330472946
545191,2311,-420.49999999999943,210,0,1,False,0,pistol,,,,,,,60.82202598473006,26683.127165079117
545403,2312,-395.59999999999957,212,0,1,False,0,pistol,,,,,,,60.89158083884823,26686.608882665634
545600,2313,-333.79999999999984,197,0,1,False,0,pistol,,,,,,,60.697114176435356,26689.854677438736
545805,2314,-408.19999999999953,205,0,1,False,0,pistol,,,,,,,60.82206726704567,26693.225301265717
545988,2315,-365.9999999999998,183,0,1,False,0,pistol,,,,,,,60.624748347201205,26696.243995666504
546198,2316,-384.49999999999966,210,0,1,False,0,pistol,,,,,,,60.96586874496063,26699.68866467476
546415,2317,-354.89999999999975,217,0,1,False,0,pistol,,,,,,,60.90500497423948,26703.25169110298
546633,2318,-318.0999999999999,218,0,1,False,0,pistol,,,,,,,60.94855124934568,26706.828607797623
546822,2319,-366.59999999999974,189,0,1,False,0,pistol,,,,,,,2.5843496092596614,26779.961254119873
547009,2320,-362.1999999999997,187,0,1,False,0,pistol,,,,,,,60.595347599660165,26783.047439336777
547245,2321,-339.4999999999999,236,0,1,False,0,pistol,,,,,,,60.89343965195866,26786.923185110092
547469,2322,-336.29999999999984,224,0,1,False,0,pistol,,,,,,,61.07346230781692,26790.591018676758
547673,2323,-311.2999999999999,204,0,1,False,0,pistol,,,,,,,60.75408229270437,26793.94895362854
547869,2324,-405.3999999999996,196,0,1,False,0,pistol,,,,,,,60.802736702917045,26797.17263174057
548080,2325,-366.39999999999964,211,0,1,False,0,pistol,,,,,,,60.80938937419312,26800.64259815216
548279,2326,-363.9999999999998,199,0,1,False,0,pistol,,,,,,,60.651647048616134,26803.923754930496
548482,2327,-370.09999999999974,203,0,1,False,0,pistol,,,,,,,60.70190960941603,26807.268104314804
548654,2328,-340.8999999999998,172,0,1,False,0,pistol,,,,,,,60.44405002287325,26810.11387348175
548884,2329,-366.39999999999975,230,0,1,False,0,pistol,,,,,,,3.1647249840999367,26882.790167093277
549081,2330,-386.89999999999964,197,0,1,False,0,pistol,,,,,,,60.545043662402705,26886.04408979416
549263,2331,-361.7999999999997,182,0,1,False,0,pistol,,,,,,,60.426227857560136,26889.056161642075
549478,2332,-331.1999999999998,215,0,1,False,0,pistol,,,,,,,60.795788593419516,26892.592748880386
549671,2333,-393.9999999999998,193,0,1,False,0,pistol,,,,,,,60.58533634002004,26895.778463602066
549902,2334,-370.99999999999966,231,0,1,False,0,pistol,,,,,,,60.80397505948394,26899.577661514282
550106,2335,-416.89999999999964,204,0,1,False,0,pistol,,,,,,,60.60360205686116,26902.943979024887
550328,2336,-336.89999999999986,222,0,1,False,0,pistol,,,,,,,60.89692154936374,26906.589591264725
550517,2337,-331.5999999999999,189,0,1,False,0,pistol,,,,,,,60.61964922396221,26909.707542419434
550723,2338,-437.99999999999955,206,0,1,False,0,pistol,,,,,,,60.72741925065939,26913.099914312363
550936,2339,-378.79999999999984,213,0,1,False,0,pistol,,,,,,,2.934544140565422,26985.683724164963
551132,2340,-365.39999999999975,196,0,1,False,0,pistol,,,,,,,60.74111731160845,26988.91063785553
551329,2341,-332.1999999999999,197,0,1,False,0,pistol,,,,,,,61.03426771027248,26992.138419628143
551536,2342,-450.1999999999995,207,0,1,False,0,pistol,,,,,,,60.55560753240034,26995.556888341904
551750,2343,-385.89999999999964,214,0,1,False,0,pistol,,,,,,,60.85006102421844,26999.07386302948
551945,2344,-373.49999999999966,195,0,1,False,0,pistol,,,,,,,60.728118824040514,27002.28501868248
552149,2345,-383.2999999999996,204,0,1,False,0,pistol,,,,,,,60.67842184394212,27005.647155046463
552330,2346,-360.9999999999998,181,0,1,False,0,pistol,,,,,,,60.4913098759519,27008.63949728012
552548,2347,-337.39999999999986,218,0,1,False,0,pistol,,,,,,,60.737978326765045,27012.22882080078
552737,2348,-385.1999999999997,189,0,1,False,0,pistol,,,,,,,60.662702701709954,27015.344589471817
552976,2349,-356.59999999999974,239,0,1,False,0,pistol,,,,,,,3.303517968271375,27087.69184756279
553189,2350,-331.99999999999983,213,0,1,False,0,pistol,,,,,,,60.76136134944728,27091.19749355316
553402,2351,-330.7999999999998,213,0,1,False,0,pistol,,,,,,,60.63572841225088,27094.7104139328
553601,2352,-382.2999999999996,199,0,1,False,0,pistol,,,,,,,60.70719896126664,27097.988584041595
553829,2353,-349.7999999999997,228,0,1,False,0,pistol,,,,,,,60.86694782240089,27101.734585762024
554056,2354,-392.8999999999997,227,0,1,False,0,pistol,,,,,,,60.915624515552885,27105.46118736267
554269,2355,-313.69999999999993,213,0,1,False,0,pistol,,,,,,,60.88114684499597,27108.959936618805
554473,2356,-411.2999999999995,204,0,1,False,0,pistol,,,,,,,60.75052360918474,27112.318079948425
554688,2357,-421.49999999999943,215,0,1,False,0,pistol,,,,,,,60.82025551949795,27115.853217363358
554895,2358,-347.8999999999998,207,0,1,False,0,pistol,,,,,,,59.195358519412636,27119.35024881363
555082,2359,-361.5999999999997,187,0,1,False,0,pistol,,,,,,,2.614509557332897,27190.874285936356
555298,2360,-373.69999999999965,216,0,1,False,0,pistol,,,,,,,60.82531191136448,27194.42558145523
555527,2361,-366.5999999999997,229,0,1,False,0,pistol,,,,,,,60.92609456559592,27198.184368133545
555749,2362,-325.1999999999999,222,0,1,False,0,pistol,,,,,,,60.790292517405625,27201.836440086365
555971,2363,-349.19999999999976,222,0,1,False,0,pistol,,,,,,,60.91153758973904,27205.481196641922
556174,2364,-364.7999999999997,203,0,1,False,0,pistol,,,,,,,60.7395832397033,27208.823494672775
556351,2365,-358.1999999999997,177,0,1,False,0,pistol,,,,,,,60.730555414216575,27211.738145828247
556548,2366,-409.89999999999964,197,0,1,False,0,pistol,,,,,,,60.66356750234075,27214.98568558693
556749,2367,-356.9999999999998,201,0,1,False,0,pistol,,,,,,,60.8559969087463,27218.288715839386
556966,2368,-445.19999999999936,217,0,1,False,0,pistol,,,,,,,60.876342892519304,27221.853437900543
557177,2369,-381.29999999999967,211,0,1,False,0,pistol,,,,,,,2.930043265937297,27293.86618423462
557386,2370,-321.2999999999999,209,0,1,False,0,pistol,,,,,,,60.768755632885565,27297.3056204319
557616,2371,-370.79999999999967,230,0,1,False,0,pistol,,,,,,,60.83659996348631,27301.086357355118
557831,2372,-351.39999999999986,215,0,1,False,0,pistol,,,,,,,60.79535413182732,27304.622960329056
558039,2373,-332.19999999999993,208,0,1,False,0,pistol,,,,,,,60.804028775053,27308.043933153152
558247,2374,-406.3999999999995,208,0,1,False,0,pistol,,,,,,,60.69863943912208,27311.470844984055
558456,2375,-330.59999999999985,209,0,1,False,0,pistol,,,,,,,60.7404051505862,27314.911891222
558669,2376,-420.0999999999995,213,0,1,False,0,pistol,,,,,,,60.80493699306348,27318.41503882408
558870,2377,-408.29999999999967,201,0,1,False,0,pistol,,,,,,,60.4670175771797,27321.739304065704
559047,2378,-331.59999999999985,177,0,1,False,0,pistol,,,,,,,60.48356656235363,27324.665853738785
559235,2379,-360.09999999999974,188,0,1,False,0,pistol,,,,,,,2.606092161840133,27396.80466389656
559472,2380,-438.7999999999996,237,0,1,False,0,pistol,,,,,,,60.83355943837173,27400.700667142868
559626,2381,-311.29999999999995,154,0,1,False,0,pistol,,,,,,,59.90514713479137,27403.271530866623
559851,2382,-356.09999999999974,225,0,1,False,0,pistol,,,,,,,60.86018784323877,27406.968667268753
560050,2383,-364.5999999999997,199,0,1,False,0,pistol,,,,,,,60.701790611069825,27410.24712371826
560247,2384,-353.89999999999975,197,0,1,False,0,pistol,,,,,,,60.546370176183444,27413.50097823143
560419,2385,-340.8999999999998,172,0,1,False,0,pistol,,,,,,,60.475718432839386,27416.34524846077
560597,2386,-350.0999999999998,178,0,1,False,0,pistol,,,,,,,58.289416003513985,27419.399114847183
560783,2387,-371.6999999999997,186,0,1,False,0,pistol,,,,,,,60.57693045056691,27422.46975827217
560956,2388,-342.6999999999998,173,0,1,False,0,pistol,,,,,,,60.47136480942361,27425.33074069023
561170,2389,-333.2999999999998,214,0,1,False,0,pistol,,,,,,,2.9729621109478095,27497.31296491623
561361,2390,-336.99999999999983,191,0,1,False,0,pistol,,,,,,,60.58663130092233,27500.465631723404
561577,2391,-435.6999999999996,216,0,1,False,0,pistol,,,,,,,60.75033765846411,27504.021282434464
561741,2392,-321.5999999999999,164,0,1,False,0,pistol,,,,,,,60.20963832684699,27506.745220184326
561940,2393,-399.99999999999955,199,0,1,False,0,pistol,,,,,,,60.52612753200918,27510.033186674118
562141,2394,-399.6999999999996,201,0,1,False,0,pistol,,,,,,,60.7319795573526,27513.342998981476
562324,2395,-364.7999999999997,183,0,1,False,0,pistol,,,,,,,60.3573952663539,27516.3750808239
562525,2396,-351.6999999999998,201,0,1,False,0,pistol,,,,,,,60.58390617193954,27519.692925930023
562752,2397,-353.6999999999998,227,0,1,False,0,pistol,,,,,,,60.95605927003207,27523.417059898376
562940,2398,-365.7999999999997,188,0,1,False,0,pistol,,,,,,,60.65786635746786,27526.516583681107
563135,2399,-386.49999999999966,195,0,1,False,0,pistol,,,,,,,60.44584029022661,27529.74275612831
563342,2400,-413.1999999999996,207,0,1,False,0,pistol,,,,,,,2.8696337477425935,27601.87754535675
563561,2401,-444.9999999999993,219,0,1,False,0,pistol,,,,,,,60.693341664066615,27605.485988616943
563734,2402,-343.3999999999998,173,0,1,False,0,pistol,,,,,,,60.50057314302161,27608.345623016357
563940,2403,-350.69999999999993,206,0,1,False,0,pistol,,,,,,,60.64166477576716,27611.742762565613
564142,2404,-393.1999999999996,202,0,1,False,0,pistol,,,,,,,60.78256198910957,27615.066220760345
564355,2405,-382.3999999999997,213,0,1,False,0,pistol,,,,,,,60.74526529735534,27618.57280397415
564575,2406,-344.7999999999998,220,0,1,False,0,pistol,,,,,,,60.79739170236501,27622.19153380394
564800,2407,-342.1999999999998,225,0,1,False,0,pistol,,,,,,,60.73734093282936,27625.896141290665
565009,2408,-390.89999999999986,209,0,1,False,0,pistol,,,,,,,58.94478259960339,27629.44201731682
565201,2409,-376.7999999999998,192,0,1,False,0,pistol,,,,,,,60.60255820091068,27632.610318899155
565402,2410,-400.99999999999955,201,0,1,False,0,pistol,,,,,,,2.802317490733985,27704.336808681488
565645,2411,-422.09999999999957,243,0,1,False,0,pistol,,,,,,,60.859710758458306,27708.32975101471
565881,2412,-350.1999999999999,236,0,1,False,0,pistol,,,,,,,60.87689052598472,27712.206552028656
566096,2413,-354.0999999999999,215,0,1,False,0,pistol,,,,,,,60.80847679032519,27715.742379188538
566315,2414,-377.5999999999997,219,0,1,False,0,pistol,,,,,,,59.28139418760645,27719.436770677567
566517,2415,-406.8999999999995,202,0,1,False,0,pistol,,,,,,,60.483175278615434,27722.776684761047
566726,2416,-420.29999999999944,209,0,1,False,0,pistol,,,,,,,60.80869664504187,27726.213844776154
566907,2417,-363.9999999999998,181,0,1,False,0,pistol,,,,,,,60.22850350893742,27729.219200611115
567075,2418,-322.39999999999986,168,0,1,False,0,pistol,,,,,,,60.330414430742074,27732.004000902176
567270,2419,-391.1999999999996,195,0,1,False,0,pistol,,,,,,,60.62830396712523,27735.22047162056
567475,2420,-411.4999999999995,205,0,1,False,0,pistol,,,,,,,2.850063386998129,27807.14884328842
567695,2421,-437.19999999999936,220,0,1,False,0,pistol,,,,,,,60.755544081481375,27810.770040750504
567912,2422,-332.1999999999998,217,0,1,False,0,pistol,,,,,,,60.756646313964225,27814.341791391373
568110,2423,-388.39999999999964,198,0,1,False,0,pistol,,,,,,,60.57823198424753,27817.61043691635
568333,2424,-331.19999999999993,223,0,1,False,0,pistol,,,,,,,60.74963769285512,27821.281369924545
568491,2425,-308.99999999999994,158,0,1,False,0,pistol,,,,,,,60.253843694063235,27823.903759002686
568677,2426,-326.59999999999985,186,0,1,False,0,pistol,,,,,,,60.386176193230675,27826.98404788971
568908,2427,-370.99999999999966,231,0,1,False,0,pistol,,,,,,,60.908051045159944,27830.77680206299
569098,2428,-381.0999999999997,190,0,1,False,0,pistol,,,,,,,60.500906582350424,27833.917392492294
569299,2429,-348.29999999999984,201,0,1,False,0,pistol,,,,,,,60.58913977238083,27837.23491549492
569504,2430,-413.1999999999995,205,0,1,False,0,pistol,,,,,,,2.838414102765835,27909.458515882492
569678,2431,-341.89999999999975,174,0,1,False,0,pistol,,,,,,,60.44206279007364,27912.337431192398
569915,2432,-413.59999999999974,237,0,1,False,0,pistol,,,,,,,60.90594738689572,27916.228798866272
570092,2433,-346.8999999999998,177,0,1,False,0,pistol,,,,,,,60.46422179146781,27919.156279325485
570302,2434,-420.49999999999943,210,0,1,False,0,pistol,,,,,,,60.745435939706695,27922.613466501236
570507,2435,-448.1999999999995,205,0,1,False,0,pistol,,,,,,,60.73372167172927,27925.988986968994
570688,2436,-360.39999999999975,181,0,1,False,0,pistol,,,,,,,58.812867745519846,27929.066683530807
570898,2437,-398.1999999999996,210,0,1,False,0,pistol,,,,,,,60.189612854280405,27932.55581998825
571098,2438,-429.79999999999956,200,0,1,False,0,pistol,,,,,,,59.10939561288999,27935.93951869011
571298,2439,-382.49999999999966,200,0,1,False,0,pistol,,,,,,,60.805062140183054,27939.228807210922
571479,2440,-360.9999999999998,181,0,1,False,0,pistol,,,,,,,2.5189758055575,28011.083497285843
571688,2441,-420.29999999999944,209,0,1,False,0,pistol,,,,,,,60.70867962620592,28014.52630853653
571900,2442,-331.1999999999998,212,0,1,False,0,pistol,,,,,,,60.72432248303672,28018.01762342453
572148,2443,-418.2999999999998,248,0,1,False,0,pistol,,,,,,,59.342067064080396,28022.196936368942
572369,2444,-347.8999999999998,221,0,1,False,0,pistol,,,,,,,60.736426693197565,28025.835782051086
572589,2445,-348.0999999999998,220,0,1,False,0,pistol,,,,,,,60.864422169591975,28029.4504904747
572752,2446,-321.3999999999999,163,0,1,False,0,pistol,,,,,,,60.303684243580214,28032.15362882614
572971,2447,-347.5999999999999,219,0,1,False,0,pistol,,,,,,,60.77587767816221,28035.757192850113
573180,2448,-331.1999999999999,209,0,1,False,0,pistol,,,,,,,60.53494715748838,28039.209874391556
573374,2449,-373.2999999999997,194,0,1,False,0,pistol,,,,,,,60.61682458401754,28042.410460948944
573551,2450,-341.8999999999998,177,0,1,False,0,pistol,,,,,,,2.472781534505311,28113.98992395401
573765,2451,-462.29999999999944,214,0,1,False,0,pistol,,,,,,,60.83281831735422,28117.507932186127
573929,2452,-320.9999999999999,164,0,1,False,0,pistol,,,,,,,60.51590154254147,28120.218126296997
574134,2453,-327.0999999999999,205,0,1,False,0,pistol,,,,,,,60.68633823873382,28123.596306324005
574361,2454,-351.89999999999975,227,0,1,False,0,pistol,,,,,,,60.96408396039137,28127.319934606552
574534,2455,-341.0999999999998,173,0,1,False,0,pistol,,,,,,,60.29660012457944,28130.189228773117
574731,2456,-327.5999999999998,197,0,1,False,0,pistol,,,,,,,60.69327992162182,28133.435185194016
574962,2457,-371.69999999999993,231,0,1,False,0,pistol,,,,,,,60.78984822493451,28137.235288619995
575195,2458,-352.9999999999998,233,0,1,False,0,pistol,,,,,,,59.637396744585146,28141.142395734787
575411,2459,-382.2999999999998,216,0,1,False,0,pistol,,,,,,,60.70022831688108,28144.700991392136
575616,2460,-329.79999999999984,205,0,1,False,0,pistol,,,,,,,2.8508819709733166,28216.608696699142
575821,2461,-369.1999999999997,205,0,1,False,0,pistol,,,,,,,60.68635965472891,28219.98683834076
576048,2462,-365.89999999999975,227,0,1,False,0,pistol,,,,,,,60.86015314196458,28223.716859579086
576218,2463,-322.7999999999999,170,0,1,False,0,pistol,,,,,,,58.51558226162115,28226.622228860855
576396,2464,-354.6999999999997,178,0,1,False,0,pistol,,,,,,,60.47766841209469,28229.565593719482
576610,2465,-352.5999999999998,214,0,1,False,0,pistol,,,,,,,60.86945166561079,28233.08147239685
576791,2466,-365.9999999999998,181,0,1,False,0,pistol,,,,,,,60.42046175627451,28236.077313661575
577001,2467,-312.4999999999999,210,0,1,False,0,pistol,,,,,,,60.661630377515074,28239.539258241653
577184,2468,-361.9999999999998,183,0,1,False,0,pistol,,,,,,,60.48994929549671,28242.564679145813
577429,2469,-357.7999999999998,245,0,1,False,0,pistol,,,,,,,60.84060316954715,28246.59171962738
577649,2470,-346.4999999999998,220,0,1,False,0,pistol,,,,,,,3.037939753719194,28319.009343862534
577838,2471,-353.2999999999998,189,0,1,False,0,pistol,,,,,,,60.49068389383043,28322.13391327858
578011,2472,-341.0999999999998,173,0,1,False,0,pistol,,,,,,,60.38682342069495,28324.99891090393
578223,2473,-318.49999999999994,212,0,1,False,0,pistol,,,,,,,60.73171326082621,28328.489808797836
578415,2474,-380.89999999999964,192,0,1,False,0,pistol,,,,,,,60.443964879579504,28331.666431188583
578602,2475,-363.89999999999986,187,0,1,False,0,pistol,,,,,,,60.629044420338886,28334.75088739395
578826,2476,-340.2999999999998,224,0,1,False,0,pistol,,,,,,,60.77667663801233,28338.436636447906
579054,2477,-328.6999999999999,228,0,1,False,0,pistol,,,,,,,60.838985960610515,28342.18439888954
579252,2478,-351.0999999999998,198,0,1,False,0,pistol,,,,,,,60.542637076254785,28345.454966783524
579447,2479,-389.4999999999996,195,0,1,False,0,pistol,,,,,,,60.636695875812876,28348.670989990234
579660,2480,-340.79999999999984,213,0,1,False,0,pistol,,,,,,,2.969245479206867,28420.40653181076
579885,2481,-405.79999999999956,225,0,1,False,0,pistol,,,,,,,60.80007524965911,28424.10730600357
580099,2482,-364.1999999999997,214,0,1,False,0,pistol,,,,,,,60.77841594806207,28427.62842941284
580332,2483,-371.3999999999997,233,0,1,False,0,pistol,,,,,,,60.89588620122422,28431.454760551453
580554,2484,-374.1999999999997,222,0,1,False,0,pistol,,,,,,,60.843739224432966,28435.1035759449
580794,2485,-330.7999999999999,240,0,1,False,0,pistol,,,,,,,61.07755333250087,28439.033163309097
581011,2486,-368.1999999999997,217,0,1,False,0,pistol,,,,,,,60.799557726161495,28442.60237789154
581248,2487,-336.1999999999998,237,0,1,False,0,pistol,,,,,,,61.019259323644775,28446.486552476883
581484,2488,-407.99999999999966,236,0,1,False,0,pistol,,,,,,,60.990785290698874,28450.356096744537
581694,2489,-420.49999999999943,210,0,1,False,0,pistol,,,,,,,2.9101134883806496,28522.518356084824
581912,2490,-362.6999999999997,218,0,1,False,0,pistol,,,,,,,60.842861946210036,28526.101529836655
582134,2491,-371.4999999999998,222,0,1,False,0,pistol,,,,,,,60.38758440709448,28529.777904510498
582315,2492,-360.9999999999998,181,0,1,False,0,pistol,,,,,,,58.26078952576837,28532.88475418091
582509,2493,-381.8999999999997,194,0,1,False,0,pistol,,,,,,,59.7800822879346,28536.130078554153
582747,2494,-377.39999999999975,238,0,1,False,0,pistol,,,,,,,60.77276682789628,28540.04644036293
582959,2495,-339.1999999999998,212,0,1,False,0,pistol,,,,,,,60.53603493909276,28543.548580169678
583174,2496,-349.79999999999984,215,0,1,False,0,pistol,,,,,,,60.44658227508705,28547.10557794571
583361,2497,-367.1999999999997,187,0,1,False,0,pistol,,,,,,,60.47008898954368,28550.19815826416
583591,2498,-370.7999999999997,230,0,1,False,0,pistol,,,,,,,60.52276607050879,28553.998507976532
583802,2499,-402.99999999999955,211,0,1,False,0,pistol,,,,,,,2.882107763231791,28627.208925247192
584027,2500,-353.7999999999997,225,0,1,False,0,pistol,,,,,,,60.79220287721819,28630.910180568695
584261,2501,-392.5999999999997,234,0,1,False,0,pistol,,,,,,,60.80782232245333,28634.758512735367
584459,2502,-355.09999999999974,198,0,1,False,0,pistol,,,,,,,60.60105061878627,28638.02595591545
584669,2503,-361.69999999999976,210,0,1,False,0,pistol,,,,,,,60.75436059625096,28641.482647180557
584859,2504,-362.7999999999997,190,0,1,False,0,pistol,,,,,,,60.465197587576604,28644.62508368492
585071,2505,-420.89999999999947,212,0,1,False,0,pistol,,,,,,,60.784670867215674,28648.112941026688
585231,2506,-302.49999999999994,160,0,1,False,0,pistol,,,,,,,60.18526541828481,28650.77153158188
585407,2507,-341.6999999999998,176,0,1,False,0,pistol,,,,,,,60.4681030087693,28653.682309150696
585613,2508,-409.99999999999955,206,0,1,False,0,pistol,,,,,,,60.70701141565794,28657.075823783875
585841,2509,-395.3999999999997,228,0,1,False,0,pistol,,,,,,,3.156936714188386,28729.297868728638
586072,2510,-378.8999999999998,231,0,1,False,0,pistol,,,,,,,60.687882194565674,28733.104399204254
586258,2511,-371.6999999999997,186,0,1,False,0,pistol,,,,,,,60.358125660773396,28736.18614435196
586485,2512,-341.1999999999998,227,0,1,False,0,pistol,,,,,,,59.6898350670592,28739.989267110825
586657,2513,-341.49999999999983,172,0,1,False,0,pistol,,,,,,,60.324586988049816,28742.84070110321
586860,2514,-365.0999999999998,203,0,1,False,0,pistol,,,,,,,60.77898265889187,28746.180807113647
587096,2515,-395.39999999999964,236,0,1,False,0,pistol,,,,,,,60.82832874698733,28750.0607047081
587309,2516,-335.7999999999998,213,0,1,False,0,pistol,,,,,,,60.64057680401773,28753.5733191967
587510,2517,-368.99999999999966,201,0,1,False,0,pistol,,,,,,,60.60341703294713,28756.89009165764
587667,2518,-308.5999999999999,157,0,1,False,0,pistol,,,,,,,60.069003313846274,28759.503888130188
587843,2519,-341.6999999999998,176,0,1,False,0,pistol,,,,,,,2.452069987881246,28831.280134916306
588038,2520,-399.49999999999966,195,0,1,False,0,pistol,,,,,,,60.51120393053498,28834.502784490585
588261,2521,-356.6999999999997,223,0,1,False,0,pistol,,,,,,,60.885154064542064,28838.165560007095
588475,2522,-375.5999999999998,214,0,1,False,0,pistol,,,,,,,60.471816513749104,28841.704567670822
588645,2523,-330.79999999999984,170,0,1,False,0,pistol,,,,,,,60.34694992305894,28844.52173948288
588845,2524,-401.3999999999996,200,0,1,False,0,pistol,,,,,,,60.492028185742065,28847.828100204468
589072,2525,-356.4999999999997,227,0,1,False,0,pistol,,,,,,,60.647339368381814,28851.571209430695
589271,2526,-422.2999999999996,199,0,1,False,0,pistol,,,,,,,60.448781307417605,28854.8633685112
589503,2527,-335.1999999999998,232,0,1,False,0,pistol,,,,,,,60.73212491359009,28858.683565855026
589713,2528,-384.49999999999966,210,0,1,False,0,pistol,,,,,,,60.56025416494319,28862.151354074478
589918,2529,-382.7999999999997,205,0,1,False,0,pistol,,,,,,,2.8418224470296836,28934.288288593292
590115,2530,-389.19999999999965,197,0,1,False,0,pistol,,,,,,,60.3592599229283,28937.552238702774
590333,2531,-343.2999999999998,218,0,1,False,0,pistol,,,,,,,60.53632119929885,28941.15351486206
590533,2532,-400.79999999999956,200,0,1,False,0,pistol,,,,,,,60.52833481143666,28944.45786547661
590762,2533,-335.79999999999984,229,0,1,False,0,pistol,,,,,,,60.698492496608324,28948.230723381042
590954,2534,-351.19999999999976,192,0,1,False,0,pistol,,,,,,,60.42260434296509,28951.408464431763
591169,2535,-341.79999999999984,215,0,1,False,0,pistol,,,,,,,60.686243012445665,28954.951407909393
591394,2536,-325.1999999999999,225,0,1,False,0,pistol,,,,,,,60.763413630647804,28958.654422283173
591601,2537,-383.89999999999964,207,0,1,False,0,pistol,,,,,,,60.52567308614655,28962.07458424568
591834,2538,-397.3999999999997,233,0,1,False,0,pistol,,,,,,,60.827058878594954,28965.905269145966
592015,2539,-360.9999999999998,181,0,1,False,0,pistol,,,,,,,2.5377061171017115,29037.229670524597
592220,2540,-327.4999999999999,205,0,1,False,0,pistol,,,,,,,60.55637369554797,29040.6150598526
592412,2541,-380.89999999999964,192,0,1,False,0,pistol,,,,,,,60.35711583258134,29043.79627084732
592644,2542,-377.8999999999997,232,0,1,False,0,pistol,,,,,,,60.691953937963106,29047.619015216827
592858,2543,-371.99999999999966,214,0,1,False,0,pistol,,,,,,,60.67742037103511,29051.145988225937
593030,2544,-340.8999999999998,172,0,1,False,0,pistol,,,,,,,60.21200204952085,29054.002695322037
593252,2545,-454.59999999999945,222,0,1,False,0,pistol,,,,,,,60.90682814025004,29057.647725343704
593441,2546,-362.59999999999974,189,0,1,False,0,pistol,,,,,,,60.46939829427488,29060.77342915535
593633,2547,-389.89999999999964,192,0,1,False,0,pistol,,,,,,,60.35906561937183,29063.95452451706
593868,2548,-351.6999999999998,235,0,1,False,0,pistol,,,,,,,60.808011350943815,29067.819282770157
594070,2549,-403.8999999999996,202,0,1,False,0,pistol,,,,,,,2.766038677125514,29140.84802889824
594276,2550,-391.6999999999996,206,0,1,False,0,pistol,,,,,,,60.62572124141934,29144.24603843689
594513,2551,-351.5999999999998,237,0,1,False,0,pistol,,,,,,,60.85686982838308,29148.1405441761
594736,2552,-429.3999999999996,223,0,1,False,0,pistol,,,,,,,60.80180102290425,29151.808343410492
594942,2553,-414.2999999999996,206,0,1,False,0,pistol,,,,,,,60.55364396956152,29155.21041536331
595146,2554,-375.29999999999967,204,0,1,False,0,pistol,,,,,,,60.562435249168736,29158.57895565033
595332,2555,-369.2999999999997,186,0,1,False,0,pistol,,,,,,,60.57877436584867,29161.64947128296
595536,2556,-367.2999999999997,204,0,1,False,0,pistol,,,,,,,60.59456776414492,29165.01624774933
595736,2557,-364.7999999999997,200,0,1,False,0,pistol,,,,,,,60.56493866222845,29168.318680763245
595922,2558,-359.6999999999997,186,0,1,False,0,pistol,,,,,,,60.25328885073191,29171.4057867527
596127,2559,-397.7999999999996,205,0,1,False,0,pistol,,,,,,,2.819704449348342,29244.108624219894
596331,2560,-337.59999999999985,204,0,1,False,0,pistol,,,,,,,60.424314070443316,29247.48490023613
596525,2561,-381.29999999999967,194,0,1,False,0,pistol,,,,,,,60.45588910640859,29250.69398331642
596711,2562,-345.99999999999983,186,0,1,False,0,pistol,,,,,,,60.432958535740816,29253.77190732956
596924,2563,-331.3999999999998,213,0,1,False,0,pistol,,,,,,,60.78477699092658,29257.276235342026
597146,2564,-355.4999999999997,222,0,1,False,0,pistol,,,,,,,60.69023421131481,29260.93427658081
597311,2565,-322.39999999999986,165,0,1,False,0,pistol,,,,,,,60.38289724588056,29263.666965007782
597524,2566,-349.6999999999998,213,0,1,False,0,pistol,,,,,,,60.790728861299414,29267.170936107635
597753,2567,-345.9999999999997,229,0,1,False,0,pistol,,,,,,,60.74364320089915,29270.941020011902
597981,2568,-348.09999999999974,228,0,1,False,0,pistol,,,,,,,60.83338970523359,29274.68909740448
598167,2569,-349.9999999999998,186,0,1,False,0,pistol,,,,,,,2.5833476192107603,29346.688843488693
598373,2570,-365.9999999999997,206,0,1,False,0,pistol,,,,,,,60.488135694790195,29350.094613313675
598600,2571,-351.89999999999975,227,0,1,False,0,pistol,,,,,,,60.70738522445021,29353.83401441574
598814,2572,-332.1999999999998,214,0,1,False,0,pistol,,,,,,,60.74837102471657,29357.356929302216
598988,2573,-345.2999999999998,174,0,1,False,0,pistol,,,,,,,60.24931221435483,29360.245070934296
599158,2574,-313.0999999999999,170,0,1,False,0,pistol,,,,,,,60.162854370257485,29363.0708630085
599380,2575,-352.0999999999998,222,0,1,False,0,pistol,,,,,,,60.65551106394871,29366.7310025692
599583,2576,-371.0999999999997,203,0,1,False,0,pistol,,,,,,,60.52795037105056,29370.084943771362
599785,2577,-346.89999999999975,202,0,1,False,0,pistol,,,,,,,60.4904040626162,29373.42446422577
600004,2578,-336.99999999999983,219,0,1,False,0,pistol,,,,,,,60.581336225769924,29377.03958773613
600179,2579,-341.49999999999983,175,0,1,False,0,pistol,,,,,,,2.4356926921696496,29448.887855052948
600417,2580,-406.3999999999997,238,0,1,False,0,pistol,,,,,,,60.70597707773121,29452.80854201317
600633,2581,-335.39999999999986,216,0,1,False,0,pistol,,,,,,,60.52124323346838,29456.377695798874
600839,2582,-396.5999999999997,206,0,1,False,0,pistol,,,,,,,60.49997797840651,29459.782798290253
601071,2583,-335.1999999999998,232,0,1,False,0,pistol,,,,,,,60.71943339924573,29463.60379099846
601258,2584,-364.5999999999998,187,0,1,False,0,pistol,,,,,,,60.531167921804894,29466.693283557892
601481,2585,-351.6999999999998,223,0,1,False,0,pistol,,,,,,,60.71116006679118,29470.36655831337
601686,2586,-318.7999999999999,205,0,1,False,0,pistol,,,,,,,60.36534050444937,29473.762682199478
601925,2587,-380.5999999999996,239,0,1,False,0,pistol,,,,,,,60.86638328215994,29477.68945121765
602126,2588,-441.0,201,0,1,False,0,pistol,,,,,,,2.8012979349373994,29549.44206762314
602318,2589,-380.89999999999964,192,0,1,False,0,pistol,,,,,,,60.50312749785671,29552.615585803986
602517,2590,-380.5999999999997,199,0,1,False,0,pistol,,,,,,,60.525030283671256,29555.903634786606
602734,2591,-331.5999999999998,217,0,1,False,0,pistol,,,,,,,60.53679332118781,29559.48838853836
602921,2592,-387.3999999999997,187,0,1,False,0,pistol,,,,,,,60.3677758922612,29562.586204767227
603117,2593,-401.2999999999996,196,0,1,False,0,pistol,,,,,,,60.83526346020957,29565.80815553665
603358,2594,-447.2999999999995,241,0,1,False,0,pistol,,,,,,,61.01213455649666,29569.75830888748
603578,2595,-386.69999999999976,220,0,1,False,0,pistol,,,,,,,60.686326362597605,29573.383630514145
603755,2596,-339.4999999999999,177,0,1,False,0,pistol,,,,,,,60.2577889773944,29576.321152210236
603990,2597,-373.3999999999997,235,0,1,False,0,pistol,,,,,,,60.762713154806725,29580.18878889084
604194,2598,-391.89999999999964,204,0,1,False,0,pistol,,,,,,,2.8350976492677202,29652.14410328865
604393,2599,-406.29999999999956,199,0,1,False,0,pistol,,,,,,,60.456627455320636,29655.43585920334
604630,2600,-336.1999999999998,237,0,1,False,0,pistol,,,,,,,60.75013273907946,29659.337217330933
604821,2601,-398.2999999999997,191,0,1,False,0,pistol,,,,,,,60.502918423189755,29662.494240283966
605034,2602,-331.3999999999998,213,0,1,False,0,pistol,,,,,,,60.711922886695625,29666.002769947052
605239,2603,-376.19999999999976,205,0,1,False,0,pistol,,,,,,,60.569354481608016,29669.387433052063
605413,2604,-335.59999999999985,174,0,1,False,0,pistol,,,,,,,60.31093685592952,29672.272605657578
605610,2605,-361.89999999999975,197,0,1,False,0,pistol,,,,,,,60.592008343338776,29675.523965358734
605789,2606,-349.5999999999998,179,0,1,False,0,pistol,,,,,,,60.30774104748475,29678.492199659348
605968,2607,-342.2999999999998,179,0,1,False,0,pistol,,,,,,,60.44927965413221,29681.45349597931
606193,2608,-358.39999999999975,225,0,1,False,0,pistol,,,,,,,60.77304354316228,29685.155912399292
606358,2609,-326.1999999999998,165,0,1,False,0,pistol,,,,,,,2.2873551683454973,29757.291779756546
606574,2610,-336.5999999999999,216,0,1,False,0,pistol,,,,,,,60.511295085263,29760.86147737503
606787,2611,-370.7999999999998,213,0,1,False,0,pistol,,,,,,,60.45680769381468,29764.384793758392
606968,2612,-347.6999999999998,181,0,1,False,0,pistol,,,,,,,60.289449130329714,29767.387090921402
607195,2613,-352.4999999999997,227,0,1,False,0,pistol,,,,,,,60.666908499925036,29771.128970861435
607418,2614,-337.7999999999998,223,0,1,False,0,pistol,,,,,,,60.630986341316884,29774.80709028244
607599,2615,-340.3999999999998,181,0,1,False,0,pistol,,,,,,,60.209773955101284,29777.8133957386
607772,2616,-341.0999999999998,173,0,1,False,0,pistol,,,,,,,60.10528252352288,29780.691825151443
607971,2617,-404.99999999999955,199,0,1,False,0,pistol,,,,,,,60.44350644342635,29783.984304189682
608176,2618,-384.1999999999997,205,0,1,False,0,pistol,,,,,,,60.56648312852234,29787.369139671326
608402,2619,-469.9999999999993,226,0,1,False,0,pistol,,,,,,,3.13093132936684,29859.552260875702
608573,2620,-327.9999999999999,171,0,1,False,0,pistol,,,,,,,60.16809746677326,29862.39443397522
608774,2621,-364.9999999999998,201,0,1,False,0,pistol,,,,,,,60.56998188407749,29865.7130317688
608979,2622,-313.1999999999999,205,0,1,False,0,pistol,,,,,,,60.600726702123595,29869.095953464508
609188,2623,-414.5999999999995,209,0,1,False,0,pistol,,,,,,,60.65724139319712,29872.541745185852
609378,2624,-381.0999999999997,190,0,1,False,0,pistol,,,,,,,60.49895455824297,29875.682423114777
609596,2625,-414.29999999999967,218,0,1,False,0,pistol,,,,,,,60.47481856891822,29879.28741121292
609809,2626,-340.3999999999998,213,0,1,False,0,pistol,,,,,,,60.43483365562566,29882.811989068985
609985,2627,-347.9999999999998,176,0,1,False,0,pistol,,,,,,,60.147173183297866,29885.73830127716
610207,2628,-336.5999999999998,222,0,1,False,0,pistol,,,,,,,60.71817044103539,29889.394661426544
610432,2629,-344.0999999999998,225,0,1,False,0,pistol,,,,,,,3.117989440929953,29961.55668067932
610614,2630,-342.8999999999998,182,0,1,False,0,pistol,,,,,,,60.424969898861285,29964.56881093979
610834,2631,-336.7999999999998,220,0,1,False,0,pistol,,,,,,,60.80837754133254,29968.186848640442
611048,2632,-334.29999999999984,214,0,1,False,0,pistol,,,,,,,60.61384264082042,29971.717529535294
611253,2633,-396.09999999999957,205,0,1,False,0,pistol,,,,,,,60.51873828452507,29975.105078458786
611477,2634,-343.8999999999998,224,0,1,False,0,pistol,,,,,,,60.64356280410966,29978.798949480057
611701,2635,-345.5999999999998,224,0,1,False,0,pistol,,,,,,,60.78404922534188,29982.4842505455
611887,2636,-359.6999999999997,186,0,1,False,0,pistol,,,,,,,60.37466596768494,29985.56515622139
612069,2637,-371.7999999999998,182,0,1,False,0,pistol,,,,,,,60.29645639011612,29988.583704948425
612268,2638,-340.5999999999998,199,0,1,False,0,pistol,,,,,,,60.55287318847361,29991.87024974823
612440,2639,-340.8999999999998,172,0,1,False,0,pistol,,,,,,,2.4135551858778164,30063.13454914093
612662,2640,-351.4999999999998,222,0,1,False,0,pistol,,,,,,,60.4310402387503,30066.808290481567
612848,2641,-365.9999999999998,186,0,1,False,0,pistol,,,,,,,60.357084312476395,30069.890078306198
613038,2642,-375.39999999999975,190,0,1,False,0,pistol,,,,,,,60.476370764025916,30073.031930685043
613275,2643,-399.59999999999974,237,0,1,False,0,pistol,,,,,,,60.82102710774172,30076.928802013397
613482,2644,-414.1999999999995,207,0,1,False,0,pistol,,,,,,,60.49778737568011,30080.350572824478
613709,2645,-371.19999999999976,227,0,1,False,0,pistol,,,,,,,60.7448386566819,30084.087663173676
613922,2646,-349.0999999999998,213,0,1,False,0,pistol,,,,,,,60.532807181110556,30087.60656452179
614167,2647,-386.7999999999997,245,0,1,False,0,pistol,,,,,,,60.70891349005728,30091.642349481583
614360,2648,-340.39999999999986,193,0,1,False,0,pistol,,,,,,,60.34015659804343,30094.841017961502
614541,2649,-360.9999999999998,181,0,1,False,0,pistol,,,,,,,2.529161962537192,30166.406388044357
614763,2650,-388.59999999999957,222,0,1,False,0,pistol,,,,,,,60.62860751208717,30170.068150281906
614975,2651,-408.1999999999996,212,0,1,False,0,pistol,,,,,,,60.494837825242456,30173.572699069977
615166,2652,-368.6999999999997,191,0,1,False,0,pistol,,,,,,,60.50194515620157,30176.72975730896
615368,2653,-328.59999999999985,202,0,1,False,0,pistol,,,,,,,60.52363809575107,30180.06740951538
615582,2654,-333.2999999999998,214,0,1,False,0,pistol,,,,,,,60.40290828375807,30183.610409498215
615771,2655,-361.9999999999997,189,0,1,False,0,pistol,,,,,,,60.384902255831534,30186.740471839905
615993,2656,-354.4999999999999,222,0,1,False,0,pistol,,,,,,,60.59394299714033,30190.40434026718
616215,2657,-351.89999999999975,222,0,1,False,0,pistol,,,,,,,60.81731595217045,30194.054738521576
616445,2658,-366.4999999999999,230,0,1,False,0,pistol,,,,,,,60.599975551200444,30197.850208044052
616645,2659,-400.79999999999956,200,0,1,False,0,pistol,,,,,,,2.77426531167541,30269.941509723663
616828,2660,-361.39999999999975,183,0,1,False,0,pistol,,,,,,,60.23614500039082,30272.979658842087
617032,2661,-417.2999999999995,204,0,1,False,0,pistol,,,,,,,60.61907175750728,30276.345075130463
617245,2662,-409.39999999999964,213,0,1,False,0,pistol,,,,,,,60.68921059040391,30279.85486459732
617421,2663,-341.6999999999998,176,0,1,False,0,pistol,,,,,,,60.30343004488463,30282.773567676544
617595,2664,-346.4999999999998,174,0,1,False,0,pistol,,,,,,,60.52223099241151,30285.64867568016
617821,2665,-376.39999999999975,226,0,1,False,0,pistol,,,,,,,60.761901599601806,30289.368235588074
618043,2666,-364.49999999999994,222,0,1,False,0,pistol,,,,,,,60.7303082909332,30293.023894548416
618273,2667,-348.79999999999984,230,0,1,False,0,pistol,,,,,,,60.87119471395003,30296.802579164505
618495,2668,-355.89999999999975,222,0,1,False,0,pistol,,,,,,,60.846132719236216,30300.451278209686
618701,2669,-313.9999999999999,206,0,1,False,0,pistol,,,,,,,2.8237253624236236,30373.4046561718
618911,2670,-348.4999999999998,210,0,1,False,0,pistol,,,,,,,60.54446475950143,30376.87333059311
619120,2671,-362.5999999999997,209,0,1,False,0,pistol,,,,,,,60.5543331763193,30380.324924707413
619320,2672,-381.1999999999997,200,0,1,False,0,pistol,,,,,,,60.43542048563271,30383.634398937225
619496,2673,-341.6999999999998,176,0,1,False,0,pistol,,,,,,,60.15576043062608,30386.560269355774
619691,2674,-386.49999999999966,195,0,1,False,0,pistol,,,,,,,60.403404613583746,30389.788713932037
619884,2675,-351.39999999999975,193,0,1,False,0,pistol,,,,,,,60.33803373306968,30392.987513780594
620080,2676,-389.6999999999996,196,0,1,False,0,pistol,,,,,,,60.31881666220803,30396.237051963806
620252,2677,-340.8999999999998,172,0,1,False,0,pistol,,,,,,,60.18070956350025,30399.095228672028
620450,2678,-318.0999999999999,198,0,1,False,0,pistol,,,,,,,60.41570246863698,30402.37266111374
620674,2679,-329.59999999999985,224,0,1,False,0,pistol,,,,,,,3.112034643466979,30474.351422786713
620891,2680,-340.19999999999976,217,0,1,False,0,pistol,,,,,,,60.54177441382839,30477.935886383057
621092,2681,-400.99999999999955,201,0,1,False,0,pistol,,,,,,,60.50851129723419,30481.257879972458
621300,2682,-362.6999999999999,208,0,1,False,0,pistol,,,,,,,60.582514736001926,30484.69136929512
621501,2683,-409.3999999999995,201,0,1,False,0,pistol,,,,,,,60.336114171654685,30488.02285861969
621687,2684,-343.6999999999998,186,0,1,False,0,pistol,,,,,,,60.16726911788694,30491.11439394951
621886,2685,-346.2999999999998,199,0,1,False,0,pistol,,,,,,,60.51665739461381,30494.40286707878
622049,2686,-325.79999999999984,163,0,1,False,0,pistol,,,,,,,60.17552161770362,30497.11176967621
622245,2687,-340.5999999999998,196,0,1,False,0,pistol,,,,,,,60.63253692013309,30500.344485998154
622465,2688,-376.79999999999967,220,0,1,False,0,pistol,,,,,,,60.59148918985737,30503.97547507286
622685,2689,-335.0999999999998,220,0,1,False,0,pistol,,,,,,,3.0403419602368515,30576.33588194847
622896,2690,-326.99999999999983,211,0,1,False,0,pistol,,,,,,,60.66498865356689,30579.814202547073
623104,2691,-404.09999999999957,208,0,1,False,0,pistol,,,,,,,60.505775620703936,30583.25203704834
623310,2692,-398.29999999999967,206,0,1,False,0,pistol,,,,,,,60.61582829748714,30586.65061235428
623533,2693,-434.3999999999995,223,0,1,False,0,pistol,,,,,,,60.90730910012041,30590.31204032898
623759,2694,-392.5999999999998,226,0,1,False,0,pistol,,,,,,,60.702243890905976,30594.035249471664
623956,2695,-327.59999999999985,197,0,1,False,0,pistol,,,,,,,60.435936522063436,30597.295043468475
624169,2696,-330.79999999999984,213,0,1,False,0,pistol,,,,,,,60.389606749946616,30600.822269916534
624369,2697,-368.7999999999997,200,0,1,False,0,pistol,,,,,,,60.450227875364526,30604.1309132576
624598,2698,-421.5999999999995,229,0,1,False,0,pistol,,,,,,,60.80107481345284,30607.89742541313
624815,2699,-332.79999999999984,217,0,1,False,0,pistol,,,,,,,3.004713698343404,30680.11743426323
625061,2700,-395.5999999999997,246,0,1,False,0,pistol,,,,,,,60.73790603143776,30684.167767763138
625288,2701,-350.1999999999998,227,0,1,False,0,pistol,,,,,,,60.77123872459591,30687.903221845627
625504,2702,-370.5999999999998,216,0,1,False,0,pistol,,,,,,,59.54947695272625,30691.530612707138
625750,2703,-365.69999999999976,246,0,1,False,0,pistol,,,,,,,60.78948561005485,30695.577528238297
625990,2704,-363.1999999999998,240,0,1,False,0,pistol,,,,,,,60.53200150453118,30699.542498588562
626191,2705,-400.99999999999955,201,0,1,False,0,pistol,,,,,,,60.54123949762529,30702.862674951553
626384,2706,-363.39999999999975,193,0,1,False,0,pistol,,,,,,,60.35846350966689,30706.06037211418
626614,2707,-358.7999999999997,230,0,1,False,0,pistol,,,,,,,60.49191533752264,30709.862682580948
626813,2708,-399.99999999999955,199,0,1,False,0,pistol,,,,,,,2.7643982234317392,30781.849556922913
627012,2709,-400.59999999999957,199,0,1,False,0,pistol,,,,,,,60.50091403755832,30785.13890171051
627216,2710,-386.19999999999965,204,0,1,False,0,pistol,,,,,,,60.33828812593697,30788.519989967346
627458,2711,-376.4999999999998,242,0,1,False,0,pistol,,,,,,,60.67938471574375,30792.508273601532
627686,2712,-369.39999999999975,228,0,1,False,0,pistol,,,,,,,60.71688440715977,30796.26352071762
627896,2713,-385.0999999999997,210,0,1,False,0,pistol,,,,,,,60.65058625201531,30799.726094007492
628076,2714,-352.49999999999983,180,0,1,False,0,pistol,,,,,,,60.367253082870945,30802.70799946785
628277,2715,-409.3999999999995,201,0,1,False,0,pistol,,,,,,,60.49938395846354,30806.03053188324
628498,2716,-374.2999999999998,221,0,1,False,0,pistol,,,,,,,60.59530222598906,30809.67786002159
628716,2717,-431.09999999999945,218,0,1,False,0,pistol,,,,,,,60.58397641039593,30813.276309251785
628901,2718,-361.7999999999997,185,0,1,False,0,pistol,,,,,,,2.587245158659681,30884.781076669693
629124,2719,-387.6999999999996,223,0,1,False,0,pistol,,,,,,,60.527979757779306,30888.465445518494
629303,2720,-357.59999999999974,179,0,1,False,0,pistol,,,,,,,60.04741662205116,30891.446554899216
629510,2721,-374.1999999999997,207,0,1,False,0,pistol,,,,,,,60.677681662447334,30894.85817337036
629746,2722,-386.6999999999999,236,0,1,False,0,pistol,,,,,,,60.713266739369644,30898.74546122551
629926,2723,-342.49999999999983,180,0,1,False,0,pistol,,,,,,,58.840915180669484,30901.80466580391
630151,2724,-469.49999999999943,225,0,1,False,0,pistol,,,,,,,60.815375415008354,30905.504521369934
630358,2725,-317.59999999999985,207,0,1,False,0,pistol,,,,,,,60.58795191350242,30908.921176195145
630532,2726,-341.2999999999998,174,0,1,False,0,pistol,,,,,,,60.143956075833536,30911.814353466034
630779,2727,-415.1999999999998,247,0,1,False,0,pistol,,,,,,,60.81807835311059,30915.875767469406
630979,2728,-351.4999999999998,200,0,1,False,0,pistol,,,,,,,2.7347452917891646,30989.008853197098
631203,2729,-375.1999999999997,224,0,1,False,0,pistol,,,,,,,60.46633479148177,30992.713534593582
631394,2730,-380.69999999999965,191,0,1,False,0,pistol,,,,,,,60.324094922536176,30995.879894971848
631600,2731,-400.29999999999956,206,0,1,False,0,pistol,,,,,,,60.3584120163189,30999.29300737381
631787,2732,-368.4999999999997,187,0,1,False,0,pistol,,,,,,,60.4299890779362,31002.38765478134
632008,2733,-342.69999999999976,221,0,1,False,0,pistol,,,,,,,60.46417805018898,31006.04282474518
632259,2734,-380.2999999999997,251,0,1,False,0,pistol,,,,,,,60.83354500668073,31010.169018507004
632486,2735,-352.4999999999998,227,0,1,False,0,pistol,,,,,,,60.750656409807476,31013.905731201172
632682,2736,-386.69999999999965,196,0,1,False,0,pistol,,,,,,,60.29220734978224,31017.15669155121
632911,2737,-346.59999999999974,229,0,1,False,0,pistol,,,,,,,3.1539636291397715,31089.763884067535
633146,2738,-387.3999999999997,235,0,1,False,0,pistol,,,,,,,60.525870464166296,31093.646669626236
633358,2739,-334.49999999999983,212,0,1,False,0,pistol,,,,,,,60.57592222890222,31097.14656972885
633591,2740,-360.0999999999998,233,0,1,False,0,pistol,,,,,,,60.527143459325536,31100.996185064316
633824,2741,-383.99999999999966,233,0,1,False,0,pistol,,,,,,,60.6921690579454,31104.835345745087
634020,2742,-361.6999999999997,196,0,1,False,0,pistol,,,,,,,60.21899936014662,31108.090292930603
634197,2743,-347.59999999999974,177,0,1,False,0,pistol,,,,,,,60.32720785471514,31111.024438142776
634402,2744,-313.7999999999999,205,0,1,False,0,pistol,,,,,,,60.222460326320906,31114.428627729416
634563,2745,-314.6999999999999,161,0,1,False,0,pistol,,,,,,,59.873986059905825,31117.117721557617
634785,2746,-336.5999999999998,222,0,1,False,0,pistol,,,,,,,60.756759070492905,31120.77177977562
635003,2747,-413.3999999999996,218,0,1,False,0,pistol,,,,,,,3.012577409252927,31193.135178804398
635198,2748,-391.7999999999996,195,0,1,False,0,pistol,,,,,,,60.31469506904866,31196.368374347687
635427,2749,-391.5999999999997,229,0,1,False,0,pistol,,,,,,,59.15663356138356,31200.239585876465
635634,2750,-335.1999999999998,207,0,1,False,0,pistol,,,,,,,60.45788452919888,31203.66357445717
635853,2751,-391.2999999999996,219,0,1,False,0,pistol,,,,,,,60.621037774083305,31207.2763299942
636076,2752,-341.3999999999998,223,0,1,False,0,pistol,,,,,,,60.543737816227875,31210.959745168686
636271,2753,-396.7999999999996,195,0,1,False,0,pistol,,,,,,,60.497704622354455,31214.183141469955
636485,2754,-322.5999999999999,214,0,1,False,0,pistol,,,,,,,60.52247969392888,31217.71919298172
636660,2755,-347.7999999999997,175,0,1,False,0,pistol,,,,,,,60.13096204286434,31220.629633188248
636866,2756,-363.5999999999998,206,0,1,False,0,pistol,,,,,,,60.369705822038526,31224.042089939117
637058,2757,-401.89999999999964,192,0,1,False,0,pistol,,,,,,,2.6557295576520508,31296.33872652054
637231,2758,-341.0999999999998,173,0,1,False,0,pistol,,,,,,,60.12779983082353,31299.21607875824
637426,2759,-381.49999999999966,195,0,1,False,0,pistol,,,,,,,60.28934399336226,31302.45064687729
637630,2760,-321.2999999999999,204,0,1,False,0,pistol,,,,,,,60.483377282446234,31305.82361483574
637821,2761,-370.3999999999997,191,0,1,False,0,pistol,,,,,,,60.38716886586675,31308.98673248291
638026,2762,-436.79999999999956,205,0,1,False,0,pistol,,,,,,,60.398007769541444,31312.381039619446
638252,2763,-389.69999999999965,226,0,1,False,0,pistol,,,,,,,60.52115453840006,31316.115397930145
638477,2764,-356.09999999999974,225,0,1,False,0,pistol,,,,,,,58.7987787637681,31319.942154169083
638681,2765,-343.8999999999998,204,0,1,False,0,pistol,,,,,,,60.46235364623166,31323.316266536713
638861,2766,-351.0999999999998,180,0,1,False,0,pistol,,,,,,,60.242205714152576,31326.304352283478
639038,2767,-346.8999999999998,177,0,1,False,0,pistol,,,,,,,2.383357720589053,31400.569463014603
639236,2768,-333.39999999999986,198,0,1,False,0,pistol,,,,,,,60.306938246023805,31403.852818489075
639463,2769,-352.4999999999998,227,0,1,False,0,pistol,,,,,,,60.57645301615199,31407.600272655487
639676,2770,-331.99999999999983,213,0,1,False,0,pistol,,,,,,,60.35500619570148,31411.129541635513
639843,2771,-328.19999999999993,167,0,1,False,0,pistol,,,,,,,59.94135911419617,31413.91572713852
640050,2772,-418.8999999999995,207,0,1,False,0,pistol,,,,,,,60.31293112251455,31417.347957611084
640213,2773,-325.7999999999999,163,0,1,False,0,pistol,,,,,,,59.983874835283146,31420.065491199493
640432,2774,-346.29999999999984,219,0,1,False,0,pistol,,,,,,,60.506464862643035,31423.68504691124
640663,2775,-365.2999999999997,231,0,1,False,0,pistol,,,,,,,60.57311413957301,31427.498740196228
640862,2776,-404.99999999999955,199,0,1,False,0,pistol,,,,,,,60.223555173722744,31430.803247213364
641077,2777,-426.49999999999943,215,0,1,False,0,pistol,,,,,,,2.9463276051648464,31503.77557492256
641264,2778,-362.7999999999997,187,0,1,False,0,pistol,,,,,,,60.312238495815166,31506.876217126846
641491,2779,-382.19999999999965,227,0,1,False,0,pistol,,,,,,,60.67560736817332,31510.61754965782
641695,2780,-416.2999999999995,204,0,1,False,0,pistol,,,,,,,60.480636842140605,31513.99064040184
641899,2781,-391.89999999999964,204,0,1,False,0,pistol,,,,,,,60.24635100136098,31517.37687754631
642063,2782,-322.1999999999999,164,0,1,False,0,pistol,,,,,,,60.1588342022791,31520.103141069412
642235,2783,-340.8999999999998,172,0,1,False,0,pistol,,,,,,,60.11802167437899,31522.96432876587
642460,2784,-354.4999999999998,225,0,1,False,0,pistol,,,,,,,59.06595248140698,31526.7737429142
642632,2785,-340.8999999999998,172,0,1,False,0,pistol,,,,,,,59.87519915994487,31529.646515607834
642875,2786,-425.6999999999997,243,0,1,False,0,pistol,,,,,,,60.861000881551185,31533.63934135437
643059,2787,-343.2999999999998,184,0,1,False,0,pistol,,,,,,,58.94003634836479,31536.76131463051
643291,2788,-363.8999999999997,232,0,1,False,0,pistol,,,,,,,3.1678992495305383,31609.996074914932
643478,2789,-358.1999999999997,187,0,1,False,0,pistol,,,,,,,60.2706061487426,31613.098888635635
643653,2790,-341.4999999999998,175,0,1,False,0,pistol,,,,,,,60.07413967700388,31616.012102365494
643859,2791,-387.6999999999997,206,0,1,False,0,pistol,,,,,,,60.3230439633923,31619.427184343338
644058,2792,-382.2999999999996,199,0,1,False,0,pistol,,,,,,,60.24395457566402,31622.730573415756
644265,2793,-328.1999999999999,207,0,1,False,0,pistol,,,,,,,60.36033794300375,31626.160118103027
644469,2794,-371.19999999999976,204,0,1,False,0,pistol,,,,,,,60.504471163786725,31629.531894922256
644679,2795,-384.39999999999975,210,0,1,False,0,pistol,,,,,,,60.20216438413652,31633.02032184601
644893,2796,-367.59999999999985,214,0,1,False,0,pistol,,,,,,,60.59417269690197,31636.55216193199
645065,2797,-342.8999999999998,172,0,1,False,0,pistol,,,,,,,59.900588742958305,31639.423758745193
645256,2798,-380.69999999999965,191,0,1,False,0,pistol,,,,,,,2.645890556887138,31711.611279964447
645470,2799,-441.9999999999994,214,0,1,False,0,pistol,,,,,,,60.47147429076061,31715.150270223618
645648,2800,-348.39999999999975,178,0,1,False,0,pistol,,,,,,,60.17282252700896,31718.1085395813
645847,2801,-351.2999999999998,199,0,1,False,0,pistol,,,,,,,60.28186031784917,31721.40983080864
646070,2802,-451.39999999999935,223,0,1,False,0,pistol,,,,,,,60.544133636383116,31725.093242883682
646262,2803,-389.89999999999964,192,0,1,False,0,pistol,,,,,,,60.38987176946174,31728.27276802063
646442,2804,-356.7999999999997,180,0,1,False,0,pistol,,,,,,,60.02096908729138,31731.27184486389
646666,2805,-355.2999999999997,224,0,1,False,0,pistol,,,,,,,60.31791160413667,31734.985617160797
646852,2806,-360.2999999999997,186,0,1,False,0,pistol,,,,,,,60.122120245389695,31738.079437494278
647036,2807,-339.2999999999998,184,0,1,False,0,pistol,,,,,,,60.16658684755084,31741.13775253296
647263,2808,-351.8999999999997,227,0,1,False,0,pistol,,,,,,,3.123955068755002,31813.802176475525
647461,2809,-398.09999999999957,198,0,1,False,0,pistol,,,,,,,60.37615875397466,31817.081768989563
647656,2810,-331.79999999999984,195,0,1,False,0,pistol,,,,,,,60.20881742782117,31820.32064652443
647842,2811,-343.69999999999976,186,0,1,False,0,pistol,,,,,,,60.17288906796954,31823.411873102188
648076,2812,-396.5999999999997,234,0,1,False,0,pistol,,,,,,,60.58749902541297,31827.274194955826
648298,2813,-355.89999999999975,222,0,1,False,0,pistol,,,,,,,60.43471929593866,31830.94772005081
648480,2814,-369.19999999999976,182,0,1,False,0,pistol,,,,,,,59.98025192444577,31833.98220229149
648641,2815,-312.9999999999999,161,0,1,False,0,pistol,,,,,,,59.98558675078304,31836.666318893433
648850,2816,-420.29999999999944,209,0,1,False,0,pistol,,,,,,,60.47049729234325,31840.122665405273
649071,2817,-333.59999999999985,221,0,1,False,0,pistol,,,,,,,60.365119745426675,31843.783863067627
649285,2818,-338.8999999999998,214,0,1,False,0,pistol,,,,,,,2.9457330694159847,31916.431455135345
649457,2819,-340.8999999999998,172,0,1,False,0,pistol,,,,,,,60.093698885557295,31919.293792963028
649643,2820,-368.2999999999997,186,0,1,False,0,pistol,,,,,,,58.15139343280449,31922.492475271225
649849,2821,-320.29999999999995,206,0,1,False,0,pistol,,,,,,,60.479134256670996,31925.89874601364
650054,2822,-380.4999999999997,205,0,1,False,0,pistol,,,,,,,60.298454207156325,31929.298632144928
650250,2823,-337.9999999999999,196,0,1,False,0,pistol,,,,,,,60.404075699625935,31932.543588876724
650473,2824,-328.79999999999984,223,0,1,False,0,pistol,,,,,,,60.44931234876843,31936.232753515244
650669,2825,-388.39999999999964,196,0,1,False,0,pistol,,,,,,,60.32747029999738,31939.481841802597
650891,2826,-385.1999999999997,222,0,1,False,0,pistol,,,,,,,60.483188932056734,31943.1524412632
651078,2827,-343.8999999999998,187,0,1,False,0,pistol,,,,,,,60.00062178169832,31946.26923274994
651296,2828,-378.69999999999965,218,0,1,False,0,pistol,,,,,,,2.9972242417696053,32019.003325223923
651468,2829,-340.8999999999998,172,0,1,False,0,pistol,,,,,,,60.10818903135553,32021.86495780945
651635,2830,-327.1999999999999,167,0,1,False,0,pistol,,,,,,,59.84488983804729,32024.655650138855
651820,2831,-368.09999999999974,185,0,1,False,0,pistol,,,,,,,60.19041968971241,32027.72934818268
651981,2832,-315.2999999999999,161,0,1,False,0,pistol,,,,,,,59.54985801766541,32030.433114528656
652167,2833,-368.39999999999975,186,0,1,False,0,pistol,,,,,,,60.210738518375706,32033.52238869667
652369,2834,-406.8999999999997,202,0,1,False,0,pistol,,,,,,,60.26028392517662,32036.87464594841
652575,2835,-399.6999999999996,206,0,1,False,0,pistol,,,,,,,58.490475315918374,32040.39673256874
652797,2836,-372.1999999999997,222,0,1,False,0,pistol,,,,,,,60.53377875204272,32044.064224004745
653011,2837,-360.79999999999984,214,0,1,False,0,pistol,,,,,,,60.317209361648885,32047.612273454666
653202,2838,-383.5999999999997,191,0,1,False,0,pistol,,,,,,,60.24995374714323,32050.782511472702
653417,2839,-335.7999999999998,215,0,1,False,0,pistol,,,,,,,2.9794065707073303,32122.944664478302
653608,2840,-380.69999999999965,191,0,1,False,0,pistol,,,,,,,60.122437789674,32126.12162876129
653838,2841,-454.49999999999943,230,0,1,False,0,pistol,,,,,,,58.45819047376656,32130.056179761887
654069,2842,-364.3999999999997,231,0,1,False,0,pistol,,,,,,,60.050609933607326,32133.903054714203
654282,2843,-332.59999999999985,213,0,1,False,0,pistol,,,,,,,59.05116263575144,32137.510267019272
654501,2844,-440.59999999999934,219,0,1,False,0,pistol,,,,,,,60.82359075966071,32141.110947847366
654682,2845,-360.39999999999975,181,0,1,False,0,pistol,,,,,,,60.22957862644935,32144.11624956131
654880,2846,-391.7999999999996,198,0,1,False,0,pistol,,,,,,,60.06904388434705,32147.41258072853
655048,2847,-327.39999999999986,168,0,1,False,0,pistol,,,,,,,60.11356828572657,32150.20740199089
655254,2848,-405.99999999999955,206,0,1,False,0,pistol,,,,,,,60.264123375830785,32153.625824689865
655467,2849,-331.99999999999983,213,0,1,False,0,pistol,,,,,,,2.933812648497528,32226.227732658386
655673,2850,-402.59999999999957,206,0,1,False,0,pistol,,,,,,,60.39328123082188,32229.63885498047
655885,2851,-410.19999999999953,212,0,1,False,0,pistol,,,,,,,60.335140259018544,32233.152711629868
656048,2852,-321.39999999999986,163,0,1,False,0,pistol,,,,,,,59.76763279728182,32235.88005256653
656250,2853,-355.4999999999998,202,0,1,False,0,pistol,,,,,,,60.33828260712269,32239.22800707817
656442,2854,-326.5999999999999,192,0,1,False,0,pistol,,,,,,,60.09641379557381,32242.42298936844
656643,2855,-402.69999999999953,201,0,1,False,0,pistol,,,,,,,60.17305324167737,32245.763464927673
656834,2856,-380.69999999999965,191,0,1,False,0,pistol,,,,,,,60.04563609489631,32248.94450521469
657026,2857,-387.0999999999997,192,0,1,False,0,pistol,,,,,,,60.055428940253414,32252.141669511795
657235,2858,-389.2999999999996,209,0,1,False,0,pistol,,,,,,,60.28222557410184,32255.608825683594
657422,2859,-343.8999999999998,187,0,1,False,0,pistol,,,,,,,2.5995285633139105,32327.545105457306
657639,2860,-332.1999999999998,217,0,1,False,0,pistol,,,,,,,60.55727459918972,32331.128608942032
657871,2861,-388.79999999999984,232,0,1,False,0,pistol,,,,,,,60.31593378700313,32334.97513961792
658044,2862,-341.0999999999998,173,0,1,False,0,pistol,,,,,,,59.97577642313349,32337.85974740982
658255,2863,-416.6999999999996,211,0,1,False,0,pistol,,,,,,,58.63581819863498,32341.45836663246
658476,2864,-327.6999999999999,221,0,1,False,0,pistol,,,,,,,60.40997605996908,32345.11682653427
658697,2865,-410.6999999999995,221,0,1,False,0,pistol,,,,,,,60.396691615058536,32348.776104211807
658898,2866,-384.39999999999964,201,0,1,False,0,pistol,,,,,,,60.302205457286156,32352.10941886902
659139,2867,-330.1999999999999,241,0,1,False,0,pistol,,,,,,,60.64387103361955,32356.083563566208
659346,2868,-316.4999999999999,207,0,1,False,0,pistol,,,,,,,60.56517117828646,32359.501514434814
659565,2869,-361.5999999999997,219,0,1,False,0,pistol,,,,,,,3.0170129987848258,32432.090020656586
659773,2870,-314.3999999999999,208,0,1,False,0,pistol,,,,,,,60.3791397728458,32435.535027742386
659994,2871,-428.6999999999995,221,0,1,False,0,pistol,,,,,,,60.56819208875639,32439.183972120285
660198,2872,-329.59999999999985,204,0,1,False,0,pistol,,,,,,,60.369420733307706,32442.56331896782
660370,2873,-340.8999999999998,172,0,1,False,0,pistol,,,,,,,59.94061343429617,32445.43294787407
660599,2874,-373.5999999999997,229,0,1,False,0,pistol,,,,,,,60.47601521622525,32449.219710111618
660807,2875,-326.79999999999984,208,0,1,False,0,pistol,,,,,,,60.19540755146621,32452.67525625229
660997,2876,-349.4999999999998,190,0,1,False,0,pistol,,,,,,,60.31193494296793,32455.825704813004
661160,2877,-325.79999999999984,163,0,1,False,0,pistol,,,,,,,60.00682967049991,32458.542200803757
661323,2878,-325.79999999999984,163,0,1,False,0,pistol,,,,,,,59.93880604329643,32461.26178765297
661532,2879,-422.59999999999945,209,0,1,False,0,pistol,,,,,,,2.8926886900748943,32533.513050317764
661736,2880,-391.2999999999996,204,0,1,False,0,pistol,,,,,,,60.2808412875827,32536.897327423096
661937,2881,-346.6999999999998,201,0,1,False,0,pistol,,,,,,,60.2061675794482,32540.23596715927
662137,2882,-383.0999999999997,200,0,1,False,0,pistol,,,,,,,60.19829695946719,32543.558476924896
662327,2883,-344.4999999999998,190,0,1,False,0,pistol,,,,,,,60.01474240701273,32546.724490880966
662550,2884,-345.9999999999998,223,0,1,False,0,pistol,,,,,,,60.51529542822897,32550.4096493721
662763,2885,-403.3999999999995,213,0,1,False,0,pistol,,,,,,,60.46771680627444,32553.932307720184
662959,2886,-309.69999999999993,196,0,1,False,0,pistol,,,,,,,60.06833971403217,32557.195397377014
663170,2887,-341.89999999999986,211,0,1,False,0,pistol,,,,,,,60.34401506462517,32560.692150115967
663371,2888,-328.9999999999999,201,0,1,False,0,pistol,,,,,,,60.06786327139409,32564.03850865364
663599,2889,-364.6999999999997,228,0,1,False,0,pistol,,,,,,,3.151455033492757,32636.386172771454
663764,2890,-322.39999999999986,165,0,1,False,0,pistol,,,,,,,59.69133121746534,32639.150537014008
663971,2891,-356.89999999999986,207,0,1,False,0,pistol,,,,,,,58.76859330995056,32642.672960042953
664169,2892,-379.09999999999974,198,0,1,False,0,pistol,,,,,,,60.0640868018401,32645.969588518143
664351,2893,-360.59999999999974,182,0,1,False,0,pistol,,,,,,,59.913413188757744,32649.007449388504
664534,2894,-343.0999999999998,183,0,1,False,0,pistol,,,,,,,60.210907640108104,32652.04690694809
664724,2895,-380.49999999999966,190,0,1,False,0,pistol,,,,,,,60.24736173240002,32655.200740098953
664920,2896,-332.99999999999983,196,0,1,False,0,pistol,,,,,,,60.302122822348274,32658.451172828674
665119,2897,-403.59999999999957,199,0,1,False,0,pistol,,,,,,,60.37507366351224,32661.747373342514
665333,2898,-352.1999999999998,214,0,1,False,0,pistol,,,,,,,60.321295365330236,32665.295175790787
665584,2899,-377.89999999999975,251,0,1,False,0,pistol,,,,,,,60.62232716261482,32669.43572163582
665740,2900,-305.69999999999993,156,0,1,False,0,pistol,,,,,,,2.153387443924662,32741.879870176315
665935,2901,-374.0999999999997,195,0,1,False,0,pistol,,,,,,,60.23454441532878,32745.117327690125
666142,2902,-434.19999999999953,207,0,1,False,0,pistol,,,,,,,60.20037797326674,32748.555994272232
666320,2903,-334.09999999999985,178,0,1,False,0,pistol,,,,,,,60.08713295342364,32751.518461227417
666517,2904,-363.59999999999974,197,0,1,False,0,pistol,,,,,,,60.16699303200536,32754.792797088623
666698,2905,-361.5999999999998,181,0,1,False,0,pistol,,,,,,,59.921641206428454,32757.81351661682
666938,2906,-380.79999999999967,240,0,1,False,0,pistol,,,,,,,60.72268364964074,32761.766028881073
667162,2907,-351.89999999999975,224,0,1,False,0,pistol,,,,,,,60.311302073814645,32765.48019862175
667367,2908,-404.79999999999967,205,0,1,False,0,pistol,,,,,,,60.32635485563649,32768.878504514694
667567,2909,-381.3999999999997,200,0,1,False,0,pistol,,,,,,,60.12075885704588,32772.20527434349
667800,2910,-370.7999999999997,233,0,1,False,0,pistol,,,,,,,3.2095781808983856,32844.8006067276
668018,2911,-343.29999999999984,218,0,1,False,0,pistol,,,,,,,60.2565271163122,32848.4185833931
668210,2912,-364.89999999999975,192,0,1,False,0,pistol,,,,,,,59.91700581918764,32851.62318634987
668391,2913,-356.9999999999997,181,0,1,False,0,pistol,,,,,,,60.21763503197566,32854.6290910244
668604,2914,-331.3999999999998,213,0,1,False,0,pistol,,,,,,,60.38763515431723,32858.15641450882
668804,2915,-356.49999999999983,200,0,1,False,0,pistol,,,,,,,60.26023090753677,32861.47546339035
669031,2916,-394.5999999999997,227,0,1,False,0,pistol,,,,,,,60.50749328407357,32865.22723007202
669239,2917,-420.09999999999945,208,0,1,False,0,pistol,,,,,,,60.352611934361526,32868.67378401756
669434,2918,-386.49999999999966,195,0,1,False,0,pistol,,,,,,,60.191452392639754,32871.91357040405
669658,2919,-348.4999999999998,224,0,1,False,0,pistol,,,,,,,60.59390669886994,32875.61045050621
669831,2920,-343.3999999999998,173,0,1,False,0,pistol,,,,,,,2.4146182227100095,32947.25751829147
670054,2921,-316.7999999999999,223,0,1,False,0,pistol,,,,,,,60.47754804556343,32950.94495558739
670228,2922,-341.2999999999998,174,0,1,False,0,pistol,,,,,,,59.697668776373035,32953.85977935791
670442,2923,-378.59999999999985,214,0,1,False,0,pistol,,,,,,,60.40690020725604,32957.4025580883
670649,2924,-319.89999999999986,207,0,1,False,0,pistol,,,,,,,60.33567760259789,32960.833459854126
670856,2925,-319.89999999999986,207,0,1,False,0,pistol,,,,,,,60.47961561470523,32964.25621008873
671068,2926,-349.4999999999998,212,0,1,False,0,pistol,,,,,,,60.29388487201239,32967.77245903015
671267,2927,-393.5999999999996,199,0,1,False,0,pistol,,,,,,,60.3470274841242,32971.070194005966
671489,2928,-351.4999999999997,222,0,1,False,0,pistol,,,,,,,60.52942657461032,32974.73794031143
671702,2929,-330.7999999999998,213,0,1,False,0,pistol,,,,,,,60.2890402293258,32978.27104258537
671928,2930,-377.2999999999997,226,0,1,False,0,pistol,,,,,,,3.0951461627349945,33051.2887609005
672138,2931,-323.3999999999999,210,0,1,False,0,pistol,,,,,,,60.23517053905729,33054.775237083435
672317,2932,-342.2999999999998,179,0,1,False,0,pistol,,,,,,,59.93589661506627,33057.761937618256
672551,2933,-382.5999999999997,234,0,1,False,0,pistol,,,,,,,60.423124774944796,33061.634784698486
672729,2934,-335.79999999999984,178,0,1,False,0,pistol,,,,,,,60.02222712813947,33064.60046887398
672972,2935,-356.9999999999998,243,0,1,False,0,pistol,,,,,,,60.41941709449255,33068.6224834919
673173,2936,-340.99999999999983,201,0,1,False,0,pistol,,,,,,,59.891424158365595,33071.97869229317
673380,2937,-402.19999999999953,207,0,1,False,0,pistol,,,,,,,60.14760873295625,33075.42034816742
673573,2938,-386.0999999999997,193,0,1,False,0,pistol,,,,,,,60.276225869983655,33078.622410297394
673745,2939,-340.8999999999998,172,0,1,False,0,pistol,,,,,,,59.7056074932651,33081.503365039825
673969,2940,-425.59999999999945,224,0,1,False,0,pistol,,,,,,,3.1195495272182465,33153.308732032776
674168,2941,-364.5999999999997,199,0,1,False,0,pistol,,,,,,,60.323841962679964,33156.60771346092
674363,2942,-391.1999999999996,195,0,1,False,0,pistol,,,,,,,60.29055726483831,33159.84219837189
674587,2943,-376.89999999999975,224,0,1,False,0,pistol,,,,,,,60.42679945686094,33163.54928159714
674795,2944,-392.09999999999957,208,0,1,False,0,pistol,,,,,,,60.423203822802144,33166.99177527428
674958,2945,-320.7999999999999,163,0,1,False,0,pistol,,,,,,,59.47524867203825,33169.73258113861
675146,2946,-344.0999999999998,188,0,1,False,0,pistol,,,,,,,59.9957294663172,33172.86626601219
675353,2947,-382.79999999999967,207,0,1,False,0,pistol,,,,,,,60.369273322910466,33176.29527616501
675568,2948,-433.4999999999994,215,0,1,False,0,pistol,,,,,,,60.28110828823045,33179.86203598976
675796,2949,-417.39999999999964,228,0,1,False,0,pistol,,,,,,,60.647739034081916,33183.621574401855
675991,2950,-393.4999999999996,195,0,1,False,0,pistol,,,,,,,2.6889320832507573,33256.14124560356
676212,2951,-337.99999999999983,221,0,1,False,0,pistol,,,,,,,60.154436294778556,33259.81523132324
676439,2952,-351.4999999999998,227,0,1,False,0,pistol,,,,,,,60.34782350752583,33263.57690000534
676662,2953,-364.0999999999998,223,0,1,False,0,pistol,,,,,,,60.33285361437627,33267.27321052551
676886,2954,-389.2999999999998,224,0,1,False,0,pistol,,,,,,,60.32895395102134,33270.986312150955
677120,2955,-355.5999999999998,234,0,1,False,0,pistol,,,,,,,60.43975727960134,33274.858073949814
677315,2956,-381.49999999999966,195,0,1,False,0,pistol,,,,,,,60.015841043624505,33278.10737514496
677510,2957,-350.4999999999998,195,0,1,False,0,pistol,,,,,,,60.283420552206024,33281.34224629402
677734,2958,-376.9999999999999,224,0,1,False,0,pistol,,,,,,,60.21904788275386,33285.062129974365
677968,2959,-364.7999999999997,234,0,1,False,0,pistol,,,,,,,3.1724876691150126,33358.82141780853
678192,2960,-366.89999999999975,224,0,1,False,0,pistol,,,,,,,60.56497817299325,33362.520032167435
678397,2961,-401.19999999999953,205,0,1,False,0,pistol,,,,,,,60.25653968768551,33365.922266721725
678595,2962,-368.7999999999997,198,0,1,False,0,pistol,,,,,,,60.162333771085414,33369.21347475052
678809,2963,-360.59999999999974,214,0,1,False,0,pistol,,,,,,,60.215957927907446,33372.76746940613
679009,2964,-400.79999999999956,200,0,1,False,0,pistol,,,,,,,60.2291615240808,33376.088265419006
679195,2965,-368.2999999999997,186,0,1,False,0,pistol,,,,,,,59.84471437389811,33379.19646191597
679400,2966,-402.3999999999996,205,0,1,False,0,pistol,,,,,,,60.3010506912339,33382.59618854523
679606,2967,-405.99999999999955,206,0,1,False,0,pistol,,,,,,,60.23539490056168,33386.01622748375
679777,2968,-327.4,171,0,1,False,0,pistol,,,,,,,60.006593123604,33388.86602950096
680007,2969,-404.49999999999966,230,0,1,False,0,pistol,,,,,,,3.1695159961495976,33461.43243432045
680206,2970,-370.2999999999997,199,0,1,False,0,pistol,,,,,,,60.340003652209596,33464.73055148125
680431,2971,-333.79999999999984,225,0,1,False,0,pistol,,,,,,,60.46557133661034,33468.45184969902
680614,2972,-361.3999999999997,183,0,1,False,0,pistol,,,,,,,59.987480712639965,33471.50263237953
680823,2973,-348.4999999999999,209,0,1,False,0,pistol,,,,,,,60.312797230457676,33474.96803545952
680990,2974,-327.1999999999999,167,0,1,False,0,pistol,,,,,,,59.907139109847364,33477.755788087845
681186,2975,-342.29999999999984,196,0,1,False,0,pistol,,,,,,,60.29692585889812,33481.00648355484
681408,2976,-385.8999999999997,222,0,1,False,0,pistol,,,,,,,60.29722842770948,33484.688344955444
681606,2977,-306.0999999999999,198,0,1,False,0,pistol,,,,,,,60.18170425075328,33487.97854804993
681811,2978,-393.7999999999996,205,0,1,False,0,pistol,,,,,,,60.09769457330109,33491.38979554176
682038,2979,-421.89999999999947,227,0,1,False,0,pistol,,,,,,,3.1244301669220684,33564.04315209389
682246,2980,-425.09999999999945,208,0,1,False,0,pistol,,,,,,,60.21210052981444,33567.49775600433
682450,2981,-326.2999999999999,204,0,1,False,0,pistol,,,,,,,60.04485311243573,33570.89534640312
682659,2982,-371.1999999999998,209,0,1,False,0,pistol,,,,,,,60.3400520738759,33574.359156131744
682867,2983,-420.6999999999995,208,0,1,False,0,pistol,,,,,,,60.19613440477454,33577.81465244293
683106,2984,-396.29999999999967,239,0,1,False,0,pistol,,,,,,,60.530716040371416,33581.76318740845
683324,2985,-335.29999999999984,218,0,1,False,0,pistol,,,,,,,60.23200471917951,33585.3826584816
683551,2986,-379.4999999999999,227,0,1,False,0,pistol,,,,,,,60.40145629814564,33589.14096522331
683727,2987,-341.6999999999998,176,0,1,False,0,pistol,,,,,,,59.978763123547246,33592.075553417206
683925,2988,-386.0999999999996,198,0,1,False,0,pistol,,,,,,,60.19292329309296,33595.36509990692
684135,2989,-424.49999999999943,210,0,1,False,0,pistol,,,,,,,2.910298835239251,33667.5228061676
684333,2990,-419.7999999999996,198,0,1,False,0,pistol,,,,,,,60.115635228550936,33670.81658244133
684553,2991,-402.09999999999974,220,0,1,False,0,pistol,,,,,,,60.385716005884476,33674.459968328476
684757,2992,-401.59999999999957,204,0,1,False,0,pistol,,,,,,,60.18452362823401,33677.84970641136
684956,2993,-382.2999999999996,199,0,1,False,0,pistol,,,,,,,60.23997619461924,33681.15327715874
685135,2994,-362.29999999999984,179,0,1,False,0,pistol,,,,,,,60.15008398237912,33684.12928509712
685355,2995,-350.4999999999998,220,0,1,False,0,pistol,,,,,,,60.126145764514916,33687.788378715515
685553,2996,-380.39999999999964,198,0,1,False,0,pistol,,,,,,,60.11000477494256,33691.082444667816
685778,2997,-424.49999999999955,225,0,1,False,0,pistol,,,,,,,60.24606882434933,33694.81726574898
685970,2998,-314.5999999999999,192,0,1,False,0,pistol,,,,,,,60.081962997174685,33698.013006448746
686172,2999,-383.49999999999966,202,0,1,False,0,pistol,,,,,,,2.7924345757252853,33770.35142493248
686374,3000,-370.8999999999997,202,0,1,False,0,pistol,,,,,,,60.360691665260205,33773.69810128212
686576,3001,-309.79999999999995,202,0,1,False,0,pistol,,,,,,,60.34010462899552,33777.045912504196
686771,3002,-323.0999999999999,195,0,1,False,0,pistol,,,,,,,60.29340175570436,33780.280227184296
686947,3003,-327.9999999999999,176,0,1,False,0,pistol,,,,,,,59.95678775753302,33783.2157971859
687163,3004,-368.5999999999997,216,0,1,False,0,pistol,,,,,,,60.38721659800223,33786.792847156525
687379,3005,-337.6999999999998,216,0,1,False,0,pistol,,,,,,,60.38235869655049,33790.37018990517
687538,3006,-298.9,159,0,1,False,0,pistol,,,,,,,59.59756210031135,33793.038204431534
687716,3007,-342.0999999999998,178,0,1,False,0,pistol,,,,,,,59.8426245959686,33796.012819767
687915,3008,-400.59999999999957,199,0,1,False,0,pistol,,,,,,,59.880516535563224,33799.336242198944
688121,3009,-315.6999999999999,206,0,1,False,0,pistol,,,,,,,60.17835953971381,33802.759516239166
688288,3010,-310.19999999999993,167,0,1,False,0,pistol,,,,,,,2.323514423966374,33874.633526563644
688494,3011,-352.29999999999984,206,0,1,False,0,pistol,,,,,,,60.18910387873384,33878.05620098114
688705,3012,-326.39999999999986,211,0,1,False,0,pistol,,,,,,,60.23569179816168,33881.55921936035
688912,3013,-330.1999999999998,207,0,1,False,0,pistol,,,,,,,60.12706907756413,33885.00206398964
689099,3014,-343.8999999999998,187,0,1,False,0,pistol,,,,,,,59.821593285696316,33888.12812924385
689329,3015,-408.7999999999996,230,0,1,False,0,pistol,,,,,,,60.33904933011196,33891.94005060196
689512,3016,-343.0999999999998,183,0,1,False,0,pistol,,,,,,,60.095165744115285,33894.9853451252
689726,3017,-384.5999999999996,214,0,1,False,0,pistol,,,,,,,60.16600402898191,33898.542313575745
689933,3018,-393.59999999999957,207,0,1,False,0,pistol,,,,,,,60.17203631276146,33901.98260354996
690172,3019,-348.59999999999985,239,0,1,False,0,pistol,,,,,,,60.44560003270593,33905.936697006226
690355,3020,-359.6999999999997,183,0,1,False,0,pistol,,,,,,,2.499584626280057,33979.14900970459
690579,3021,-387.2999999999996,224,0,1,False,0,pistol,,,,,,,60.2900235757144,33982.864528656006
690758,3022,-351.8999999999998,179,0,1,False,0,pistol,,,,,,,59.97508077435377,33985.84922814369
690971,3023,-339.3999999999998,213,0,1,False,0,pistol,,,,,,,60.322783126790796,33989.38035058975
691166,3024,-399.4999999999996,195,0,1,False,0,pistol,,,,,,,59.87819653205597,33992.63707900047
691373,3025,-335.9999999999999,207,0,1,False,0,pistol,,,,,,,60.25155061421165,33996.072809934616
691574,3026,-330.6999999999998,201,0,1,False,0,pistol,,,,,,,60.02179182599346,33999.42171216011
691797,3027,-348.7999999999998,223,0,1,False,0,pistol,,,,,,,60.34460893609837,34003.11727261543
692029,3028,-365.49999999999966,232,0,1,False,0,pistol,,,,,,,60.63516522122977,34006.9435608387
692237,3029,-370.3999999999997,208,0,1,False,0,pistol,,,,,,,2.877705797356083,34079.223453998566
692456,3030,-336.5999999999998,219,0,1,False,0,pistol,,,,,,,60.30412257665653,34082.85518121719
692673,3031,-378.49999999999966,217,0,1,False,0,pistol,,,,,,,60.41063120524445,34086.447431087494
692865,3032,-326.5999999999999,192,0,1,False,0,pistol,,,,,,,60.15660523714647,34089.63921403885
693064,3033,-400.59999999999957,199,0,1,False,0,pistol,,,,,,,60.19591871587655,34092.94522714615
693252,3034,-376.6999999999997,188,0,1,False,0,pistol,,,,,,,60.069486971459476,34096.07507300377
693415,3035,-331.39999999999986,163,0,1,False,0,pistol,,,,,,,59.7344621464166,34098.80394792557
693588,3036,-341.0999999999998,173,0,1,False,0,pistol,,,,,,,59.94113495794003,34101.69023036957
693787,3037,-401.1999999999996,199,0,1,False,0,pistol,,,,,,,59.88179675272237,34105.01359272003
693973,3038,-354.9999999999998,186,0,1,False,0,pistol,,,,,,,59.930375293221836,34108.11731529236
694191,3039,-342.69999999999976,218,0,1,False,0,pistol,,,,,,,60.451940662628196,34111.723625421524
694395,3040,-388.49999999999966,204,0,1,False,0,pistol,,,,,,,2.826528696263358,34183.89712381363
694615,3041,-346.4999999999997,220,0,1,False,0,pistol,,,,,,,60.18176356284028,34187.55289268494
694817,3042,-340.8999999999999,202,0,1,False,0,pistol,,,,,,,60.12642191369566,34190.91261458397
694998,3043,-324.39999999999986,181,0,1,False,0,pistol,,,,,,,60.06797833096939,34193.92600131035
695170,3044,-341.4999999999999,172,0,1,False,0,pistol,,,,,,,59.94544469810166,34196.79541325569
695406,3045,-355.6999999999997,236,0,1,False,0,pistol,,,,,,,60.36942961298349,34200.704818725586
695641,3046,-472.7999999999993,235,0,1,False,0,pistol,,,,,,,60.38231334874408,34204.59682559967
695844,3047,-394.79999999999967,203,0,1,False,0,pistol,,,,,,,60.22845118400057,34207.96749186516
696057,3048,-350.99999999999994,213,0,1,False,0,pistol,,,,,,,60.39364014577702,34211.49448752403
696266,3049,-327.59999999999985,209,0,1,False,0,pistol,,,,,,,60.09145619976196,34214.97266125679
696470,3050,-353.59999999999974,204,0,1,False,0,pistol,,,,,,,2.823779410318683,34287.216383457184
696643,3051,-343.3999999999998,173,0,1,False,0,pistol,,,,,,,60.013634466255375,34290.09918260574
696866,3052,-358.39999999999975,223,0,1,False,0,pistol,,,,,,,60.42728618867339,34293.78970146179
697052,3053,-350.3999999999998,186,0,1,False,0,pistol,,,,,,,60.01501674463495,34296.88906931877
697236,3054,-361.59999999999974,184,0,1,False,0,pistol,,,,,,,60.047478899209345,34299.953447818756
697409,3055,-343.3999999999998,173,0,1,False,0,pistol,,,,,,,59.919395500107555,34302.8407998085
697595,3056,-325.3999999999998,186,0,1,False,0,pistol,,,,,,,59.97944182884659,34305.94201183319
697797,3057,-382.89999999999964,202,0,1,False,0,pistol,,,,,,,60.297389137238945,34309.29220175743
698007,3058,-398.7999999999996,210,0,1,False,0,pistol,,,,,,,60.24998710595702,34312.77781915665
698229,3059,-350.89999999999975,222,0,1,False,0,pistol,,,,,,,60.44395421209041,34316.45078587532
698400,3060,-327.9999999999999,171,0,1,False,0,pistol,,,,,,,2.3829771172978056,34388.20989441872
698585,3061,-355.7999999999997,185,0,1,False,0,pistol,,,,,,,59.90872397080915,34391.29806494713
698816,3062,-355.9999999999998,231,0,1,False,0,pistol,,,,,,,60.43972590895928,34395.120195150375
699019,3063,-409.3999999999995,203,0,1,False,0,pistol,,,,,,,60.15137332579678,34398.495143175125
699224,3064,-392.7999999999997,205,0,1,False,0,pistol,,,,,,,60.1543119079023,34401.90314722061
699415,3065,-375.59999999999974,191,0,1,False,0,pistol,,,,,,,60.127162342394676,34405.07988667488
699609,3066,-377.29999999999967,194,0,1,False,0,pistol,,,,,,,60.200827709153856,34408.302592515945
699812,3067,-401.3999999999996,203,0,1,False,0,pistol,,,,,,,60.03698297001682,34411.683985471725
700037,3068,-371.0999999999998,225,0,1,False,0,pistol,,,,,,,60.39451820199739,34415.409603357315
700232,3069,-387.1999999999997,195,0,1,False,0,pistol,,,,,,,59.900307415131266,34418.665157318115
700430,3070,-364.39999999999975,198,0,1,False,0,pistol,,,,,,,2.7370824686832096,34491.00509905815
700650,3071,-422.49999999999943,220,0,1,False,0,pistol,,,,,,,60.214543954612274,34494.658801317215
700862,3072,-410.59999999999945,212,0,1,False,0,pistol,,,,,,,59.85309669036219,34498.20095014572
701096,3073,-371.5999999999997,234,0,1,False,0,pistol,,,,,,,60.60743690193308,34502.062039375305
701306,3074,-425.49999999999943,210,0,1,False,0,pistol,,,,,,,60.260255025377546,34505.54704737663
701519,3075,-361.7999999999998,213,0,1,False,0,pistol,,,,,,,60.22810245562932,34509.08373618126
701699,3076,-324.79999999999984,180,0,1,False,0,pistol,,,,,,,59.85138601425256,34512.09132313728
701927,3077,-349.39999999999975,228,0,1,False,0,pistol,,,,,,,60.3332876139331,34515.87044644356
702143,3078,-337.6999999999998,216,0,1,False,0,pistol,,,,,,,60.32689642883445,34519.4510948658
702306,3079,-326.39999999999986,163,0,1,False,0,pistol,,,,,,,59.606184549367825,34522.185844659805
702512,3080,-315.6999999999999,206,0,1,False,0,pistol,,,,,,,2.794313078010024,34595.907133579254
702739,3081,-334.1999999999998,227,0,1,False,0,pistol,,,,,,,60.18265963299783,34599.679112911224
702953,3082,-336.5999999999998,214,0,1,False,0,pistol,,,,,,,60.17628994749816,34603.23547434807
703150,3083,-419.1999999999996,197,0,1,False,0,pistol,,,,,,,59.75985975476177,34606.53211808205
703344,3084,-350.2999999999998,194,0,1,False,0,pistol,,,,,,,59.766909523416736,34609.7782497406
703534,3085,-397.79999999999967,190,0,1,False,0,pistol,,,,,,,59.64601935499758,34612.963851451874
703730,3086,-329.6999999999999,196,0,1,False,0,pistol,,,,,,,59.95566823935837,34616.233108997345
703948,3087,-362.6999999999998,218,0,1,False,0,pistol,,,,,,,60.226212442115084,34619.85293197632
704152,3088,-339.29999999999984,204,0,1,False,0,pistol,,,,,,,58.519152065341565,34623.339109659195
704342,3089,-400.49999999999966,190,0,1,False,0,pistol,,,,,,,60.064784708837,34626.502524614334
704514,3090,-345.8999999999998,172,0,1,False,0,pistol,,,,,,,2.408601736970352,34697.91339445114
704720,3091,-379.69999999999976,206,0,1,False,0,pistol,,,,,,,60.2333037241857,34701.33355641365
704928,3092,-420.09999999999945,208,0,1,False,0,pistol,,,,,,,60.288050224238056,34704.78379178047
705154,3093,-388.3999999999998,226,0,1,False,0,pistol,,,,,,,60.436325678763076,34708.523406505585
705378,3094,-351.29999999999984,224,0,1,False,0,pistol,,,,,,,60.40457334794836,34712.23187971115
705593,3095,-372.1999999999997,215,0,1,False,0,pistol,,,,,,,60.16611719716444,34715.80546069145
705792,3096,-388.5999999999996,199,0,1,False,0,pistol,,,,,,,59.90552934369125,34719.12748169899
706015,3097,-332.6999999999999,223,0,1,False,0,pistol,,,,,,,60.11509054093182,34722.83717083931
706220,3098,-342.09999999999985,205,0,1,False,0,pistol,,,,,,,60.347863791891776,34726.23427581787
706417,3099,-381.89999999999964,197,0,1,False,0,pistol,,,,,,,60.14539721809721,34729.509825229645
706589,3100,-340.8999999999998,172,0,1,False,0,pistol,,,,,,,2.4069277667226103,34800.970353126526
706749,3101,-321.29999999999995,160,0,1,False,0,pistol,,,,,,,59.59952102879165,34803.65507268906
706974,3102,-351.4999999999997,225,0,1,False,0,pistol,,,,,,,60.339642199355936,34807.384106874466
707187,3103,-402.7999999999995,213,0,1,False,0,pistol,,,,,,,60.18240591728333,34810.92350077629
707413,3104,-379.69999999999965,226,0,1,False,0,pistol,,,,,,,60.35081210514487,34814.66842532158
707620,3105,-418.1999999999995,207,0,1,False,0,pistol,,,,,,,60.108020689620794,34818.11235809326
707779,3106,-302.3,159,0,1,False,0,pistol,,,,,,,59.59207151538233,34820.78063893318
707982,3107,-341.0999999999998,203,0,1,False,0,pistol,,,,,,,60.150901637908184,34824.1556353569
708163,3108,-357.99999999999983,181,0,1,False,0,pistol,,,,,,,57.936704010349665,34827.27985215187
708377,3109,-329.1999999999999,214,0,1,False,0,pistol,,,,,,,60.29362837530701,34830.82930088043
708581,3110,-366.1999999999997,204,0,1,False,0,pistol,,,,,,,60.151686871936306,34834.22083520889
708744,3111,-321.3999999999999,163,0,1,False,0,pistol,,,,,,,2.2854933287845767,34905.54040527344
708979,3112,-328.0999999999999,235,0,1,False,0,pistol,,,,,,,60.51965310941475,34909.423592329025
709220,3113,-355.2999999999998,241,0,1,False,0,pistol,,,,,,,60.443422225262516,34913.410955667496
709420,3114,-406.19999999999953,200,0,1,False,0,pistol,,,,,,,60.167114456482814,34916.735187768936
709632,3115,-368.8999999999998,212,0,1,False,0,pistol,,,,,,,60.30250439946856,34920.250940561295
709819,3116,-358.1999999999998,187,0,1,False,0,pistol,,,,,,,58.402671019779405,34923.45299601555
710014,3117,-376.4999999999998,195,0,1,False,0,pistol,,,,,,,60.061217862714955,34926.69980049133
710221,3118,-334.1999999999999,207,0,1,False,0,pistol,,,,,,,60.350356445692974,34930.12988638878
710420,3119,-399.99999999999955,199,0,1,False,0,pistol,,,,,,,60.00204131587091,34933.446571588516
710630,3120,-335.39999999999986,210,0,1,False,0,pistol,,,,,,,60.14795595151118,34936.93807888031
710794,3121,-326.5999999999999,164,0,1,False,0,pistol,,,,,,,2.303086287139005,35008.146998643875
710998,3122,-359.2999999999998,204,0,1,False,0,pistol,,,,,,,60.20289754732641,35011.53565979004
711212,3123,-337.79999999999984,214,0,1,False,0,pistol,,,,,,,60.21932722937815,35015.08946156502
711392,3124,-357.79999999999984,180,0,1,False,0,pistol,,,,,,,60.164587133591375,35018.081357479095
711605,3125,-350.3999999999998,213,0,1,False,0,pistol,,,,,,,59.98250531316985,35021.632533311844
711809,3126,-371.2999999999997,204,0,1,False,0,pistol,,,,,,,60.022432071599454,35025.0313975811
712048,3127,-350.2999999999997,239,0,1,False,0,pistol,,,,,,,60.48790180001289,35028.982776880264
712260,3128,-366.5999999999997,212,0,1,False,0,pistol,,,,,,,60.31980813633749,35032.49752473831
712468,3129,-385.7999999999996,208,0,1,False,0,pistol,,,,,,,60.36833535422564,35035.943175792694
712687,3130,-403.99999999999955,219,0,1,False,0,pistol,,,,,,,60.30885796136738,35039.57462191582
712883,3131,-394.6999999999996,196,0,1,False,0,pistol,,,,,,,2.718045481482839,35111.68540120125
713061,3132,-342.0999999999998,178,0,1,False,0,pistol,,,,,,,60.07358563743074,35114.648542404175
713266,3133,-365.7999999999997,205,0,1,False,0,pistol,,,,,,,60.430349401218756,35118.04100251198
713441,3134,-343.7999999999998,175,0,1,False,0,pistol,,,,,,,59.959097291134945,35120.95981955528
713637,3135,-328.59999999999985,196,0,1,False,0,pistol,,,,,,,59.8332702188052,35124.235723018646
713847,3136,-420.49999999999943,210,0,1,False,0,pistol,,,,,,,58.505540665756676,35127.82526469231
714010,3137,-321.99999999999994,163,0,1,False,0,pistol,,,,,,,59.414753965580594,35130.5688354969
714189,3138,-361.5999999999998,179,0,1,False,0,pistol,,,,,,,60.213748020224905,35133.5417304039
714384,3139,-363.7999999999997,195,0,1,False,0,pistol,,,,,,,58.46055801223206,35136.877417087555
714597,3140,-332.59999999999985,213,0,1,False,0,pistol,,,,,,,60.441216054166524,35140.40159201622
714830,3141,-418.3999999999997,233,0,1,False,0,pistol,,,,,,,3.194625374732488,35213.33669114113
715030,3142,-348.1999999999998,200,0,1,False,0,pistol,,,,,,,60.02296992994179,35216.668867349625
715229,3143,-408.2999999999996,199,0,1,False,0,pistol,,,,,,,60.24636359948614,35219.972128391266
715402,3144,-327.79999999999984,173,0,1,False,0,pistol,,,,,,,59.60546607933134,35222.87468242645
715623,3145,-343.29999999999984,221,0,1,False,0,pistol,,,,,,,60.02482245415305,35226.55664014816
715828,3146,-319.3999999999999,205,0,1,False,0,pistol,,,,,,,60.227463251280994,35229.960515499115
716002,3147,-345.8999999999998,174,0,1,False,0,pistol,,,,,,,60.001709756571806,35232.860570669174
716183,3148,-342.69999999999976,181,0,1,False,0,pistol,,,,,,,59.66683171600699,35235.89421701431
716378,3149,-350.0999999999998,195,0,1,False,0,pistol,,,,,,,59.88140997199982,35239.15079379082
716583,3150,-317.69999999999993,205,0,1,False,0,pistol,,,,,,,60.10809683233568,35242.56145620346
716760,3151,-341.8999999999998,177,0,1,False,0,pistol,,,,,,,59.94975986723049,35245.514076948166
716971,3152,-333.59999999999985,211,0,1,False,0,pistol,,,,,,,2.9177887876711512,35317.82923388481
717185,3153,-353.9999999999998,214,0,1,False,0,pistol,,,,,,,60.34002996763176,35321.37592983246
717360,3154,-350.4999999999998,175,0,1,False,0,pistol,,,,,,,59.896762585935974,35324.297771692276
717562,3155,-312.09999999999997,202,0,1,False,0,pistol,,,,,,,60.17852831450568,35327.65458488464
717766,3156,-362.8999999999998,204,0,1,False,0,pistol,,,,,,,60.11284188186708,35331.0483250618
717973,3157,-352.4999999999998,207,0,1,False,0,pistol,,,,,,,60.23889662652271,35334.48477077484
718201,3158,-364.6999999999997,228,0,1,False,0,pistol,,,,,,,60.40114897822214,35338.25964832306
718392,3159,-370.9999999999997,191,0,1,False,0,pistol,,,,,,,59.89810999672513,35341.448516368866
718569,3160,-346.8999999999998,177,0,1,False,0,pistol,,,,,,,59.952640444688114,35344.400994062424
718785,3161,-364.59999999999974,216,0,1,False,0,pistol,,,,,,,60.168810645268344,35347.99099588394
718993,3162,-435.09999999999945,208,0,1,False,0,pistol,,,,,,,2.8813723770044395,35420.17898273468
719174,3163,-361.9999999999998,181,0,1,False,0,pistol,,,,,,,60.049809204353444,35423.19327402115
719386,3164,-331.79999999999984,212,0,1,False,0,pistol,,,,,,,58.83165818489825,35426.79692316055
719579,3165,-387.39999999999964,193,0,1,False,0,pistol,,,,,,,60.03831412850547,35430.01163864136
719743,3166,-326.5999999999999,164,0,1,False,0,pistol,,,,,,,59.64646300768887,35432.7613132
719920,3167,-352.19999999999976,177,0,1,False,0,pistol,,,,,,,59.91467294572481,35435.715645074844
720137,3168,-332.79999999999984,217,0,1,False,0,pistol,,,,,,,60.393627032360506,35439.30889225006
720346,3169,-337.89999999999986,209,0,1,False,0,pistol,,,,,,,60.26666754666319,35442.77696633339
720536,3170,-400.49999999999966,190,0,1,False,0,pistol,,,,,,,60.26694432151173,35445.929733753204
720773,3171,-354.59999999999974,237,0,1,False,0,pistol,,,,,,,60.43574948442207,35449.85138630867
720959,3172,-343.69999999999976,186,0,1,False,0,pistol,,,,,,,2.5930658474799313,35521.581265449524
721187,3173,-392.69999999999976,228,0,1,False,0,pistol,,,,,,,60.3995161982021,35525.3562605381
721395,3174,-378.09999999999974,208,0,1,False,0,pistol,,,,,,,60.11580096670088,35528.816428899765
721597,3175,-400.59999999999957,202,0,1,False,0,pistol,,,,,,,60.10334647296149,35532.17749786377
721811,3176,-334.49999999999983,214,0,1,False,0,pistol,,,,,,,60.19451473955096,35535.732786655426
722015,3177,-395.8999999999996,204,0,1,False,0,pistol,,,,,,,60.02743460204758,35539.131365060806
722233,3178,-375.39999999999975,218,0,1,False,0,pistol,,,,,,,60.39612205382079,35542.74100232124
722453,3179,-332.79999999999984,220,0,1,False,0,pistol,,,,,,,60.298725897173256,35546.38962268829
722656,3180,-379.6999999999997,203,0,1,False,0,pistol,,,,,,,59.90031281779076,35549.77871417999
722875,3181,-410.2999999999995,219,0,1,False,0,pistol,,,,,,,60.28268012021194,35553.41172456741
723084,3182,-401.7999999999997,209,0,1,False,0,pistol,,,,,,,2.8986241310756933,35625.515046834946
723302,3183,-450.79999999999933,218,0,1,False,0,pistol,,,,,,,59.942782448838656,35629.15201354027
723519,3184,-335.8999999999999,217,0,1,False,0,pistol,,,,,,,60.373808934868194,35632.74642300606
723743,3185,-356.2999999999997,224,0,1,False,0,pistol,,,,,,,60.319743323764385,35636.46012187004
723974,3186,-375.2999999999997,231,0,1,False,0,pistol,,,,,,,60.31122593261852,35640.29042625427
724176,3187,-406.8999999999995,202,0,1,False,0,pistol,,,,,,,59.12042341487201,35643.70733165741
724366,3188,-384.0999999999997,190,0,1,False,0,pistol,,,,,,,59.92447233388098,35646.878151893616
724578,3189,-369.4999999999997,212,0,1,False,0,pistol,,,,,,,60.34470119889625,35650.39143419266
724765,3190,-375.1999999999997,187,0,1,False,0,pistol,,,,,,,59.874008941388595,35653.51479148865
724951,3191,-335.9999999999999,186,0,1,False,0,pistol,,,,,,,59.959868250398024,35656.61702013016
725180,3192,-321.9999999999999,229,0,1,False,0,pistol,,,,,,,3.1577696858578514,35729.13665485382
725386,3193,-395.79999999999967,206,0,1,False,0,pistol,,,,,,,60.04708435910608,35732.56747055054
725565,3194,-342.2999999999998,179,0,1,False,0,pistol,,,,,,,58.2032537304778,35735.64302492142
725795,3195,-370.7999999999997,230,0,1,False,0,pistol,,,,,,,60.631420590110096,35739.43653130531
726002,3196,-411.8999999999995,207,0,1,False,0,pistol,,,,,,,60.120186787712925,35742.87971687317
726206,3197,-343.79999999999984,204,0,1,False,0,pistol,,,,,,,60.483274671781835,35746.25273299217
726408,3198,-390.8999999999996,202,0,1,False,0,pistol,,,,,,,60.27535294454109,35749.60415959358
726579,3199,-323.5999999999999,171,0,1,False,0,pistol,,,,,,,59.794299388681296,35752.4640955925
726817,3200,-369.09999999999974,238,0,1,False,0,pistol,,,,,,,60.477599866909145,35756.39956283569
726990,3201,-341.0999999999998,173,0,1,False,0,pistol,,,,,,,59.94435365862625,35759.28569793701
727162,3202,-345.8999999999998,172,0,1,False,0,pistol,,,,,,,2.3890841595474552,35831.27992963791
727372,3203,-424.49999999999943,210,0,1,False,0,pistol,,,,,,,60.35846108797845,35834.75926852226
727568,3204,-363.39999999999975,196,0,1,False,0,pistol,,,,,,,60.15247790572416,35838.01779460907
727798,3205,-416.4999999999997,230,0,1,False,0,pistol,,,,,,,60.30618382707154,35841.83177733421
728033,3206,-408.4999999999997,235,0,1,False,0,pistol,,,,,,,60.35774677314997,35845.72536969185
728216,3207,-361.39999999999975,183,0,1,False,0,pistol,,,,,,,59.76272297608004,35848.78759431839
728451,3208,-319.7999999999999,235,0,1,False,0,pistol,,,,,,,60.35204799648099,35852.68153119087
728662,3209,-402.99999999999966,211,0,1,False,0,pistol,,,,,,,60.11111437138178,35856.19184446335
728873,3210,-425.6999999999995,211,0,1,False,0,pistol,,,,,,,60.195286433919684,35859.69723343849
729071,3211,-395.79999999999967,198,0,1,False,0,pistol,,,,,,,60.27735712862588,35862.98217821121
729291,3212,-408.7999999999995,220,0,1,False,0,pistol,,,,,,,3.0420071503678896,35935.302987098694
729506,3213,-382.39999999999975,215,0,1,False,0,pistol,,,,,,,60.32024113772247,35938.86743068695
729729,3214,-357.9999999999998,223,0,1,False,0,pistol,,,,,,,60.32579872863865,35942.56413125992
729955,3215,-357.9999999999997,226,0,1,False,0,pistol,,,,,,,60.439886296238065,35946.30349254608
730174,3216,-342.8999999999998,219,0,1,False,0,pistol,,,,,,,60.265447771250834,35949.93755245209
730373,3217,-384.5999999999996,199,0,1,False,0,pistol,,,,,,,59.98789240929728,35953.2550573349
730578,3218,-424.0999999999996,205,0,1,False,0,pistol,,,,,,,59.95745676973946,35956.6742811203
730777,3219,-382.89999999999964,199,0,1,False,0,pistol,,,,,,,60.277376321703315,35959.975809812546
731001,3220,-396.29999999999967,224,0,1,False,0,pistol,,,,,,,60.202116035689485,35963.69674396515
731175,3221,-346.2999999999998,174,0,1,False,0,pistol,,,,,,,2.4268554532797464,36035.394595861435
731338,3222,-321.39999999999986,163,0,1,False,0,pistol,,,,,,,59.75823976034874,36038.12237787247
731554,3223,-360.5999999999998,216,0,1,False,0,pistol,,,,,,,59.00395027089972,36041.78330183029
731780,3224,-359.9999999999997,226,0,1,False,0,pistol,,,,,,,60.39505854113515,36045.5254547596
731953,3225,-341.0999999999998,173,0,1,False,0,pistol,,,,,,,59.74561297263935,36048.42122244835
732164,3226,-368.6999999999997,211,0,1,False,0,pistol,,,,,,,60.15769533414577,36051.92877316475
732372,3227,-376.0999999999997,208,0,1,False,0,pistol,,,,,,,60.09461995844975,36055.39010667801
732583,3228,-397.2999999999996,211,0,1,False,0,pistol,,,,,,,60.25297752457101,36058.89215373993
732784,3229,-401.3999999999996,201,0,1,False,0,pistol,,,,,,,60.357116372727155,36062.22244668007
732984,3230,-352.19999999999976,200,0,1,False,0,pistol,,,,,,,60.05226631120898,36065.552986860275
733208,3231,-346.9999999999998,224,0,1,False,0,pistol,,,,,,,3.0938649309854482,36137.954451560974
733405,3232,-345.8999999999998,197,0,1,False,0,pistol,,,,,,,60.21374578946137,36141.226258039474
733608,3233,-400.79999999999956,203,0,1,False,0,pistol,,,,,,,60.2904735674826,36144.593437194824
733828,3234,-369.7999999999997,220,0,1,False,0,pistol,,,,,,,60.359957850258525,36148.238360881805
734064,3235,-369.6999999999997,236,0,1,False,0,pistol,,,,,,,60.4345685802144,36152.14355802536
734261,3236,-401.1999999999996,197,0,1,False,0,pistol,,,,,,,60.188920032695044,36155.41669154167
734498,3237,-345.89999999999975,237,0,1,False,0,pistol,,,,,,,60.52558821790526,36159.33251643181
734693,3238,-369.4999999999997,195,0,1,False,0,pistol,,,,,,,60.10672960943048,36162.57686543465
734916,3239,-353.3999999999997,223,0,1,False,0,pistol,,,,,,,60.326339557783896,36166.273564338684
735109,3240,-392.39999999999964,193,0,1,False,0,pistol,,,,,,,60.149650422707914,36169.482357263565
735293,3241,-343.2999999999998,184,0,1,False,0,pistol,,,,,,,2.568774588985946,36241.11194753647
735502,3242,-362.5999999999997,209,0,1,False,0,pistol,,,,,,,58.59455190227022,36244.678978681564
735739,3243,-401.7999999999996,237,0,1,False,0,pistol,,,,,,,60.55235882812597,36248.593069791794
735923,3244,-343.2999999999998,184,0,1,False,0,pistol,,,,,,,59.91483272488327,36251.664204359055
736103,3245,-354.4999999999998,180,0,1,False,0,pistol,,,,,,,59.86190703903658,36254.671261548996
736298,3246,-367.1999999999997,195,0,1,False,0,pistol,,,,,,,60.02244761818794,36257.92016410828
736517,3247,-350.5999999999998,219,0,1,False,0,pistol,,,,,,,60.3414001806394,36261.54964661598
736724,3248,-352.8999999999998,207,0,1,False,0,pistol,,,,,,,60.33057942434952,36264.980852127075
736948,3249,-352.49999999999983,224,0,1,False,0,pistol,,,,,,,60.35495098654848,36268.69236493111
737155,3250,-315.89999999999986,207,0,1,False,0,pistol,,,,,,,60.28802901088353,36272.12602543831
737328,3251,-329.09999999999985,173,0,1,False,0,pistol,,,,,,,2.390859852785238,36344.48506331444
737533,3252,-333.79999999999984,205,0,1,False,0,pistol,,,,,,,60.21675395713482,36347.88952636719
737746,3253,-343.39999999999986,213,0,1,False,0,pistol,,,,,,,60.184400624137794,36351.428777217865
737988,3254,-396.5999999999997,242,0,1,False,0,pistol,,,,,,,60.47829917901411,36355.43032002449
738160,3255,-340.8999999999998,172,0,1,False,0,pistol,,,,,,,59.97503200060988,36358.29832983017
738385,3256,-398.4999999999996,225,0,1,False,0,pistol,,,,,,,58.71702473688759,36362.1303589344
738609,3257,-334.1999999999998,224,0,1,False,0,pistol,,,,,,,60.012555109371114,36365.86303091049
738792,3258,-361.39999999999975,183,0,1,False,0,pistol,,,,,,,59.66119122988044,36368.93048143387
738982,3259,-346.29999999999984,190,0,1,False,0,pistol,,,,,,,59.92920404826325,36372.10100364685
739201,3260,-375.5999999999998,219,0,1,False,0,pistol,,,,,,,60.22989493976536,36375.73720121384
739398,3261,-353.89999999999975,197,0,1,False,0,pistol,,,,,,,2.736809057039416,36447.718970537186
739635,3262,-324.19999999999993,237,0,1,False,0,pistol,,,,,,,60.53332828305372,36451.63429903984
739830,3263,-329.4999999999999,195,0,1,False,0,pistol,,,,,,,59.96320781193227,36454.88640522957
740025,3264,-356.0999999999998,195,0,1,False,0,pistol,,,,,,,60.03526411494977,36458.13461589813
740247,3265,-371.79999999999967,222,0,1,False,0,pistol,,,,,,,60.36908919606298,36461.8121342659
740461,3266,-331.59999999999985,214,0,1,False,0,pistol,,,,,,,60.0705613771333,36465.37473297119
740665,3267,-393.5999999999998,204,0,1,False,0,pistol,,,,,,,60.19616746989147,36468.763775110245
740899,3268,-350.2999999999997,234,0,1,False,0,pistol,,,,,,,60.22001541045901,36472.649678468704
741106,3269,-406.89999999999964,207,0,1,False,0,pistol,,,,,,,60.22297696044579,36476.087044239044
741280,3270,-341.2999999999998,174,0,1,False,0,pistol,,,,,,,59.90683902355177,36478.99170446396
741476,3271,-375.99999999999966,196,0,1,False,0,pistol,,,,,,,2.7112611331919925,36551.2829105854
741683,3272,-402.79999999999956,207,0,1,False,0,pistol,,,,,,,60.170193131130226,36554.72330069542
741907,3273,-337.9999999999998,224,0,1,False,0,pistol,,,,,,,60.245896731242155,36558.44153738022
742109,3274,-402.8999999999995,202,0,1,False,0,pistol,,,,,,,60.129144362919824,36561.801089286804
742308,3275,-388.5999999999996,199,0,1,False,0,pistol,,,,,,,60.135474588950295,36565.1104323864
742515,3276,-412.19999999999953,207,0,1,False,0,pistol,,,,,,,60.03592443206845,36568.55848503113
742728,3277,-401.09999999999957,213,0,1,False,0,pistol,,,,,,,60.324567189795694,36572.08952045441
742894,3278,-328.2999999999999,166,0,1,False,0,pistol,,,,,,,59.87823395215568,36574.861956357956
743099,3279,-407.49999999999955,205,0,1,False,0,pistol,,,,,,,60.186468843228475,36578.268177986145
743314,3280,-337.39999999999986,215,0,1,False,0,pistol,,,,,,,60.243986125734196,36581.83711528778
743482,3281,-327.39999999999986,168,0,1,False,0,pistol,,,,,,,2.3399189224815977,36653.634607076645
743710,3282,-347.69999999999976,228,0,1,False,0,pistol,,,,,,,60.45125106040818,36657.40635085106
743902,3283,-359.8999999999998,192,0,1,False,0,pistol,,,,,,,60.0556707862607,36660.603528022766
744116,3284,-342.9999999999998,214,0,1,False,0,pistol,,,,,,,60.06095057159144,36664.16669034958
744289,3285,-341.0999999999998,173,0,1,False,0,pistol,,,,,,,59.808134154793954,36667.059437036514
744506,3286,-358.4999999999998,217,0,1,False,0,pistol,,,,,,,60.43037318129046,36670.65045666695
744720,3287,-332.79999999999984,214,0,1,False,0,pistol,,,,,,,60.38040566048652,36674.19478368759
744923,3288,-347.0999999999998,203,0,1,False,0,pistol,,,,,,,60.12780648229785,36677.571048498154
745145,3289,-389.4999999999997,222,0,1,False,0,pistol,,,,,,,60.45665388712833,36681.243228673935
745366,3290,-412.39999999999947,221,0,1,False,0,pistol,,,,,,,60.20459064775677,36684.914150714874
745586,3291,-347.79999999999984,220,0,1,False,0,pistol,,,,,,,3.0258421037224665,36757.621297836304
745778,3292,-381.49999999999966,192,0,1,False,0,pistol,,,,,,,60.15038208597904,36760.813445329666
745978,3293,-430.79999999999956,200,0,1,False,0,pistol,,,,,,,60.06896402582406,36764.143064022064
746157,3294,-351.9999999999997,179,0,1,False,0,pistol,,,,,,,59.988800626558934,36767.12708687782
746356,3295,-358.19999999999976,199,0,1,False,0,pistol,,,,,,,60.13920952132614,36770.43618440628
746534,3296,-354.0999999999998,178,0,1,False,0,pistol,,,,,,,59.976781018578286,36773.40411925316
746733,3297,-318.2999999999999,199,0,1,False,0,pistol,,,,,,,60.13884987308154,36776.713265419006
746939,3298,-425.69999999999953,206,0,1,False,0,pistol,,,,,,,60.18257632973798,36780.136305332184
747169,3299,-356.7999999999998,230,0,1,False,0,pistol,,,,,,,60.293651337802416,36783.95111012459
747335,3300,-321.3999999999999,166,0,1,False,0,pistol,,,,,,,59.485678290015365,36786.74180006981
747533,3301,-396.3999999999996,198,0,1,False,0,pistol,,,,,,,2.7398274240881393,36859.00927567482
747733,3302,-360.4999999999998,200,0,1,False,0,pistol,,,,,,,60.050447883167536,36862.33991479874
747911,3303,-345.0999999999998,178,0,1,False,0,pistol,,,,,,,59.86123193114916,36865.31362438202
748126,3304,-398.0999999999997,215,0,1,False,0,pistol,,,,,,,60.2510703576411,36868.882168293
748307,3305,-362.7999999999998,181,0,1,False,0,pistol,,,,,,,59.95439299939143,36871.901264190674
748502,3306,-345.4999999999998,195,0,1,False,0,pistol,,,,,,,59.68957365876777,36875.16829133034
748695,3307,-369.0999999999997,193,0,1,False,0,pistol,,,,,,,60.072076933751575,36878.381232500076
748926,3308,-370.39999999999964,231,0,1,False,0,pistol,,,,,,,60.388328015741486,36882.206610918045
749134,3309,-340.9999999999999,208,0,1,False,0,pistol,,,,,,,59.96433902464523,36885.67548203468
749297,3310,-320.7999999999999,163,0,1,False,0,pistol,,,,,,,59.54554260814581,36888.41302442551
749508,3311,-330.99999999999983,211,0,1,False,0,pistol,,,,,,,60.08043082579266,36891.925119400024
749689,3312,-342.6999999999998,181,0,1,False,0,pistol,,,,,,,2.4756681459191734,36965.03680753708
749874,3313,-343.4999999999998,185,0,1,False,0,pistol,,,,,,,58.37100806042119,36968.206307411194
750065,3314,-364.6999999999997,191,0,1,False,0,pistol,,,,,,,60.00011563947506,36971.38976264
750293,3315,-362.39999999999975,228,0,1,False,0,pistol,,,,,,,60.55316580292672,36975.15516638756
750465,3316,-340.8999999999998,172,0,1,False,0,pistol,,,,,,,59.72025712266555,36978.035425424576
750664,3317,-382.2999999999996,199,0,1,False,0,pistol,,,,,,,59.93038232623943,36981.35607290268
750854,3318,-349.4999999999998,190,0,1,False,0,pistol,,,,,,,59.8746814556113,36984.529492139816
751073,3319,-332.59999999999985,219,0,1,False,0,pistol,,,,,,,60.387381186328156,36988.15620923042
751235,3320,-302.9,162,0,1,False,0,pistol,,,,,,,59.76448994379311,36990.86698412895
751407,3321,-324.3999999999999,172,0,1,False,0,pistol,,,,,,,59.667489890556986,36993.7497215271
751609,3322,-377.7999999999997,202,0,1,False,0,pistol,,,,,,,60.084144667828944,36997.11181783676
751781,3323,-340.8999999999998,172,0,1,False,0,pistol,,,,,,,2.3993930524471416,37068.79674100876
751987,3324,-366.3999999999997,206,0,1,False,0,pistol,,,,,,,60.21830861740654,37072.21779131889
752196,3325,-322.59999999999985,209,0,1,False,0,pistol,,,,,,,60.1324336934975,37075.693578243256
752368,3326,-340.8999999999998,172,0,1,False,0,pistol,,,,,,,59.807939177019804,37078.569643974304
752581,3327,-340.79999999999984,213,0,1,False,0,pistol,,,,,,,60.3484340855496,37082.09926056862
752809,3328,-375.39999999999975,228,0,1,False,0,pistol,,,,,,,60.27115440247311,37085.882301568985
752981,3329,-340.8999999999998,172,0,1,False,0,pistol,,,,,,,59.638101640505944,37088.76648545265
753205,3330,-405.5999999999995,224,0,1,False,0,pistol,,,,,,,60.199307844252395,37092.48759460449
753420,3331,-368.3999999999997,215,0,1,False,0,pistol,,,,,,,60.23871428447371,37096.056866168976
753609,3332,-362.59999999999974,189,0,1,False,0,pistol,,,,,,,60.063411811495115,37099.203664302826
753811,3333,-382.89999999999964,202,0,1,False,0,pistol,,,,,,,2.798605541995967,37171.38260746002
754015,3334,-389.5999999999996,204,0,1,False,0,pistol,,,,,,,60.050980427661045,37174.779861450195
754214,3335,-402.2999999999996,199,0,1,False,0,pistol,,,,,,,59.98676285440649,37178.097419023514
754445,3336,-430.5999999999996,231,0,1,False,0,pistol,,,,,,,60.54458544874148,37181.91290593147
754618,3337,-341.0999999999998,173,0,1,False,0,pistol,,,,,,,59.584952835549494,37184.816447257996
754790,3338,-340.8999999999998,172,0,1,False,0,pistol,,,,,,,59.70028617926762,37187.697632312775
754983,3339,-331.39999999999986,193,0,1,False,0,pistol,,,,,,,60.05976234457092,37190.911257743835
755176,3340,-406.7999999999996,193,0,1,False,0,pistol,,,,,,,59.86908037101197,37194.135083436966
755405,3341,-335.1999999999998,229,0,1,False,0,pistol,,,,,,,60.22344259460203,37197.93770599365
755602,3342,-376.1999999999997,197,0,1,False,0,pistol,,,,,,,60.11415432661433,37201.214967250824
755763,3343,-302.69999999999993,161,0,1,False,0,pistol,,,,,,,2.2469625700851332,37272.86735391617
755985,3344,-353.4999999999998,222,0,1,False,0,pistol,,,,,,,60.31994641310495,37276.54787325859
756198,3345,-416.99999999999955,213,0,1,False,0,pistol,,,,,,,60.25316903726229,37280.083131313324
756402,3346,-321.2999999999999,204,0,1,False,0,pistol,,,,,,,60.239076837034204,37283.4697599411
756626,3347,-322.5999999999999,224,0,1,False,0,pistol,,,,,,,60.25658036931366,37287.18730044365
756873,3348,-395.4999999999999,247,0,1,False,0,pistol,,,,,,,60.52306814744312,37291.26851963997
757086,3349,-346.3999999999998,213,0,1,False,0,pistol,,,,,,,60.21142327519414,37294.80618619919
757307,3350,-342.99999999999983,221,0,1,False,0,pistol,,,,,,,60.33549339860481,37298.46916937828
757511,3351,-401.59999999999957,204,0,1,False,0,pistol,,,,,,,60.02743460204758,37301.86774134636
757716,3352,-352.0999999999998,205,0,1,False,0,pistol,,,,,,,60.34148572445554,37305.26523208618
757944,3353,-339.59999999999985,228,0,1,False,0,pistol,,,,,,,3.137309339989035,37377.93907737732
758107,3354,-321.3999999999999,163,0,1,False,0,pistol,,,,,,,59.65594374010601,37380.67153120041
758296,3355,-340.2999999999998,189,0,1,False,0,pistol,,,,,,,59.80841924016206,37383.83174324036
758499,3356,-405.49999999999966,203,0,1,False,0,pistol,,,,,,,60.22404628228618,37387.2026245594
758714,3357,-331.79999999999984,215,0,1,False,0,pistol,,,,,,,60.242291792160955,37390.77166867256
758936,3358,-405.1999999999995,222,0,1,False,0,pistol,,,,,,,59.98289209591408,37394.47285413742
759099,3359,-321.39999999999986,163,0,1,False,0,pistol,,,,,,,59.73456131103115,37397.20173597336
759306,3360,-372.4999999999997,207,0,1,False,0,pistol,,,,,,,60.304230216858706,37400.63445353508
759492,3361,-372.2999999999997,186,0,1,False,0,pistol,,,,,,,60.052838825202436,37403.73185515404
759725,3362,-381.99999999999966,233,0,1,False,0,pistol,,,,,,,60.35213525775519,37407.59268665314
759915,3363,-385.49999999999966,190,0,1,False,0,pistol,,,,,,,2.630904974893129,37479.81131982803
760137,3364,-334.39999999999986,222,0,1,False,0,pistol,,,,,,,60.39911636820482,37483.4870121479
760328,3365,-380.69999999999965,191,0,1,False,0,pistol,,,,,,,60.09767649572582,37486.6653008461
760544,3366,-433.69999999999936,216,0,1,False,0,pistol,,,,,,,60.266925162336996,37490.24949121475
760755,3367,-348.9999999999999,211,0,1,False,0,pistol,,,,,,,60.27274420609154,37493.750365018845
760976,3368,-347.2999999999998,221,0,1,False,0,pistol,,,,,,,60.27856211355381,37497.41680550575
761200,3369,-360.2999999999997,224,0,1,False,0,pistol,,,,,,,60.347941828260005,37501.12871956825
761390,3370,-331.1999999999999,190,0,1,False,0,pistol,,,,,,,60.11332342253753,37504.28956913948
761570,3371,-348.7999999999997,180,0,1,False,0,pistol,,,,,,,59.88236172203961,37507.29557967186
761776,3372,-376.59999999999974,206,0,1,False,0,pistol,,,,,,,60.192877674285754,37510.71805357933
761953,3373,-341.8999999999998,177,0,1,False,0,pistol,,,,,,,2.422768927136542,37583.77507305145
762133,3374,-342.4999999999998,180,0,1,False,0,pistol,,,,,,,59.952149435934615,37586.777599573135
762354,3375,-404.99999999999955,221,0,1,False,0,pistol,,,,,,,60.15660686383061,37590.451471567154
762533,3376,-364.2999999999997,179,0,1,False,0,pistol,,,,,,,59.957383148133815,37593.43705153465
762753,3377,-435.49999999999943,220,0,1,False,0,pistol,,,,,,,60.42437668058424,37597.078078985214
762943,3378,-368.49999999999966,190,0,1,False,0,pistol,,,,,,,59.840736629133566,37600.25330877304
763157,3379,-335.9999999999998,214,0,1,False,0,pistol,,,,,,,60.16627424146731,37603.810235500336
763356,3380,-399.99999999999955,199,0,1,False,0,pistol,,,,,,,60.19125650667856,37607.116466760635
763588,3381,-355.0999999999998,232,0,1,False,0,pistol,,,,,,,60.496372655434065,37610.951538324356
763782,3382,-363.59999999999974,194,0,1,False,0,pistol,,,,,,,60.02183695985638,37614.18381905556
763988,3383,-320.6999999999999,206,0,1,False,0,pistol,,,,,,,2.846255328551214,37686.559777498245
764213,3384,-351.4999999999998,225,0,1,False,0,pistol,,,,,,,60.183213081918616,37690.29851794243
764417,3385,-316.8999999999999,204,0,1,False,0,pistol,,,,,,,60.18236048701375,37693.68833756447
764639,3386,-375.8999999999997,222,0,1,False,0,pistol,,,,,,,60.1617766114452,37697.37851643562
764844,3387,-419.79999999999956,205,0,1,False,0,pistol,,,,,,,60.261763673152146,37700.78048276901
765066,3388,-350.89999999999975,222,0,1,False,0,pistol,,,,,,,60.343968117616676,37704.45951795578
765271,3389,-422.49999999999955,205,0,1,False,0,pistol,,,,,,,60.14520625120095,37707.86806464195
765467,3390,-375.99999999999966,196,0,1,False,0,pistol,,,,,,,60.1326385281846,37711.12764310837
765694,3391,-392.8999999999998,227,0,1,False,0,pistol,,,,,,,60.37966474027296,37714.88730812073
765895,3392,-364.3999999999997,201,0,1,False,0,pistol,,,,,,,60.24372202119268,37718.223881959915
766125,3393,-358.0999999999998,230,0,1,False,0,pistol,,,,,,,3.1616376493226555,37790.97112965584
766319,3394,-382.49999999999966,194,0,1,False,0,pistol,,,,,,,60.00512786325855,37794.204313755035
766529,3395,-352.79999999999984,210,0,1,False,0,pistol,,,,,,,60.18865041616635,37797.693454265594
766722,3396,-338.09999999999985,193,0,1,False,0,pistol,,,,,,,60.104418402435535,37800.904653549194
766922,3397,-367.6999999999997,200,0,1,False,0,pistol,,,,,,,60.17703736660038,37804.22831726074
767129,3398,-418.1999999999995,207,0,1,False,0,pistol,,,,,,,60.18034454184294,37807.66809916496
767334,3399,-350.1999999999999,205,0,1,False,0,pistol,,,,,,,60.15478325537922,37811.076083898544
767557,3400,-351.69999999999976,223,0,1,False,0,pistol,,,,,,,60.12068568437279,37814.7853975296
767756,3401,-399.2999999999996,199,0,1,False,0,pistol,,,,,,,60.10456006477468,37818.09641838074
767960,3402,-345.9999999999998,204,0,1,False,0,pistol,,,,,,,60.134041509761225,37821.48897767067
768135,3403,-348.9999999999999,175,0,1,False,0,pistol,,,,,,,2.423505438471074,37893.6985783577
768329,3404,-387.5999999999996,194,0,1,False,0,pistol,,,,,,,60.214798471954026,37896.9204826355
768555,3405,-352.6999999999999,226,0,1,False,0,pistol,,,,,,,60.16747546902264,37900.676790714264
768752,3406,-330.89999999999986,197,0,1,False,0,pistol,,,,,,,59.99623646599568,37903.96048426628
768957,3407,-401.79999999999956,205,0,1,False,0,pistol,,,,,,,60.08152696652869,37907.37268471718
769158,3408,-364.9999999999998,201,0,1,False,0,pistol,,,,,,,60.01706167129544,37910.721861839294
769375,3409,-332.1999999999998,217,0,1,False,0,pistol,,,,,,,60.42650960551984,37914.31315159798
769596,3410,-332.3999999999998,221,0,1,False,0,pistol,,,,,,,60.407365943346285,37917.97176718712
769781,3411,-362.39999999999975,185,0,1,False,0,pistol,,,,,,,60.040173992384894,37921.053158044815
769996,3412,-314.69999999999993,215,0,1,False,0,pistol,,,,,,,58.23272351325076,37924.745339393616
770207,3413,-355.5999999999998,211,0,1,False,0,pistol,,,,,,,2.9079360339870552,37997.305535554886
770405,3414,-318.0999999999999,198,0,1,False,0,pistol,,,,,,,60.22032108331465,38000.59359765053
770614,3415,-314.5999999999999,209,0,1,False,0,pistol,,,,,,,60.28344436296098,38004.06066966057
770788,3416,-341.2999999999998,174,0,1,False,0,pistol,,,,,,,59.74194349027859,38006.97331953049
770964,3417,-347.9999999999998,176,0,1,False,0,pistol,,,,,,,59.89523442629389,38009.911912202835
771143,3418,-338.89999999999986,179,0,1,False,0,pistol,,,,,,,60.03661273359553,38012.89359784126
771322,3419,-342.2999999999998,179,0,1,False,0,pistol,,,,,,,59.8056755537128,38015.88675284386
771517,3420,-327.1999999999999,195,0,1,False,0,pistol,,,,,,,60.172180474471105,38019.12757611275
771713,3421,-382.29999999999967,196,0,1,False,0,pistol,,,,,,,59.92114857891618,38022.39864850044
771895,3422,-373.19999999999976,182,0,1,False,0,pistol,,,,,,,59.96752516887396,38025.43374681473
772058,3423,-330.79999999999984,163,0,1,False,0,pistol,,,,,,,59.60627289492259,38028.168461322784
772214,3424,-301.69999999999993,156,0,1,False,0,pistol,,,,,,,2.1917262889494626,38099.34536218643
772386,3425,-340.8999999999998,172,0,1,False,0,pistol,,,,,,,59.139500041808006,38102.25386619568
772594,3426,-384.0999999999996,208,0,1,False,0,pistol,,,,,,,60.23294027031994,38105.707280397415
772782,3427,-350.39999999999975,188,0,1,False,0,pistol,,,,,,,60.05259239779804,38108.83798670769
773004,3428,-350.89999999999975,222,0,1,False,0,pistol,,,,,,,60.32982251034934,38112.51790332794
773194,3429,-365.09999999999974,190,0,1,False,0,pistol,,,,,,,60.16427069377544,38115.67608308792
773423,3430,-411.89999999999975,229,0,1,False,0,pistol,,,,,,,60.40415665507484,38119.46734333038
773589,3431,-321.9999999999999,166,0,1,False,0,pistol,,,,,,,59.71392082306482,38122.247403383255
773824,3432,-379.7999999999996,235,0,1,False,0,pistol,,,,,,,60.312175599799815,38126.14393401146
773999,3433,-341.49999999999983,175,0,1,False,0,pistol,,,,,,,57.849724095849794,38129.16917014122
774196,3434,-364.1999999999997,197,0,1,False,0,pistol,,,,,,,2.6998046920195184,38202.1375515461
774410,3435,-460.29999999999944,214,0,1,False,0,pistol,,,,,,,60.33311465254491,38205.68463850021
774634,3436,-331.29999999999984,224,0,1,False,0,pistol,,,,,,,60.152036118210475,38209.40867185593
774862,3437,-431.09999999999945,228,0,1,False,0,pistol,,,,,,,60.20538500954074,38213.19583797455
775062,3438,-364.7999999999997,200,0,1,False,0,pistol,,,,,,,60.16564291596599,38216.52011370659
775257,3439,-391.7999999999996,195,0,1,False,0,pistol,,,,,,,60.07467308490097,38219.76619744301
775466,3440,-385.2999999999996,209,0,1,False,0,pistol,,,,,,,58.31203049381358,38223.350506067276
775694,3441,-373.7999999999997,228,0,1,False,0,pistol,,,,,,,60.28998997774071,38227.1323492527
775871,3442,-353.19999999999976,177,0,1,False,0,pistol,,,,,,,59.71535538106925,38230.096537828445
776082,3443,-366.9999999999997,211,0,1,False,0,pistol,,,,,,,60.18974322457602,38233.602257966995
776283,3444,-346.6999999999998,201,0,1,False,0,pistol,,,,,,,2.788303942611446,38305.68922138214
776466,3445,-365.9999999999998,183,0,1,False,0,pistol,,,,,,,60.038677805879765,38308.73743271828
776680,3446,-369.29999999999984,214,0,1,False,0,pistol,,,,,,,60.20651054320351,38312.29198670387
776899,3447,-367.99999999999966,219,0,1,False,0,pistol,,,,,,,60.19392251149402,38315.93035554886
777098,3448,-400.59999999999957,199,0,1,False,0,pistol,,,,,,,59.99903071833591,38319.247208595276
777344,3449,-393.5999999999998,246,0,1,False,0,pistol,,,,,,,60.523956000123185,38323.31184864044
777573,3450,-392.2999999999997,229,0,1,False,0,pistol,,,,,,,60.426292357891874,38327.10173177719
777758,3451,-352.09999999999974,185,0,1,False,0,pistol,,,,,,,59.4475924738424,38330.213847875595
777933,3452,-341.49999999999983,175,0,1,False,0,pistol,,,,,,,59.777086190852906,38333.14154243469
778130,3453,-365.89999999999975,197,0,1,False,0,pistol,,,,,,,59.97062775896403,38336.426637649536
778310,3454,-360.39999999999986,180,0,1,False,0,pistol,,,,,,,2.526081358456543,38407.68339776993
778496,3455,-369.3999999999997,186,0,1,False,0,pistol,,,,,,,60.00818456484482,38410.7830953598
778659,3456,-319.0999999999999,163,0,1,False,0,pistol,,,,,,,59.556710635814596,38413.52010130882
778851,3457,-326.5999999999999,192,0,1,False,0,pistol,,,,,,,60.01572544151789,38416.719391822815
779063,3458,-367.0999999999999,212,0,1,False,0,pistol,,,,,,,60.36950415250938,38420.231221437454
779280,3459,-334.8999999999998,217,0,1,False,0,pistol,,,,,,,60.218364589194195,38423.83487844467
779488,3460,-377.9999999999997,208,0,1,False,0,pistol,,,,,,,58.86119687201786,38427.36878490448
779714,3461,-365.2999999999997,226,0,1,False,0,pistol,,,,,,,60.30740548345322,38431.116378068924
779918,3462,-419.5999999999996,204,0,1,False,0,pistol,,,,,,,60.14764451875165,38434.508162260056
780128,3463,-398.49999999999966,210,0,1,False,0,pistol,,,,,,,60.16218720563227,38437.99883103371
780333,3464,-411.4999999999995,205,0,1,False,0,pistol,,,,,,,2.8369530758114876,38510.25957894325
780548,3465,-421.49999999999943,215,0,1,False,0,pistol,,,,,,,60.26691125177487,38513.82713651657
780753,3466,-413.7999999999995,205,0,1,False,0,pistol,,,,,,,60.24489561412206,38517.230050325394
780928,3467,-341.49999999999983,175,0,1,False,0,pistol,,,,,,,59.782563457000435,38520.15746760368
781124,3468,-381.69999999999965,196,0,1,False,0,pistol,,,,,,,58.640316682579495,38523.500037908554
781317,3469,-355.6999999999998,193,0,1,False,0,pistol,,,,,,,59.96605102065912,38526.71866130829
781525,3470,-414.3999999999995,208,0,1,False,0,pistol,,,,,,,60.2681257506615,38530.17003893852
781727,3471,-414.8999999999995,202,0,1,False,0,pistol,,,,,,,60.23768809404551,38533.523562669754
781942,3472,-331.79999999999984,215,0,1,False,0,pistol,,,,,,,60.18487365569761,38537.09605693817
782148,3473,-410.99999999999955,206,0,1,False,0,pistol,,,,,,,60.08971758216164,38540.524403095245
782376,3474,-352.69999999999976,228,0,1,False,0,pistol,,,,,,,3.1323318717933706,38613.31378340721
782526,3475,-292.5,150,0,1,False,0,pistol,,,,,,,59.443061434973,38615.83735394478
782703,3476,-341.8999999999998,177,0,1,False,0,pistol,,,,,,,59.9244323905463,38618.791211128235
782916,3477,-347.9999999999998,213,0,1,False,0,pistol,,,,,,,60.15606954047798,38622.33213806152
783151,3478,-379.0999999999997,235,0,1,False,0,pistol,,,,,,,60.24086409448425,38626.233263254166
783331,3479,-349.39999999999975,180,0,1,False,0,pistol,,,,,,,59.98206674773653,38629.23430299759
783551,3480,-469.19999999999936,220,0,1,False,0,pistol,,,,,,,60.369814532704,38632.87865447998
783756,3481,-318.7999999999999,205,0,1,False,0,pistol,,,,,,,60.197040934479475,38636.284269571304
783928,3482,-341.8999999999998,172,0,1,False,0,pistol,,,,,,,59.812778830685595,38639.160048007965
784151,3483,-386.3999999999997,223,0,1,False,0,pistol,,,,,,,60.24508670043668,38642.86172246933
784365,3484,-330.99999999999983,214,0,1,False,0,pistol,,,,,,,60.27807987967768,38646.412053108215
784546,3485,-371.9999999999998,181,0,1,False,0,pistol,,,,,,,2.506671591108148,38718.61948919296
784768,3486,-358.09999999999997,222,0,1,False,0,pistol,,,,,,,60.38185923385727,38722.296209812164
784996,3487,-363.39999999999975,228,0,1,False,0,pistol,,,,,,,60.26459112582269,38726.079649209976
785211,3488,-331.79999999999984,215,0,1,False,0,pistol,,,,,,,60.17633522644617,38729.65258979797
785424,3489,-330.7999999999998,213,0,1,False,0,pistol,,,,,,,58.05042872768195,38733.32193470001
785661,3490,-399.5999999999995,237,0,1,False,0,pistol,,,,,,,60.68427463904747,38737.22753715515
785856,3491,-337.49999999999983,195,0,1,False,0,pistol,,,,,,,60.360493919000895,38740.458233356476
786052,3492,-345.69999999999976,196,0,1,False,0,pistol,,,,,,,60.00789249839649,38743.724570035934
786269,3493,-348.49999999999994,217,0,1,False,0,pistol,,,,,,,60.229370888514346,38747.327597379684
786481,3494,-361.89999999999975,212,0,1,False,0,pistol,,,,,,,2.9082593822300926,38820.22356557846
786678,3495,-337.8999999999998,197,0,1,False,0,pistol,,,,,,,60.120234081554266,38823.50048542023
786884,3496,-369.2999999999997,206,0,1,False,0,pistol,,,,,,,60.24141729184966,38826.92017865181
787091,3497,-319.19999999999993,207,0,1,False,0,pistol,,,,,,,60.24521668534395,38830.35625600815
787304,3498,-421.09999999999945,213,0,1,False,0,pistol,,,,,,,60.049795690546595,38833.90343475342
787548,3499,-360.5999999999998,244,0,1,False,0,pistol,,,,,,,60.40713056764608,38837.94282126427
787735,3500,-361.5999999999997,187,0,1,False,0,pistol,,,,,,,60.09257108620752,38841.05480623245
787943,3501,-420.7999999999995,208,0,1,False,0,pistol,,,,,,,60.26113198601447,38844.50658035278
788136,3502,-363.3999999999997,193,0,1,False,0,pistol,,,,,,,60.048535198983025,38847.72078490257
788353,3503,-343.0999999999998,217,0,1,False,0,pistol,,,,,,,60.32385076261459,38851.31816792488
788571,3504,-386.9999999999998,218,0,1,False,0,pistol,,,,,,,2.997440991710976,38924.047031879425
788783,3505,-328.1999999999999,212,0,1,False,0,pistol,,,,,,,60.27541516298836,38927.56437587738
788990,3506,-407.1999999999997,207,0,1,False,0,pistol,,,,,,,60.25334442416,38931.00000524521
789204,3507,-330.99999999999983,214,0,1,False,0,pistol,,,,,,,60.17866225829889,38934.55619287491
789387,3508,-360.7999999999997,183,0,1,False,0,pistol,,,,,,,59.97424403160433,38937.60765528679
789568,3509,-360.9999999999998,181,0,1,False,0,pistol,,,,,,,59.91561151064374,38940.628689050674
789782,3510,-366.4999999999997,214,0,1,False,0,pistol,,,,,,,60.31436002600238,38944.17688918114
790012,3511,-369.0999999999997,230,0,1,False,0,pistol,,,,,,,60.37780364322235,38947.98637652397
790200,3512,-362.9999999999997,188,0,1,False,0,pistol,,,,,,,59.82727831834887,38951.12886095047
790431,3513,-433.39999999999964,231,0,1,False,0,pistol,,,,,,,60.293946268500676,38954.96024465561
790634,3514,-370.39999999999975,203,0,1,False,0,pistol,,,,,,,2.8015620133958987,39027.419973134995
790853,3515,-414.2999999999996,219,0,1,False,0,pistol,,,,,,,59.09533761578983,39031.125969171524
791057,3516,-316.2999999999999,204,0,1,False,0,pistol,,,,,,,60.25467496983703,39034.51173424721
791283,3517,-388.2999999999997,226,0,1,False,0,pistol,,,,,,,60.29106500172526,39038.2603559494
791514,3518,-381.99999999999966,231,0,1,False,0,pistol,,,,,,,60.23373631554761,39042.09552645683
791720,3519,-401.99999999999955,206,0,1,False,0,pistol,,,,,,,60.37742160855309,39045.507509708405
791966,3520,-367.6999999999997,246,0,1,False,0,pistol,,,,,,,60.53440975742147,39049.57142305374
792180,3521,-329.29999999999984,214,0,1,False,0,pistol,,,,,,,60.365323908898624,39053.11662244797
792396,3522,-421.99999999999955,216,0,1,False,0,pistol,,,,,,,60.27847351697016,39056.70012760162
792612,3523,-367.99999999999966,216,0,1,False,0,pistol,,,,,,,2.9603302657642816,39129.66508603096
792815,3524,-357.0999999999998,203,0,1,False,0,pistol,,,,,,,60.12300023083392,39133.04162454605
793008,3525,-381.0999999999997,193,0,1,False,0,pistol,,,,,,,60.05009872836325,39136.25571298599
793230,3526,-352.09999999999974,222,0,1,False,0,pistol,,,,,,,60.35630499702767,39139.933980464935
793444,3527,-343.39999999999986,214,0,1,False,0,pistol,,,,,,,60.27978415406054,39143.48425602913
793634,3528,-380.49999999999966,190,0,1,False,0,pistol,,,,,,,59.88813065346497,39146.65698337555
793864,3529,-345.4999999999998,230,0,1,False,0,pistol,,,,,,,60.39119152057995,39150.465643167496
794045,3530,-362.1999999999998,181,0,1,False,0,pistol,,,,,,,59.99664789034264,39153.48260521889
794286,3531,-428.69999999999953,241,0,1,False,0,pistol,,,,,,,60.48642652503602,39157.46710896492
794475,3532,-368.29999999999984,189,0,1,False,0,pistol,,,,,,,60.00885503736987,39160.61677479744
794647,3533,-340.8999999999998,172,0,1,False,0,pistol,,,,,,,2.393151718218191,39232.48865246773
794826,3534,-342.2999999999998,179,0,1,False,0,pistol,,,,,,,59.75527205992493,39235.48433351517
795021,3535,-391.1999999999996,195,0,1,False,0,pistol,,,,,,,60.05192625006966,39238.73165035248
795234,3536,-335.7999999999998,213,0,1,False,0,pistol,,,,,,,60.26885895474682,39242.26594734192
795439,3537,-321.1999999999998,205,0,1,False,0,pistol,,,,,,,58.38760784206141,39245.77714967728
795647,3538,-318.79999999999995,208,0,1,False,0,pistol,,,,,,,60.20573882345244,39249.23210477829
795887,3539,-395.69999999999976,240,0,1,False,0,pistol,,,,,,,60.48127725353575,39253.20039820671
796117,3540,-377.4999999999997,230,0,1,False,0,pistol,,,,,,,60.38747921048383,39257.00926756859
796339,3541,-351.4999999999997,222,0,1,False,0,pistol,,,,,,,60.26173266297003,39260.69332957268
796566,3542,-338.79999999999984,227,0,1,False,0,pistol,,,,,,,60.36439436115369,39264.45393419266
796749,3543,-360.7999999999997,183,0,1,False,0,pistol,,,,,,,2.5104532313231522,39337.34928417206
796996,3544,-376.0999999999998,247,0,1,False,0,pistol,,,,,,,60.806801767447176,39341.41143202782
797209,3545,-344.0999999999998,213,0,1,False,0,pistol,,,,,,,60.15827314779432,39344.95220088959
797414,3546,-352.4999999999998,205,0,1,False,0,pistol,,,,,,,60.14724678946933,39348.36063218117
797595,3547,-356.9999999999997,181,0,1,False,0,pistol,,,,,,,59.71966358018573,39351.391592502594
797843,3548,-408.7999999999998,248,0,1,False,0,pistol,,,,,,,60.552927462744535,39355.487310409546
798051,3549,-425.09999999999945,208,0,1,False,0,pistol,,,,,,,60.15793817162779,39358.94501161575
798284,3550,-343.39999999999975,233,0,1,False,0,pistol,,,,,,,59.952217986999706,39362.83155584335
798443,3551,-304.59999999999997,159,0,1,False,0,pistol,,,,,,,59.544918669914686,39365.50193691254
798633,3552,-378.79999999999967,190,0,1,False,0,pistol,,,,,,,60.1199399643845,39368.662440776825
798837,3553,-367.89999999999975,204,0,1,False,0,pistol,,,,,,,2.812515061004755,39441.195506334305
799046,3554,-312.2999999999999,209,0,1,False,0,pistol,,,,,,,60.085854527600844,39444.67400932312
799251,3555,-313.1999999999999,205,0,1,False,0,pistol,,,,,,,59.832207514623306,39448.10039305687
799468,3556,-435.59999999999934,217,0,1,False,0,pistol,,,,,,,60.25085711263311,39451.70213794708
799655,3557,-326.1999999999999,187,0,1,False,0,pistol,,,,,,,59.95123306556102,39454.82147026062
799856,3558,-382.69999999999965,201,0,1,False,0,pistol,,,,,,,60.08420389749236,39458.16690301895
800064,3559,-342.3999999999998,208,0,1,False,0,pistol,,,,,,,60.21303557711089,39461.62144136429
800289,3560,-336.49999999999983,225,0,1,False,0,pistol,,,,,,,60.28396855866186,39465.35390615463
800503,3561,-353.89999999999986,214,0,1,False,0,pistol,,,,,,,60.0728851535592,39468.9163877964
800691,3562,-366.79999999999967,188,0,1,False,0,pistol,,,,,,,60.01093414353598,39472.04928421974
800901,3563,-412.4999999999995,210,0,1,False,0,pistol,,,,,,,2.8908911920955345,39544.691376924515
801121,3564,-363.09999999999974,220,0,1,False,0,pistol,,,,,,,60.251077585432924,39548.34285449982
801335,3565,-380.59999999999985,214,0,1,False,0,pistol,,,,,,,60.2012368073945,39551.897733688354
801530,3566,-338.09999999999985,195,0,1,False,0,pistol,,,,,,,60.00136892067354,39555.147814035416
801729,3567,-425.99999999999955,199,0,1,False,0,pistol,,,,,,,60.00062655619169,39558.46458053589
801892,3568,-321.39999999999986,163,0,1,False,0,pistol,,,,,,,59.57682676103383,39561.20070242882
802093,3569,-382.69999999999965,201,0,1,False,0,pistol,,,,,,,59.97239486772292,39564.552404642105
802316,3570,-376.7999999999997,223,0,1,False,0,pistol,,,,,,,60.24635562381784,39568.25399231911
802535,3571,-408.59999999999945,219,0,1,False,0,pistol,,,,,,,60.31316242189614,39571.88521027565
802733,3572,-363.7999999999997,198,0,1,False,0,pistol,,,,,,,60.11993492495905,39575.17873501778
802964,3573,-383.19999999999993,231,0,1,False,0,pistol,,,,,,,3.1658678947458467,39648.14463376999
803143,3574,-354.89999999999975,179,0,1,False,0,pistol,,,,,,,59.89075762109429,39651.133522987366
803324,3575,-361.9999999999998,181,0,1,False,0,pistol,,,,,,,59.80107485632426,39654.16034770012
803552,3576,-342.9999999999998,228,0,1,False,0,pistol,,,,,,,60.39712441114779,39657.93547415733
803782,3577,-354.69999999999976,230,0,1,False,0,pistol,,,,,,,60.345141283357584,39661.74701857567
803954,3578,-345.8999999999998,172,0,1,False,0,pistol,,,,,,,59.73051218508751,39664.62675881386
804169,3579,-407.6999999999996,215,0,1,False,0,pistol,,,,,,,60.1244178746551,39668.202798604965
804405,3580,-404.1999999999997,236,0,1,False,0,pistol,,,,,,,60.47261556702775,39672.105520009995
804625,3581,-346.4999999999998,220,0,1,False,0,pistol,,,,,,,60.26842022073567,39675.75598526001
804821,3582,-381.69999999999965,196,0,1,False,0,pistol,,,,,,,60.06962135800097,39679.0190281868
804999,3583,-351.7999999999997,178,0,1,False,0,pistol,,,,,,,2.473547998244709,39750.98057723045
805193,3584,-353.89999999999975,194,0,1,False,0,pistol,,,,,,,60.1054911436372,39754.20836186409
805398,3585,-313.7999999999999,205,0,1,False,0,pistol,,,,,,,60.1896076377307,39757.614438295364
805597,3586,-339.9999999999998,199,0,1,False,0,pistol,,,,,,,60.065398566864246,39760.9276535511
805801,3587,-367.9999999999998,204,0,1,False,0,pistol,,,,,,,60.19231391809439,39764.31693863869
805986,3588,-357.2999999999997,185,0,1,False,0,pistol,,,,,,,59.81768680234042,39767.40979576111
806209,3589,-349.39999999999975,223,0,1,False,0,pistol,,,,,,,60.32656523036655,39771.106486320496
806408,3590,-379.8999999999997,199,0,1,False,0,pistol,,,,,,,59.93269748174912,39774.42699432373
806621,3591,-400.7999999999996,213,0,1,False,0,pistol,,,,,,,60.242576866898546,39777.962822675705
806815,3592,-368.1999999999997,194,0,1,False,0,pistol,,,,,,,59.9189109580487,39781.2006623745
806999,3593,-355.89999999999975,184,0,1,False,0,pistol,,,,,,,2.5463675658750318,39853.46058058739
807208,3594,-425.29999999999944,209,0,1,False,0,pistol,,,,,,,60.18518765682925,39856.93331980705
807407,3595,-387.2999999999996,199,0,1,False,0,pistol,,,,,,,60.09485360192282,39860.244894981384
807590,3596,-343.0999999999998,183,0,1,False,0,pistol,,,,,,,59.86480632517977,39863.30194711685
807767,3597,-341.8999999999998,177,0,1,False,0,pistol,,,,,,,59.6922268911786,39866.26735377312
807961,3598,-350.2999999999998,194,0,1,False,0,pistol,,,,,,,59.87647253653006,39869.5074672699
808165,3599,-383.89999999999964,204,0,1,False,0,pistol,,,,,,,60.11899575384543,39872.9008743763
808385,3600,-389.39999999999964,220,0,1,False,0,pistol,,,,,,,60.17304724840815,39876.557119607925
808559,3601,-343.5999999999998,174,0,1,False,0,pistol,,,,,,,59.908088092546606,39879.46168899536
808764,3602,-320.4999999999999,205,0,1,False,0,pistol,,,,,,,60.27224393653385,39882.86303925514
808979,3603,-380.1999999999998,215,0,1,False,0,pistol,,,,,,,2.9217093720059597,39956.45022177696
809152,3604,-346.0999999999998,173,0,1,False,0,pistol,,,,,,,59.727431740803965,39959.34682440758
809337,3605,-348.49999999999983,185,0,1,False,0,pistol,,,,,,,59.84965588691457,39962.4380338192
809528,3606,-327.59999999999985,191,0,1,False,0,pistol,,,,,,,60.155850490746005,39965.613250255585
809736,3607,-360.6999999999997,208,0,1,False,0,pistol,,,,,,,60.11168782596964,39969.073568344116
809920,3608,-367.89999999999975,184,0,1,False,0,pistol,,,,,,,59.657649513831,39972.157950639725
810147,3609,-322.1999999999999,227,0,1,False,0,pistol,,,,,,,60.2450818456411,39975.92602109909
810319,3610,-340.8999999999998,172,0,1,False,0,pistol,,,,,,,59.730225351480634,39978.80574917793
810539,3611,-362.79999999999984,220,0,1,False,0,pistol,,,,,,,60.26522404958595,39982.45638990402
810753,3612,-333.29999999999984,214,0,1,False,0,pistol,,,,,,,60.306235020964856,39986.00508356094
810972,3613,-438.2999999999994,219,0,1,False,0,pistol,,,,,,,60.27724080038869,39989.638429403305
811158,3614,-366.9999999999997,186,0,1,False,0,pistol,,,,,,,2.578037806610242,40061.78647542
811365,3615,-387.1999999999997,207,0,1,False,0,pistol,,,,,,,60.168875450588665,40065.2269282341
811563,3616,-330.0999999999998,198,0,1,False,0,pistol,,,,,,,60.017210954154564,40068.52614617348
811775,3617,-352.2999999999997,212,0,1,False,0,pistol,,,,,,,60.27092103994928,40072.0437271595
811996,3618,-332.99999999999983,221,0,1,False,0,pistol,,,,,,,60.32997605327234,40075.70703792572
812180,3619,-343.2999999999998,184,0,1,False,0,pistol,,,,,,,59.94617216202289,40078.776572704315
812361,3620,-348.2999999999998,181,0,1,False,0,pistol,,,,,,,59.87495340809806,40081.79966330528
812559,3621,-403.09999999999957,198,0,1,False,0,pistol,,,,,,,59.95388716697677,40085.10232377052
812716,3622,-301.9,157,0,1,False,0,pistol,,,,,,,59.41525860796448,40087.74486088753
812899,3623,-358.3999999999998,183,0,1,False,0,pistol,,,,,,,59.86387252190951,40090.801943063736
813121,3624,-345.7999999999998,222,0,1,False,0,pistol,,,,,,,3.056799616536789,40163.42707037926
813332,3625,-378.9999999999997,211,0,1,False,0,pistol,,,,,,,60.26626741485976,40166.92830705643
813553,3626,-357.6999999999998,221,0,1,False,0,pistol,,,,,,,60.23269907374165,40170.59753012657
813785,3627,-359.19999999999976,232,0,1,False,0,pistol,,,,,,,60.37974916193404,40174.4399895668
813990,3628,-411.4999999999995,205,0,1,False,0,pistol,,,,,,,60.000831801618105,40177.85675692558
814199,3629,-348.2999999999997,209,0,1,False,0,pistol,,,,,,,60.25059162261958,40181.32572841644
814375,3630,-349.69999999999976,176,0,1,False,0,pistol,,,,,,,59.706293219875356,40184.273607730865
814605,3631,-344.79999999999984,230,0,1,False,0,pistol,,,,,,,60.433151165394115,40188.07959365845
814834,3632,-364.2999999999997,229,0,1,False,0,pistol,,,,,,,60.31758253310386,40191.87629723549
815009,3633,-345.4999999999998,175,0,1,False,0,pistol,,,,,,,59.77006702035626,40194.80431985855
815197,3634,-330.39999999999986,188,0,1,False,0,pistol,,,,,,,2.6064520601427104,40266.93317389488
815374,3635,-324.1999999999999,177,0,1,False,0,pistol,,,,,,,59.94350101200183,40269.886101961136
815569,3636,-391.1999999999996,195,0,1,False,0,pistol,,,,,,,59.9244717561837,40273.14032125473
815732,3637,-321.39999999999986,163,0,1,False,0,pistol,,,,,,,59.59185524913474,40275.8757083416
815960,3638,-393.6999999999997,228,0,1,False,0,pistol,,,,,,,60.37663604801587,40279.6521320343
816174,3639,-411.99999999999955,214,0,1,False,0,pistol,,,,,,,60.19415950085542,40283.2074072361
816397,3640,-400.2999999999997,223,0,1,False,0,pistol,,,,,,,60.25246427821644,40286.90862894058
816618,3641,-348.9999999999998,221,0,1,False,0,pistol,,,,,,,60.3919145796961,40290.56817626953
816839,3642,-346.69999999999976,221,0,1,False,0,pistol,,,,,,,60.285352123265156,40294.23423361778
817054,3643,-331.79999999999984,215,0,1,False,0,pistol,,,,,,,60.219441688151065,40297.80464863777
817259,3644,-366.7999999999997,205,0,1,False,0,pistol,,,,,,,2.833695116267532,40370.14848065376
817475,3645,-403.3999999999995,216,0,1,False,0,pistol,,,,,,,60.21356352610737,40373.735837221146
817699,3646,-442.9999999999993,224,0,1,False,0,pistol,,,,,,,60.22737452754455,40377.455218315125
817898,3647,-351.9999999999998,199,0,1,False,0,pistol,,,,,,,60.085301661270144,40380.767317295074
818094,3648,-366.2999999999997,196,0,1,False,0,pistol,,,,,,,60.08639310939078,40384.02941989899
818268,3649,-345.89999999999975,174,0,1,False,0,pistol,,,,,,,59.73813895619148,40386.942262887955
818477,3650,-367.1999999999997,209,0,1,False,0,pistol,,,,,,,60.129195836657516,40390.41822338104
818676,3651,-400.59999999999957,199,0,1,False,0,pistol,,,,,,,60.058656212236976,40393.731805086136
818862,3652,-348.69999999999976,186,0,1,False,0,pistol,,,,,,,59.9578774953835,40396.834136247635
819061,3653,-297.69999999999993,199,0,1,False,0,pistol,,,,,,,59.9113256689888,40400.155819654465
819275,3654,-353.89999999999975,214,0,1,False,0,pistol,,,,,,,2.9536368182653967,40472.60900807381
819437,3655,-288.0,162,0,1,False,0,pistol,,,,,,,59.549818794219085,40475.329540491104
819639,3656,-401.1999999999996,202,0,1,False,0,pistol,,,,,,,60.12640484582614,40478.68928551674
819851,3657,-381.49999999999966,212,0,1,False,0,pistol,,,,,,,60.150556796488885,40482.2139544487
820058,3658,-388.4999999999996,207,0,1,False,0,pistol,,,,,,,60.23163354076048,40485.65084242821
820280,3659,-402.8999999999997,222,0,1,False,0,pistol,,,,,,,60.29271889725576,40489.33300232887
820461,3660,-319.2999999999999,181,0,1,False,0,pistol,,,,,,,59.8302997823655,40492.3583548069
820672,3661,-325.2999999999999,211,0,1,False,0,pistol,,,,,,,60.18036630811787,40495.864610672
820879,3662,-403.8999999999995,207,0,1,False,0,pistol,,,,,,,60.07812791599727,40499.310249090195
821073,3663,-363.5999999999998,194,0,1,False,0,pistol,,,,,,,60.01300543033654,40502.54302287102
821269,3664,-393.6999999999996,196,0,1,False,0,pistol,,,,,,,2.6665346379678625,40576.04678606987
821465,3665,-297.09999999999997,196,0,1,False,0,pistol,,,,,,,60.10193509285426,40579.30804014206
821684,3666,-332.5999999999998,219,0,1,False,0,pistol,,,,,,,60.2544735647891,40582.942774534225
821893,3667,-453.99999999999943,209,0,1,False,0,pistol,,,,,,,60.198446421768004,40586.414764642715
822106,3668,-354.6999999999999,213,0,1,False,0,pistol,,,,,,,60.057946088622884,40589.96148085594
822295,3669,-361.9999999999997,189,0,1,False,0,pistol,,,,,,,59.88510106246639,40593.117666721344
822503,3670,-400.6999999999996,208,0,1,False,0,pistol,,,,,,,60.17037713146253,40596.574651002884
822698,3671,-421.7999999999996,195,0,1,False,0,pistol,,,,,,,60.07214922002868,40599.82088589668
822902,3672,-350.1999999999998,204,0,1,False,0,pistol,,,,,,,60.1264522008213,40603.21386408806
823126,3673,-403.1999999999997,224,0,1,False,0,pistol,,,,,,,60.28939295817416,40606.92941236496
823338,3674,-398.49999999999966,212,0,1,False,0,pistol,,,,,,,2.9204003411537394,40679.522320985794
823546,3675,-312.0999999999999,208,0,1,False,0,pistol,,,,,,,60.169389461023,40682.97937321663
823762,3676,-336.99999999999983,216,0,1,False,0,pistol,,,,,,,60.178138835083594,40686.56887936592
823963,3677,-391.6999999999996,201,0,1,False,0,pistol,,,,,,,59.96556963638772,40689.92093896866
824183,3678,-371.09999999999974,220,0,1,False,0,pistol,,,,,,,60.23093771678968,40693.573699235916
824346,3679,-321.39999999999986,163,0,1,False,0,pistol,,,,,,,59.514115147063954,40696.3126847744
824522,3680,-347.9999999999998,176,0,1,False,0,pistol,,,,,,,59.72035891879088,40699.259885787964
824708,3681,-371.6999999999997,186,0,1,False,0,pistol,,,,,,,59.944646021095636,40702.36290574074
824918,3682,-331.39999999999986,210,0,1,False,0,pistol,,,,,,,60.113572388389585,40705.85645341873
825126,3683,-343.3999999999998,208,0,1,False,0,pistol,,,,,,,60.00850119347699,40709.322766304016
825351,3684,-412.79999999999967,225,0,1,False,0,pistol,,,,,,,3.087191141045766,40782.20470285416
825531,3685,-342.49999999999983,180,0,1,False,0,pistol,,,,,,,59.765964478829275,40785.216554403305
825694,3686,-321.39999999999986,163,0,1,False,0,pistol,,,,,,,59.433492918800575,40787.95925116539
825871,3687,-357.1999999999998,177,0,1,False,0,pistol,,,,,,,59.77810419187308,40790.92034363747
826096,3688,-361.0999999999997,225,0,1,False,0,pistol,,,,,,,60.2485342437322,40794.65500855446
826326,3689,-349.09999999999974,230,0,1,False,0,pistol,,,,,,,60.24846082841094,40798.47267484665
826514,3690,-366.79999999999967,188,0,1,False,0,pistol,,,,,,,59.855693675274715,40801.61369276047
826719,3691,-401.79999999999956,205,0,1,False,0,pistol,,,,,,,60.08462543382048,40805.02566695213
826896,3692,-352.19999999999976,177,0,1,False,0,pistol,,,,,,,59.733522148274176,40807.988976955414
827118,3693,-350.89999999999975,222,0,1,False,0,pistol,,,,,,,60.26393627268524,40811.672892808914
827350,3694,-342.49999999999983,232,0,1,False,0,pistol,,,,,,,60.2906934295263,40815.521072387695
827574,3695,-432.2999999999994,224,0,1,False,0,pistol,,,,,,,3.0632657709220408,40888.64578008652
827752,3696,-359.6999999999998,178,0,1,False,0,pistol,,,,,,,59.68801534936327,40891.62807178497
827991,3697,-337.8999999999999,239,0,1,False,0,pistol,,,,,,,60.4360631426397,40895.58278107643
828158,3698,-321.5999999999999,167,0,1,False,0,pistol,,,,,,,59.517104495633184,40898.388818502426
828390,3699,-378.19999999999965,232,0,1,False,0,pistol,,,,,,,60.310539380006865,40902.23570275307
828589,3700,-363.9999999999997,199,0,1,False,0,pistol,,,,,,,60.029344574357815,40905.55090236664
828800,3701,-424.6999999999994,211,0,1,False,0,pistol,,,,,,,60.19176142411422,40909.05650258064
829014,3702,-368.1999999999997,214,0,1,False,0,pistol,,,,,,,60.16744384588551,40912.61335206032
829168,3703,-301.29999999999995,154,0,1,False,0,pistol,,,,,,,59.39029733452815,40915.20647716522
829366,3704,-398.09999999999957,198,0,1,False,0,pistol,,,,,,,60.016326143611266,40918.505700826645
829565,3705,-400.59999999999957,199,0,1,False,0,pistol,,,,,,,2.750605922962892,40990.85351443291
829763,3706,-395.79999999999956,198,0,1,False,0,pistol,,,,,,,60.006399837222226,40994.15328717232
829945,3707,-361.19999999999976,182,0,1,False,0,pistol,,,,,,,59.814708731314056,40997.19613623619
830113,3708,-330.39999999999986,168,0,1,False,0,pistol,,,,,,,59.681662934743876,41000.01123261452
830335,3709,-367.89999999999975,222,0,1,False,0,pistol,,,,,,,60.214290813787336,41003.69819378853
830547,3710,-364.89999999999975,212,0,1,False,0,pistol,,,,,,,59.968462201878275,41007.23351097107
830780,3711,-365.0999999999997,233,0,1,False,0,pistol,,,,,,,60.34943324113008,41011.094492673874
830983,3712,-393.39999999999964,203,0,1,False,0,pistol,,,,,,,60.110784262852924,41014.47174715996
831202,3713,-454.2999999999994,219,0,1,False,0,pistol,,,,,,,60.16671323834284,41018.11175584793
831386,3714,-362.1999999999998,184,0,1,False,0,pistol,,,,,,,59.7870413781841,41021.189497709274
831578,3715,-332.1999999999999,192,0,1,False,0,pistol,,,,,,,2.6588002195657037,41093.40263032913
831800,3716,-395.49999999999955,222,0,1,False,0,pistol,,,,,,,60.234982388844784,41097.088314294815
832005,3717,-313.7999999999999,205,0,1,False,0,pistol,,,,,,,60.044877634005104,41100.50254845619
832174,3718,-322.5999999999999,169,0,1,False,0,pistol,,,,,,,59.39382911550175,41103.34806418419
832389,3719,-407.7999999999995,215,0,1,False,0,pistol,,,,,,,60.22240961266209,41106.91829419136
832568,3720,-344.5999999999998,179,0,1,False,0,pistol,,,,,,,59.79253456238815,41109.91211128235
832799,3721,-370.39999999999964,231,0,1,False,0,pistol,,,,,,,60.22731872114851,41113.747717142105
833015,3722,-419.6999999999995,216,0,1,False,0,pistol,,,,,,,60.23818577254071,41117.33360290527
833229,3723,-335.9999999999998,214,0,1,False,0,pistol,,,,,,,60.159467239677134,41120.89092493057
833392,3724,-320.7999999999999,163,0,1,False,0,pistol,,,,,,,59.43379775689583,41123.63361120224
833607,3725,-350.0999999999998,215,0,1,False,0,pistol,,,,,,,2.917306273673574,41197.3318798542
833821,3726,-342.5999999999998,214,0,1,False,0,pistol,,,,,,,60.20881657864899,41200.88639354706
834044,3727,-373.9999999999998,223,0,1,False,0,pistol,,,,,,,60.124565801390325,41204.595495939255
834262,3728,-342.0999999999998,218,0,1,False,0,pistol,,,,,,,60.17921720140575,41208.218143463135
834465,3729,-335.0999999999998,203,0,1,False,0,pistol,,,,,,,59.92129783121233,41211.606048583984
834699,3730,-365.89999999999975,234,0,1,False,0,pistol,,,,,,,60.30241404513905,41215.486634254456
834898,3731,-400.59999999999957,199,0,1,False,0,pistol,,,,,,,59.830206141146604,41218.81285715103
835066,3732,-327.39999999999986,168,0,1,False,0,pistol,,,,,,,59.60752392825946,41221.6314470768
835301,3733,-350.4999999999998,235,0,1,False,0,pistol,,,,,,,58.83809643879787,41225.62559080124
835506,3734,-392.4999999999998,205,0,1,False,0,pistol,,,,,,,60.062221228130554,41229.038870334625
835719,3735,-331.3999999999998,213,0,1,False,0,pistol,,,,,,,2.935335454117815,41301.60311937332
835936,3736,-439.59999999999934,217,0,1,False,0,pistol,,,,,,,60.11857924569267,41305.212775468826
836168,3737,-356.89999999999975,232,0,1,False,0,pistol,,,,,,,60.38617147879136,41309.054847717285
836361,3738,-393.0999999999997,193,0,1,False,0,pistol,,,,,,,59.797321008373316,41312.282571315765
836560,3739,-378.29999999999967,199,0,1,False,0,pistol,,,,,,,59.84869625061943,41315.607811927795
836730,3740,-332.49999999999983,170,0,1,False,0,pistol,,,,,,,59.707339849713335,41318.4551692009
836952,3741,-405.1999999999995,222,0,1,False,0,pistol,,,,,,,60.30113332797114,41322.13683080673
837144,3742,-372.8999999999997,192,0,1,False,0,pistol,,,,,,,59.83167231730848,41325.34596824646
837351,3743,-317.59999999999985,207,0,1,False,0,pistol,,,,,,,60.19202665523217,41328.78509044647
837545,3744,-380.5999999999997,194,0,1,False,0,pistol,,,,,,,59.96560751829065,41332.02042579651
837777,3745,-383.19999999999965,232,0,1,False,0,pistol,,,,,,,3.186271822240053,41404.83297204971
837973,3746,-393.6999999999996,196,0,1,False,0,pistol,,,,,,,59.95814326030318,41408.102058172226
838212,3747,-441.8999999999995,239,0,1,False,0,pistol,,,,,,,60.33606179368631,41412.06334114075
838394,3748,-360.59999999999974,182,0,1,False,0,pistol,,,,,,,59.83688593698216,41415.1050825119
838631,3749,-336.1999999999999,237,0,1,False,0,pistol,,,,,,,60.32010815809626,41419.03423857689
838856,3750,-347.4999999999998,225,0,1,False,0,pistol,,,,,,,60.29322367084848,41422.766144275665
839075,3751,-343.9999999999998,219,0,1,False,0,pistol,,,,,,,59.40993535973971,41426.4525103569
839266,3752,-380.69999999999965,191,0,1,False,0,pistol,,,,,,,59.55820122518096,41429.65960025787
839475,3753,-420.29999999999944,209,0,1,False,0,pistol,,,,,,,60.10717941112198,41433.136858701706
839683,3754,-376.7999999999998,208,0,1,False,0,pistol,,,,,,,2.869478355737223,41505.624017715454
839878,3755,-327.79999999999984,195,0,1,False,0,pistol,,,,,,,59.858524473521314,41508.88183379173
840081,3756,-369.2999999999997,203,0,1,False,0,pistol,,,,,,,60.06941930020109,41512.261405706406
840303,3757,-360.89999999999975,222,0,1,False,0,pistol,,,,,,,60.27371600387094,41515.94471025467
840486,3758,-361.9999999999998,183,0,1,False,0,pistol,,,,,,,59.73820148201879,41519.00822329521
840681,3759,-337.7999999999999,195,0,1,False,0,pistol,,,,,,,59.91969088389699,41522.2627081871
840862,3760,-360.9999999999998,181,0,1,False,0,pistol,,,,,,,59.7398240247304,41525.29263877869
841067,3761,-334.09999999999997,205,0,1,False,0,pistol,,,,,,,59.96330227628123,41528.71158504486
841265,3762,-354.7999999999997,198,0,1,False,0,pistol,,,,,,,60.03645335987316,41532.009687423706
841500,3763,-403.7999999999996,235,0,1,False,0,pistol,,,,,,,60.34550053643904,41535.904046058655
841711,3764,-327.59999999999985,211,0,1,False,0,pistol,,,,,,,60.12353299121047,41539.41361236572
841944,3765,-418.5999999999997,233,0,1,False,0,pistol,,,,,,,3.1969165649655498,41612.29646706581
842170,3766,-352.8999999999998,226,0,1,False,0,pistol,,,,,,,60.15103895424007,41616.053805828094
842387,3767,-443.59999999999934,217,0,1,False,0,pistol,,,,,,,60.11930991502577,41619.663427591324
842612,3768,-344.49999999999983,225,0,1,False,0,pistol,,,,,,,60.30785739760789,41623.3944375515
842829,3769,-331.5999999999998,217,0,1,False,0,pistol,,,,,,,60.05706821880721,41627.00786066055
843062,3770,-414.99999999999966,233,0,1,False,0,pistol,,,,,,,60.3008382808483,41630.87195158005
843236,3771,-345.89999999999975,174,0,1,False,0,pistol,,,,,,,59.57664007029599,41633.792679309845
843455,3772,-314.2999999999999,219,0,1,False,0,pistol,,,,,,,60.20800797361408,41637.43019413948
843678,3773,-360.9999999999998,223,0,1,False,0,pistol,,,,,,,60.24958832155005,41641.1315908432
843850,3774,-341.49999999999983,172,0,1,False,0,pistol,,,,,,,2.403549623782931,41712.69252538681
844059,3775,-357.1999999999998,209,0,1,False,0,pistol,,,,,,,60.036321099736185,41716.17387700081
844231,3776,-333.4999999999999,172,0,1,False,0,pistol,,,,,,,59.60737312720041,41719.05959844589
844419,3777,-337.09999999999985,188,0,1,False,0,pistol,,,,,,,59.77661369095382,41722.20476412773
844642,3778,-367.39999999999975,223,0,1,False,0,pistol,,,,,,,60.229479823316176,41725.90739655495
844847,3779,-332.0999999999999,205,0,1,False,0,pistol,,,,,,,60.097610563250285,41729.31863117218
845079,3780,-391.8999999999997,232,0,1,False,0,pistol,,,,,,,58.588535335578946,41733.2785782814
845284,3781,-330.0999999999999,205,0,1,False,0,pistol,,,,,,,57.95630092007393,41736.81583786011
845496,3782,-356.8999999999998,212,0,1,False,0,pistol,,,,,,,60.243252014189125,41740.33499741554
845742,3783,-395.39999999999975,246,0,1,False,0,pistol,,,,,,,60.37658956129785,41744.40951514244
845973,3784,-370.99999999999966,231,0,1,False,0,pistol,,,,,,,3.1547495800148853,41817.63254880905
846190,3785,-412.79999999999967,217,0,1,False,0,pistol,,,,,,,60.11677250376389,41821.24231719971
846367,3786,-352.19999999999976,177,0,1,False,0,pistol,,,,,,,59.701472296047946,41824.20724105835
846550,3787,-375.3999999999998,183,0,1,False,0,pistol,,,,,,,59.82967804696297,41827.26604294777
846766,3788,-338.8999999999998,216,0,1,False,0,pistol,,,,,,,59.916290568026774,41830.87120270729
846938,3789,-340.8999999999998,172,0,1,False,0,pistol,,,,,,,59.46231457185494,41833.76393198967
847179,3790,-347.9999999999998,241,0,1,False,0,pistol,,,,,,,60.29854514892856,41837.76086258888
847383,3791,-316.29999999999995,204,0,1,False,0,pistol,,,,,,,60.10809957185068,41841.1548936367
847585,3792,-387.49999999999966,202,0,1,False,0,pistol,,,,,,,59.96548561885451,41844.523627996445
847748,3793,-326.39999999999986,163,0,1,False,0,pistol,,,,,,,59.53087958727719,41847.26181960106
847953,3794,-406.79999999999956,205,0,1,False,0,pistol,,,,,,,2.822080456137138,41919.90340232849
848170,3795,-388.99999999999983,217,0,1,False,0,pistol,,,,,,,59.962007274386984,41923.52248477936
848368,3796,-398.09999999999957,198,0,1,False,0,pistol,,,,,,,59.91476826204487,41926.82730841637
848573,3797,-351.69999999999993,205,0,1,False,0,pistol,,,,,,,60.03155482864421,41930.242314338684
848746,3798,-341.0999999999998,173,0,1,False,0,pistol,,,,,,,59.62622373665987,41933.14385294914
848959,3799,-404.6999999999997,213,0,1,False,0,pistol,,,,,,,60.14452349535479,41936.68545746803
849149,3800,-381.0999999999997,190,0,1,False,0,pistol,,,,,,,59.92819455316063,41939.85602378845
849361,3801,-390.49999999999966,212,0,1,False,0,pistol,,,,,,,60.182466232354756,41943.37876701355
849574,3802,-341.3999999999998,213,0,1,False,0,pistol,,,,,,,60.18168428761856,41946.918165683746
849794,3803,-412.1999999999995,220,0,1,False,0,pistol,,,,,,,60.196611834233984,41950.572981357574
850006,3804,-340.89999999999975,212,0,1,False,0,pistol,,,,,,,2.9193001632159388,42023.19324827194
850221,3805,-337.9999999999999,215,0,1,False,0,pistol,,,,,,,60.14068556519417,42026.76832795143
850423,3806,-382.89999999999964,202,0,1,False,0,pistol,,,,,,,59.99171324273829,42030.135605335236
850620,3807,-369.89999999999975,197,0,1,False,0,pistol,,,,,,,59.789536934540315,42033.43062329292
850826,3808,-360.69999999999976,206,0,1,False,0,pistol,,,,,,,59.8493286933985,42036.87273001671
851027,3809,-411.39999999999964,201,0,1,False,0,pistol,,,,,,,59.99722194724304,42040.22298312187
851215,3810,-370.9999999999998,188,0,1,False,0,pistol,,,,,,,59.849565083938856,42043.36432003975
851384,3811,-323.1999999999999,169,0,1,False,0,pistol,,,,,,,59.58331002130361,42046.20081114769
851610,3812,-408.9999999999997,226,0,1,False,0,pistol,,,,,,,60.161189970993036,42049.95752620697
851810,3813,-430.3999999999998,200,0,1,False,0,pistol,,,,,,,59.865267237867045,42053.29850125313
852024,3814,-365.8999999999998,214,0,1,False,0,pistol,,,,,,,2.938224233874596,42126.131741285324
852239,3815,-331.79999999999984,215,0,1,False,0,pistol,,,,,,,60.1415398922438,42129.70680260658
852437,3816,-346.0999999999998,198,0,1,False,0,pistol,,,,,,,59.93017356157355,42133.01077914238
852643,3817,-358.69999999999976,206,0,1,False,0,pistol,,,,,,,59.98299590003864,42136.44522047043
852847,3818,-409.5999999999995,204,0,1,False,0,pistol,,,,,,,59.900956111477754,42139.85097026825
853024,3819,-352.19999999999976,177,0,1,False,0,pistol,,,,,,,59.661122691029206,42142.81784129143
853232,3820,-349.89999999999986,208,0,1,False,0,pistol,,,,,,,60.11845223185168,42146.27782177925
853452,3821,-374.19999999999976,220,0,1,False,0,pistol,,,,,,,60.18033879672438,42149.93366765976
853686,3822,-386.2999999999996,234,0,1,False,0,pistol,,,,,,,60.25629558166892,42153.81721520424
853868,3823,-325.79999999999984,182,0,1,False,0,pistol,,,,,,,59.73300614495457,42156.86421751976
854072,3824,-348.49999999999983,204,0,1,False,0,pistol,,,,,,,2.8170814103022312,42229.27972126007
854283,3825,-392.6999999999996,211,0,1,False,0,pistol,,,,,,,60.17251012090144,42232.78641581535
854468,3826,-341.1999999999998,185,0,1,False,0,pistol,,,,,,,59.778037090681785,42235.88132238388
854690,3827,-377.4999999999997,222,0,1,False,0,pistol,,,,,,,60.26816843531131,42239.56498718262
854897,3828,-423.1999999999996,207,0,1,False,0,pistol,,,,,,,60.13699350678811,42243.00725340843
855098,3829,-394.6999999999996,201,0,1,False,0,pistol,,,,,,,60.02864268516558,42246.35578370094
855334,3830,-335.9999999999998,236,0,1,False,0,pistol,,,,,,,60.326022764995834,42250.26800942421
855534,3831,-420.7999999999996,200,0,1,False,0,pistol,,,,,,,59.92392327807821,42253.60570144653
855752,3832,-426.7999999999995,218,0,1,False,0,pistol,,,,,,,60.10964410035113,42257.23252749443
855928,3833,-349.69999999999976,176,0,1,False,0,pistol,,,,,,,59.50694388408505,42260.19026875496
856129,3834,-384.39999999999964,201,0,1,False,0,pistol,,,,,,,2.7514517952969855,42333.242742061615
856341,3835,-377.19999999999965,212,0,1,False,0,pistol,,,,,,,60.19725994530885,42336.76462268829
856545,3836,-380.29999999999967,204,0,1,False,0,pistol,,,,,,,58.39011599435942,42340.25847649574
856758,3837,-364.99999999999983,213,0,1,False,0,pistol,,,,,,,59.98533258311389,42343.809467077255
856995,3838,-372.19999999999965,237,0,1,False,0,pistol,,,,,,,60.329161423786346,42347.73804306984
857204,3839,-354.8999999999999,209,0,1,False,0,pistol,,,,,,,60.12918346335116,42351.21400022507
857425,3840,-356.6999999999999,221,0,1,False,0,pistol,,,,,,,60.102475322218666,42354.89122247696
857632,3841,-378.4999999999998,207,0,1,False,0,pistol,,,,,,,59.99317081071609,42358.34172153473
857827,3842,-390.49999999999966,195,0,1,False,0,pistol,,,,,,,59.77691567828942,42361.60397171974
858031,3843,-347.2999999999998,204,0,1,False,0,pistol,,,,,,,60.06377428031268,42365.00047206879
858243,3844,-323.1999999999999,212,0,1,False,0,pistol,,,,,,,2.9124478097251685,42437.79159927368
858433,3845,-396.0999999999997,190,0,1,False,0,pistol,,,,,,,59.920173881176034,42440.962595939636
858649,3846,-371.6999999999999,216,0,1,False,0,pistol,,,,,,,60.021156774945986,42444.56145262718
858884,3847,-371.0999999999997,235,0,1,False,0,pistol,,,,,,,60.29436325052735,42448.45912361145
859084,3848,-414.79999999999956,200,0,1,False,0,pistol,,,,,,,59.99506228077428,42451.79284763336
859304,3849,-397.79999999999956,220,0,1,False,0,pistol,,,,,,,60.20537818696477,42455.44713187218
859510,3850,-415.6999999999995,206,0,1,False,0,pistol,,,,,,,59.874802043303255,42458.8877491951
859673,3851,-321.3999999999999,163,0,1,False,0,pistol,,,,,,,59.27165328151219,42461.63793325424
859888,3852,-341.7999999999999,215,0,1,False,0,pistol,,,,,,,60.23343531929202,42465.207528829575
860098,3853,-351.99999999999983,210,0,1,False,0,pistol,,,,,,,60.066641766306184,42468.70377588272
860279,3854,-360.39999999999975,181,0,1,False,0,pistol,,,,,,,2.506984190798739,42540.90219473839
860501,3855,-363.89999999999975,222,0,1,False,0,pistol,,,,,,,60.12512005517017,42544.59464073181
860690,3856,-344.2999999999998,189,0,1,False,0,pistol,,,,,,,59.671674437605276,42547.76209640503
860915,3857,-382.8999999999997,225,0,1,False,0,pistol,,,,,,,60.206107958668674,42551.4993956089
861087,3858,-340.8999999999998,172,0,1,False,0,pistol,,,,,,,59.57179111417669,42554.38679623604
861305,3859,-334.0999999999998,218,0,1,False,0,pistol,,,,,,,60.03231230412612,42558.01830792427
861511,3860,-421.3999999999995,206,0,1,False,0,pistol,,,,,,,59.88167800479288,42561.4585621357
861719,3861,-373.79999999999967,208,0,1,False,0,pistol,,,,,,,59.930054796161684,42564.92940711975
861894,3862,-347.7999999999998,175,0,1,False,0,pistol,,,,,,,59.5652534506715,42567.86746883392
862083,3863,-364.59999999999974,189,0,1,False,0,pistol,,,,,,,59.77665111805875,42571.029351234436
862254,3864,-338.99999999999983,171,0,1,False,0,pistol,,,,,,,2.3762757329667896,42642.990805864334
862491,3865,-379.19999999999965,237,0,1,False,0,pistol,,,,,,,60.236181082658725,42646.925463438034
862706,3866,-331.79999999999984,215,0,1,False,0,pistol,,,,,,,59.9279701673098,42650.513217926025
862911,3867,-416.79999999999956,205,0,1,False,0,pistol,,,,,,,59.89120799745343,42653.936222076416
863093,3868,-361.7999999999997,182,0,1,False,0,pistol,,,,,,,59.75606299941157,42656.982058525085
863326,3869,-353.6999999999998,233,0,1,False,0,pistol,,,,,,,59.25909770376589,42660.91408276558
863556,3870,-368.49999999999966,230,0,1,False,0,pistol,,,,,,,60.23089771822597,42664.73284268379
863793,3871,-372.1999999999997,237,0,1,False,0,pistol,,,,,,,60.34733106420985,42668.660220623016
864023,3872,-427.69999999999976,230,0,1,False,0,pistol,,,,,,,60.316865996181875,42672.473539114
864265,3873,-357.1999999999997,242,0,1,False,0,pistol,,,,,,,3.299547662757376,42745.81707239151
864437,3874,-340.8999999999998,172,0,1,False,0,pistol,,,,,,,59.52581750395975,42748.70669221878
864656,3875,-441.9999999999993,219,0,1,False,0,pistol,,,,,,,59.97525883050042,42752.35830330849
864852,3876,-391.9999999999996,196,0,1,False,0,pistol,,,,,,,59.92674401533385,42755.62908959389
865061,3877,-321.99999999999983,209,0,1,False,0,pistol,,,,,,,59.90405587594925,42759.11812353134
865237,3878,-346.6999999999998,176,0,1,False,0,pistol,,,,,,,59.61366981118667,42762.07057762146
865443,3879,-364.2999999999998,206,0,1,False,0,pistol,,,,,,,59.77860072293901,42765.516741752625
865632,3880,-378.99999999999966,189,0,1,False,0,pistol,,,,,,,59.79444775159314,42768.677700042725
865843,3881,-357.1999999999999,211,0,1,False,0,pistol,,,,,,,59.94318214299019,42772.197837114334
866030,3882,-374.1999999999997,187,0,1,False,0,pistol,,,,,,,59.85807086077851,42775.322056770325
866206,3883,-347.9999999999998,176,0,1,False,0,pistol,,,,,,,59.54550253282999,42778.27790880203
866410,3884,-395.2999999999996,204,0,1,False,0,pistol,,,,,,,2.8053823360660815,42850.995448589325
866625,3885,-374.0999999999997,215,0,1,False,0,pistol,,,,,,,60.08241603206295,42854.57398581505
866852,3886,-354.19999999999976,227,0,1,False,0,pistol,,,,,,,60.14112423721895,42858.34859776497
867083,3887,-354.5999999999998,231,0,1,False,0,pistol,,,,,,,60.1457093106627,42862.18937921524
867246,3888,-326.39999999999986,163,0,1,False,0,pistol,,,,,,,59.416442466073555,42864.93283677101
867464,3889,-376.99999999999966,218,0,1,False,0,pistol,,,,,,,60.0226021930781,42868.5649266243
867669,3890,-358.7999999999998,205,0,1,False,0,pistol,,,,,,,59.940052441043214,42871.98515176773
867888,3891,-356.49999999999983,219,0,1,False,0,pistol,,,,,,,60.16123572030196,42875.625502347946
868118,3892,-401.3999999999998,230,0,1,False,0,pistol,,,,,,,60.20977837739224,42879.44558429718
868314,3893,-369.6999999999997,196,0,1,False,0,pistol,,,,,,,59.90384472170352,42882.717623233795
868501,3894,-367.1999999999997,187,0,1,False,0,pistol,,,,,,,2.5496756796043374,42956.060440540314
868711,3895,-394.7999999999997,210,0,1,False,0,pistol,,,,,,,59.947268684896194,42959.56364965439
868923,3896,-331.79999999999984,212,0,1,False,0,pistol,,,,,,,60.05380629011557,42963.09394454956
869142,3897,-334.8999999999998,219,0,1,False,0,pistol,,,,,,,60.04243034447217,42966.74152588844
869358,3898,-336.9999999999999,216,0,1,False,0,pistol,,,,,,,60.12630291291827,42970.3341050148
869557,3899,-401.7999999999996,199,0,1,False,0,pistol,,,,,,,59.842787611450646,42973.65962266922
869773,3900,-367.99999999999966,216,0,1,False,0,pistol,,,,,,,60.07844438569027,42977.25506091118
869986,3901,-408.3999999999995,213,0,1,False,0,pistol,,,,,,,59.966968141521996,42980.807132959366
870207,3902,-425.99999999999943,221,0,1,False,0,pistol,,,,,,,60.20299920886811,42984.478147506714
870387,3903,-343.0999999999998,180,0,1,False,0,pistol,,,,,,,59.668617065922355,42987.4949464798
870562,3904,-347.19999999999976,175,0,1,False,0,pistol,,,,,,,2.428810228076331,43059.546835422516
870767,3905,-329.79999999999984,205,0,1,False,0,pistol,,,,,,,59.88369154943193,43062.970257759094
870998,3906,-422.69999999999953,231,0,1,False,0,pistol,,,,,,,60.366009015983764,43066.797035217285
871205,3907,-395.8999999999996,207,0,1,False,0,pistol,,,,,,,60.02260976883487,43070.245876312256
871407,3908,-336.8999999999999,202,0,1,False,0,pistol,,,,,,,59.79325302976806,43073.62433028221
871625,3909,-338.6999999999998,218,0,1,False,0,pistol,,,,,,,60.10309702833678,43077.251574754715
871803,3910,-354.6999999999997,178,0,1,False,0,pistol,,,,,,,59.60655524626883,43080.23794412613
872004,3911,-398.99999999999966,201,0,1,False,0,pistol,,,,,,,59.964452152775166,43083.59007167816
872198,3912,-351.59999999999974,194,0,1,False,0,pistol,,,,,,,59.89179193270173,43086.829359292984
872381,3913,-343.0999999999998,183,0,1,False,0,pistol,,,,,,,59.6803219245307,43089.89582443237
872577,3914,-389.6999999999996,196,0,1,False,0,pistol,,,,,,,2.7020033222256026,43162.43473362923
872810,3915,-388.0999999999997,233,0,1,False,0,pistol,,,,,,,60.15608836795251,43166.30814051628
873024,3916,-349.8999999999998,214,0,1,False,0,pistol,,,,,,,60.00712104880435,43169.87453150749
873242,3917,-371.79999999999967,218,0,1,False,0,pistol,,,,,,,60.11093234641018,43173.501324892044
873413,3918,-339.59999999999985,171,0,1,False,0,pistol,,,,,,,59.43373469814939,43176.37863969803
873594,3919,-337.5999999999998,181,0,1,False,0,pistol,,,,,,,59.666770752437955,43179.41228866577
873828,3920,-338.29999999999984,234,0,1,False,0,pistol,,,,,,,60.25565929480653,43183.295874118805
874043,3921,-359.7999999999997,215,0,1,False,0,pistol,,,,,,,59.99765006109708,43186.87951254845
874221,3922,-344.3999999999998,178,0,1,False,0,pistol,,,,,,,59.475298929480466,43189.87252640724
874442,3923,-394.2999999999998,221,0,1,False,0,pistol,,,,,,,60.13441666920216,43193.547790288925
874657,3924,-403.7999999999995,215,0,1,False,0,pistol,,,,,,,2.95074015685062,43266.41101360321
874870,3925,-331.3999999999998,213,0,1,False,0,pistol,,,,,,,59.964621556815814,43269.96325492859
875095,3926,-369.79999999999967,225,0,1,False,0,pistol,,,,,,,60.20701059551273,43273.70050859451
875267,3927,-340.8999999999998,172,0,1,False,0,pistol,,,,,,,59.50959402300929,43276.590914011
875472,3928,-447.7999999999995,205,0,1,False,0,pistol,,,,,,,60.004964634481404,43280.00745177269
875686,3929,-357.2999999999997,214,0,1,False,0,pistol,,,,,,,59.60305466789886,43283.597996234894
875865,3930,-348.5999999999998,179,0,1,False,0,pistol,,,,,,,57.10862445634906,43286.7325091362
876073,3931,-398.3999999999996,208,0,1,False,0,pistol,,,,,,,59.89155396921529,43290.205568790436
876300,3932,-343.5999999999998,227,0,1,False,0,pistol,,,,,,,60.09081579766515,43293.98336815834
876476,3933,-325.19999999999993,176,0,1,False,0,pistol,,,,,,,59.70200527275142,43296.93146657944
