timestep,episode,episode_reward,episode_length,zombies_killed,wave,policy_loss,value_loss,entropy_loss,total_loss,clip_fraction,approx_kl,fps,elapsed_time
2353,1,177.72000000000895,2353,42,5,,,,,,,367.71687417471213,6.3989458084106445
3378,2,25.13999999999931,1025,16,3,,,,,,,893.3460171647315,7.555098295211792
5028,3,106.97999999999995,1650,25,2,,,,,,,324.186142181584,12.644909381866455
7741,4,245.9900000000159,2713,49,5,,,,,,,425.3405643660857,19.023518085479736
10080,5,171.30000000000825,2339,41,7,,,,,,,382.1111003524521,25.158186197280884
12592,6,200.99000000001178,2512,41,5,,,,,,,296.07057816073035,33.64280819892883
13615,7,40.2299999999992,1023,16,2,,,,,,,944.6996686881212,34.72586131095886
14603,8,26.549999999999557,988,14,2,,,,,,,252.175628839786,38.643943786621094
16033,9,84.08000000000007,1430,23,3,,,,,,,948.0332606827427,40.15257906913757
18075,10,129.76000000000565,2042,34,4,,,,,,,399.1346196020886,45.2688684463501
19264,11,62.76999999999885,1189,20,4,,,,,,,281.7930833090361,49.4885048866272
20518,12,49.769999999998774,1254,21,3,,,,,,,294.3275696583339,53.74929332733154
21443,13,29.869999999999443,925,13,2,,,,,,,917.9797367960288,54.757164478302
22337,14,26.419999999999696,894,14,2,,,,,,,911.233093121671,55.73842763900757
23587,15,49.10999999999876,1250,19,4,,,,,,,288.02361287334054,60.07853317260742
24281,16,4.5699999999998795,694,9,1,,,,,,,911.1256690208187,60.84045076370239
25142,17,22.19999999999986,861,12,1,,,,,,,224.35063971970828,64.6783504486084
26183,18,32.59999999999959,1041,13,1,,,,,,,929.5457076744935,65.79840660095215
26905,19,7.869999999999855,722,9,1,,,,,,,192.38157970051165,69.55154418945312
27262,20,-31.590000000000053,357,5,1,,,,,,,899.8310318241066,69.94850564002991
27921,21,-14.160000000000082,659,9,1,,,,,,,931.7945056734344,70.65596127510071
28893,22,34.97999999999938,972,12,3,,,,,,,248.80565247759714,74.5627954006195
29607,23,11.57999999999975,714,11,2,,,,,,,928.0575267216072,75.33238792419434
30230,24,-3.020000000000117,623,7,1,,,,,,,927.4582188822236,76.00431823730469
30638,25,-30.920000000000115,408,7,1,,,,,,,906.6867465474901,76.45450162887573
31438,26,16.159999999999563,800,11,3,,,,,,,210.19680028134462,80.26065301895142
31923,27,-17.740000000000098,485,7,1,,,,,,,909.96652215067,80.79393458366394
32499,28,-3.0200000000000387,576,8,1,,,,,,,929.5071077356356,81.41380906105042
33747,29,54.37999999999887,1248,20,3,,,,,,,294.34261773217986,85.65401816368103
34851,30,48.819999999999006,1104,17,2,,,,,,,270.0248142297501,89.74276328086853
35948,31,53.109999999998955,1097,17,2,,,,,,,940.7616684035733,90.90899014472961
37268,32,61.83999999999857,1320,21,5,,,,,,,306.09545168209047,95.2215507030487
38526,33,65.36999999999885,1258,21,4,,,,,,,909.3489318528734,96.60517454147339
39629,34,53.86999999999907,1103,17,2,,,,,,,269.95666646573994,100.69119191169739
40737,35,49.50999999999908,1108,16,3,,,,,,,923.2775312612434,101.89148283004761
42035,36,59.48999999999897,1298,19,2,,,,,,,299.59510476653463,106.22424173355103
43134,37,48.589999999999144,1099,15,2,,,,,,,267.4620751128167,110.33345484733582
43965,38,19.549999999999628,831,12,2,,,,,,,925.2610291082394,111.23179793357849
45708,39,102.71000000000059,1743,26,3,,,,,,,358.82968622123457,116.08945083618164
46694,40,21.28999999999943,986,14,2,,,,,,,917.5020807829193,117.16430854797363
47808,41,34.75999999999951,1114,18,2,,,,,,,263.15179875081515,121.3977689743042
49261,42,86.07000000000194,1453,24,3,,,,,,,329.84439099476305,125.80306935310364
50610,43,75.81999999999996,1349,19,2,,,,,,,929.1546583800953,127.25508213043213
51472,44,22.719999999999594,862,11,3,,,,,,,228.97907402266895,131.01976442337036
52459,45,36.539999999999694,987,14,3,,,,,,,868.4458554765685,132.15649271011353
53477,46,45.16999999999926,1018,17,3,,,,,,,254.53443915706197,136.15615153312683
54149,47,7.589999999999897,672,9,1,,,,,,,910.5224387872288,136.8943965435028
54864,48,-3.190000000000076,715,9,1,,,,,,,919.4935702877726,137.67221236228943
55564,49,5.299999999999805,700,10,3,,,,,,,188.1915327639966,141.39207005500793
56436,50,18.779999999999575,872,11,2,,,,,,,922.535395108392,142.33754301071167
57613,51,56.64999999999896,1177,19,2,,,,,,,284.0510446495686,146.48134660720825
58382,52,7.6199999999998695,769,11,4,,,,,,,922.2594377036927,147.31536626815796
59690,53,61.20999999999901,1308,21,3,,,,,,,302.42735888559827,151.6406707763672
61486,54,93.1299999999996,1796,32,6,,,,,,,364.66422868803085,156.56598806381226
63213,55,90.97000000000199,1727,27,2,,,,,,,930.3470450066479,158.42249369621277
64580,56,82.00000000000037,1367,21,3,,,,,,,309.5735662292624,162.83849048614502
66529,57,149.27000000000572,1949,36,5,,,,,,,389.9083372059297,167.83737468719482
69777,58,264.7300000000243,3248,59,5,,,,,,,348.29578914664756,177.1629819869995
72550,59,212.80000000001291,2773,51,6,,,,,,,457.8957391990639,183.232524394989
74449,60,123.88000000000348,1899,34,5,,,,,,,388.97453381072387,188.11480021476746
77269,61,233.2600000000167,2820,48,4,,,,,,,486.57915106709004,193.91062021255493
78442,62,55.939999999998825,1173,17,2,,,,,,,292.96140782909447,197.91481852531433
80060,63,99.04000000000084,1618,25,3,,,,,,,346.2535440765115,202.58791327476501
80976,64,23.93999999999984,916,13,2,,,,,,,933.2691225699851,203.56959986686707
82061,65,47.09999999999965,1085,16,1,,,,,,,266.11297694496756,207.64706158638
82735,66,7.8899999999997235,674,11,2,,,,,,,935.4330171722332,208.36778211593628
84128,67,80.41000000000076,1393,21,4,,,,,,,311.4989615662487,212.83988738059998
85381,68,65.71999999999899,1253,19,2,,,,,,,925.0744944134294,214.19457006454468
86679,69,70.35999999999919,1298,17,2,,,,,,,300.21003383631313,218.51837468147278
87754,70,45.90999999999916,1075,15,2,,,,,,,928.7161142724848,219.67605996131897
89298,71,106.83000000000297,1544,26,6,,,,,,,333.28729155408706,224.30888843536377
90798,72,92.51000000000235,1500,24,5,,,,,,,330.35182360837763,228.84977054595947
91581,73,14.709999999999837,783,12,2,,,,,,,911.4807911671174,229.709059715271
93037,74,81.79999999999954,1456,23,2,,,,,,,322.13930693994257,234.229070186615
94007,75,29.779999999999376,970,16,2,,,,,,,931.2683502313936,235.27101826667786
95314,76,56.11999999999894,1307,21,3,,,,,,,296.09510077442843,239.68534564971924
96026,77,-3.5500000000000327,712,11,3,,,,,,,923.4321392768375,240.45676159858704
96708,78,3.32999999999992,682,10,4,,,,,,,187.1350879124596,244.10141324996948
97593,79,15.269999999999783,885,13,2,,,,,,,916.4020847389966,245.06733465194702
97943,80,-27.17000000000008,350,5,1,,,,,,,923.782836466609,245.44635462760925
98892,81,37.399999999999686,949,16,1,,,,,,,238.04875915626897,249.43313598632812
99718,82,13.859999999999594,826,13,4,,,,,,,938.6286124857695,250.3133590221405
101270,83,82.30999999999992,1552,22,5,,,,,,,338.6895235986307,254.89592742919922
102107,84,20.249999999999552,837,12,2,,,,,,,945.7634864206365,255.78114867210388
103030,85,29.119999999999415,923,14,3,,,,,,,237.77137176474375,259.6632421016693
104294,86,51.509999999999046,1264,17,2,,,,,,,912.4627605542656,261.04871916770935
104916,87,-8.040000000000049,622,10,3,,,,,,,172.99286207867647,264.64443731307983
105599,88,3.3299999999998917,683,9,1,,,,,,,906.6799275848535,265.3979547023773
106133,89,-12.760000000000034,534,5,1,,,,,,,913.8808325863048,265.98246455192566
107299,90,55.779999999999134,1166,16,2,,,,,,,274.84061705181733,270.2250998020172
108112,91,7.5699999999998795,813,13,4,,,,,,,929.5194755172986,271.10000228881836
109323,92,50.439999999998896,1211,18,2,,,,,,,284.9466913228039,275.3500905036926
109912,93,-1.3400000000001029,589,8,1,,,,,,,924.55945605279,275.98730516433716
110509,94,-15.860000000000065,597,8,1,,,,,,,921.0123222204935,276.635675907135
111169,95,0.5400000000000063,660,10,2,,,,,,,181.28834909066714,280.2765898704529
111911,96,4.8599999999998005,742,11,2,,,,,,,928.0656718945977,281.07637786865234
112715,97,16.6199999999996,804,12,2,,,,,,,208.215491664855,284.9379680156708
113439,98,7.470000000000006,724,11,2,,,,,,,957.109874191397,285.69460678100586
114132,99,4.259999999999948,693,9,1,,,,,,,958.4511636004875,286.41791558265686
114569,100,-23.160000000000032,437,5,1,,,,,,,953.8725037690986,286.8762514591217
115554,101,35.76999999999923,985,15,3,,,,,,,242.91174039175013,290.93146085739136
116530,102,24.92999999999934,976,14,2,,,,,,,942.7075731117308,291.9669690132141
117380,103,21.449999999999562,850,14,2,,,,,,,218.18557471260146,295.8628854751587
118345,104,33.65999999999916,965,14,1,,,,,,,908.0902099094491,296.92579674720764
119676,105,78.12999999999961,1331,19,2,,,,,,,303.0243233392164,301.31850600242615
120890,106,60.54999999999866,1214,21,4,,,,,,,283.2913239684113,305.6040897369385
122053,107,70.74999999999898,1163,19,3,,,,,,,944.7461261922202,306.8352777957916
123740,108,97.20000000000402,1687,26,2,,,,,,,358.944141801128,311.53533911705017
125568,109,126.92000000000516,1828,30,4,,,,,,,371.6335481439305,316.45432114601135
126957,110,69.99999999999866,1389,23,4,,,,,,,934.4979529193917,317.94092178344727
127928,111,35.1799999999993,971,14,2,,,,,,,244.93461578917962,321.90545296669006
129342,112,77.62999999999853,1414,24,3,,,,,,,323.25896147286824,326.27982354164124
130208,113,23.16999999999951,866,13,2,,,,,,,927.4862921126823,327.21376848220825
131493,114,68.87000000000018,1285,18,2,,,,,,,299.2090276546035,331.50859904289246
132556,115,44.68999999999909,1063,16,2,,,,,,,911.5751704036406,332.67488408088684
133577,116,40.28999999999922,1021,17,2,,,,,,,250.7271214912112,336.7472198009491
134271,117,4.5999999999999375,694,11,2,,,,,,,928.7403869838057,337.49470686912537
136025,118,119.27000000000398,1754,29,4,,,,,,,364.2810343849215,342.30991792678833
136827,119,16.4999999999997,802,11,5,,,,,,,939.3071699192222,343.16393303871155
137857,120,35.73999999999948,1030,15,3,,,,,,,253.24510827008555,347.2313311100006
139019,121,50.13999999999889,1162,19,1,,,,,,,928.1752193136147,348.4834854602814
141506,122,187.5600000000107,2487,45,4,,,,,,,296.89704854068174,356.8603298664093
143070,123,98.94000000000257,1564,28,4,,,,,,,927.6267304024651,358.54654932022095
144332,124,66.13999999999876,1262,20,5,,,,,,,291.767488964624,362.87219643592834
146365,125,134.24000000000603,2033,32,3,,,,,,,398.1434350494737,367.9786157608032
147758,126,70.64999999999961,1393,24,3,,,,,,,314.2163178655085,372.4121389389038
149288,127,100.260000000002,1530,22,3,,,,,,,943.8141693789516,374.0334270000458
150705,128,83.12000000000093,1417,22,2,,,,,,,319.1921318631508,378.4729211330414
152285,129,100.31000000000137,1580,25,5,,,,,,,349.7547768942516,382.9905230998993
153712,130,89.4500000000018,1427,21,2,,,,,,,325.3006901713868,387.3774492740631
155353,131,107.33999999999949,1641,28,4,,,,,,,939.0558247400317,389.12513542175293
156339,132,36.38999999999916,986,14,1,,,,,,,250.64187955239436,393.05921030044556
157053,133,7.1699999999997175,714,12,2,,,,,,,923.1586294357564,393.83280634880066
158343,134,64.02999999999966,1290,19,1,,,,,,,301.8853486140697,398.1060903072357
160286,135,140.26000000000636,1943,30,9,,,,,,,393.4035082502412,403.04520988464355
161218,136,25.669999999999447,932,14,2,,,,,,,946.2000940126709,404.0304625034332
162310,137,22.76999999999915,1092,17,3,,,,,,,262.52749870360645,408.1902174949646
163255,138,26.669999999999355,945,13,2,,,,,,,929.1543480487867,409.2075057029724
164206,139,32.28999999999934,951,13,3,,,,,,,241.17080942933006,413.150997877121
165375,140,56.11999999999898,1169,16,1,,,,,,,934.8246708045876,414.4017970561981
166585,141,65.18999999999875,1210,19,2,,,,,,,283.66384396863833,418.66757249832153
167481,142,26.98999999999957,896,13,3,,,,,,,877.8478246143338,419.6885530948639
168370,143,30.88999999999936,889,12,3,,,,,,,230.26536029228046,423.5495321750641
169590,144,66.94999999999905,1220,16,2,,,,,,,902.1059707468119,424.902223110199
170401,145,17.619999999999692,811,10,8,,,,,,,217.95600641518115,428.623339176178
170771,146,-35.41000000000007,370,5,1,,,,,,,927.1389627870103,429.02260088920593
172080,147,66.50000000000004,1309,18,2,,,,,,,307.2007104676477,433.28386783599854
172530,148,-21.840000000000032,450,5,1,,,,,,,927.3629631012645,433.76934909820557
173455,149,29.839999999999627,925,11,2,,,,,,,942.9440899922639,434.7505669593811
174130,150,2.819999999999851,675,9,1,,,,,,,189.14711819329844,438.3194468021393
174930,151,25.889999999999674,800,13,1,,,,,,,945.6611722225964,439.1656184196472
175570,152,-0.5700000000001353,640,7,1,,,,,,,913.7077406420298,439.86628437042236
176286,153,-2.5800000000001333,716,9,1,,,,,,,190.37454239535228,443.62750124931335
177615,154,73.58999999999875,1329,20,7,,,,,,,920.4512924838692,445.07155179977417
178241,155,2.3999999999999133,626,9,1,,,,,,,173.20579741044355,448.68595123291016
179548,156,61.51999999999887,1307,21,4,,,,,,,933.6306706135393,450.0861189365387
180409,157,12.659999999999847,861,13,2,,,,,,,228.52722399497546,453.8539161682129
181591,158,57.54999999999879,1182,20,1,,,,,,,915.1053324059841,455.1457543373108
182554,159,24.079999999999735,963,13,1,,,,,,,237.9610254597513,459.1928608417511
183389,160,24.89999999999951,835,12,3,,,,,,,943.7723419581077,460.07780146598816
184729,161,68.99000000000007,1340,19,2,,,,,,,311.706928121032,464.3768858909607
187497,162,228.8300000000169,2768,51,7,,,,,,,473.46902032675297,470.2232837677002
190342,163,221.7700000000149,2845,53,5,,,,,,,475.37915077012707,476.2081696987152
192134,164,112.87000000000275,1792,30,4,,,,,,,362.4821834641374,481.1520698070526
193117,165,35.829999999999195,983,14,2,,,,,,,243.55856728754497,485.1882655620575
194666,166,81.99999999999905,1549,25,3,,,,,,,332.53226889872,489.84662413597107
196055,167,85.26000000000172,1389,21,3,,,,,,,930.7601283214683,491.3392298221588
197255,168,54.279999999998765,1200,17,2,,,,,,,284.23777244396837,495.56121253967285
198541,169,58.919999999998765,1286,21,4,,,,,,,944.8967288367305,496.9224181175232
199561,170,29.459999999999233,1020,15,1,,,,,,,252.64881656296302,500.95987939834595
200427,171,18.20999999999954,866,12,2,,,,,,,920.6259958351836,501.9007797241211
201906,172,64.61999999999865,1479,22,2,,,,,,,327.2516611249675,506.4205801486969
203103,173,48.979999999998775,1197,18,2,,,,,,,280.3479691143717,510.6905608177185
204130,174,40.989999999999284,1027,16,2,,,,,,,946.7929880768116,511.77551436424255
205100,175,34.84999999999934,970,14,3,,,,,,,251.0955374891007,515.638769865036
206813,176,104.92000000000073,1713,27,3,,,,,,,920.6614340515846,517.4995923042297
207480,177,1.939999999999877,667,10,4,,,,,,,185.0303361438633,521.104653596878
208651,178,51.7699999999993,1171,16,2,,,,,,,927.1456516822924,522.367906332016
209610,179,24.139999999999638,959,12,3,,,,,,,237.8235224384101,526.4004867076874
210541,180,25.129999999999647,931,11,2,,,,,,,929.52846407855,527.4022872447968
211668,181,46.56999999999903,1127,15,2,,,,,,,268.5708443022464,531.5987596511841
212577,182,27.599999999999454,909,11,2,,,,,,,921.9822129039512,532.5849387645721
213670,183,32.93999999999934,1093,16,2,,,,,,,266.90211628413624,536.6802682876587
215103,184,74.66000000000031,1433,20,3,,,,,,,315.8199637805574,541.2178506851196
216245,185,48.28999999999894,1142,16,3,,,,,,,904.4715802767253,542.4806447029114
217394,186,43.749999999999076,1149,17,2,,,,,,,273.40199332909515,546.6834712028503
218507,187,50.249999999999176,1113,14,2,,,,,,,930.0327549309109,547.8803730010986
219804,188,69.62999999999911,1297,19,1,,,,,,,301.23076788477505,552.1861917972565
220588,189,-5.700000000000237,784,10,2,,,,,,,939.0741453309372,553.0212969779968
221430,190,25.699999999999406,842,12,2,,,,,,,220.90680578100125,556.8330647945404
223159,191,105.6700000000027,1729,29,4,,,,,,,921.3709837606646,558.709813117981
224361,192,44.39999999999897,1202,17,2,,,,,,,290.4351669911068,562.8486149311066
225069,193,5.689999999999941,708,7,1,,,,,,,935.5890823211536,563.6055972576141
227191,194,153.35000000000792,2122,36,4,,,,,,,407.9894491222278,568.8069224357605
228846,195,112.91000000000354,1655,25,3,,,,,,,350.4738185460925,573.5292932987213
230195,196,79.14999999999942,1349,21,4,,,,,,,305.42419630092354,577.9462990760803
232495,197,152.36000000000803,2300,42,7,,,,,,,427.89898604135186,583.3215939998627
234198,198,102.72999999999848,1703,28,4,,,,,,,359.08539329401253,588.0644583702087
235891,199,102.05000000000263,1693,26,4,,,,,,,358.8778316510548,592.7821817398071
237095,200,44.50999999999968,1204,21,4,,,,,,,951.4263959610827,594.0478975772858
237879,201,14.47999999999989,784,12,2,,,,,,,210.12749480262102,597.7792015075684
238655,202,4.039999999999786,776,11,3,,,,,,,945.8058459112707,598.5998392105103
239318,203,1.2299999999999613,663,10,3,,,,,,,904.6635427063421,599.3329021930695
239885,204,-8.690000000000115,567,8,1,,,,,,,158.6066852663811,602.907927274704
241963,205,148.18000000000677,2078,37,5,,,,,,,397.80114031811536,608.1318097114563
244128,206,143.30000000000825,2165,39,5,,,,,,,412.52531687835807,613.3801901340485
246488,207,183.98000000000906,2360,46,5,,,,,,,435.2994441295515,618.8019909858704
248879,208,177.5800000000072,2391,40,7,,,,,,,438.3316991839277,624.257034778595
250933,209,136.04000000000627,2054,37,5,,,,,,,403.7625457730866,629.3443703651428
252791,210,120.19000000000538,1858,32,5,,,,,,,387.9082993331506,634.1343700885773
254481,211,111.69000000000361,1690,27,2,,,,,,,353.56770357265617,638.9144124984741
256282,212,123.8500000000041,1801,35,6,,,,,,,367.9355428827715,643.8095090389252
258033,213,119.40000000000495,1751,26,2,,,,,,,951.9036844173606,645.6492125988007
259532,214,96.67000000000198,1499,27,6,,,,,,,329.847581610139,650.1939671039581
261371,215,122.360000000005,1839,33,5,,,,,,,380.9609093681664,655.0214691162109
262972,216,101.86000000000116,1601,25,2,,,,,,,338.83518210317794,659.7466468811035
264080,217,54.59999999999902,1108,17,2,,,,,,,938.809624594435,660.9271011352539
266017,218,128.56000000000415,1937,29,2,,,,,,,392.94573569624094,665.8567140102386
266890,219,23.709999999999532,873,13,2,,,,,,,231.1631411436884,669.6335003376007
268423,220,80.13999999999916,1533,22,3,,,,,,,334.2520357822329,674.2200846672058
270217,221,113.12000000000316,1794,28,2,,,,,,,936.7555103896012,676.1353797912598
271302,222,46.8499999999993,1085,15,1,,,,,,,265.74302700589766,680.2184071540833
272400,223,38.199999999999115,1098,16,2,,,,,,,265.2694625485499,684.3578083515167
274003,224,103.06000000000083,1603,25,2,,,,,,,938.0167154267378,686.0669937133789
275703,225,118.44000000000378,1700,26,4,,,,,,,361.2275842405586,690.7733578681946
277217,226,73.72999999999931,1514,24,5,,,,,,,330.4245466050627,695.3555932044983
278602,227,79.27000000000055,1385,20,5,,,,,,,311.2847842308254,699.8052077293396
280599,228,149.57000000000647,1997,35,5,,,,,,,397.3923759722942,704.8306565284729
282153,229,87.05000000000223,1554,23,2,,,,,,,929.9856271995126,706.5019931793213
283433,230,63.6799999999989,1280,21,5,,,,,,,293.7644431978493,710.8594076633453
284556,231,51.31999999999902,1123,15,2,,,,,,,950.202538121448,712.0415034294128
286466,232,134.81000000000387,1910,32,7,,,,,,,381.5872896716913,717.0471367835999
288208,233,111.99000000000315,1742,29,5,,,,,,,357.8543838459828,721.915269613266
290102,234,133.78000000000372,1894,31,4,,,,,,,380.4818728723053,726.8933577537537
291291,235,48.009999999998804,1189,19,4,,,,,,,282.1043827986626,731.1083264350891
293092,236,107.94000000000332,1801,29,4,,,,,,,381.72426620849967,735.8265793323517
294705,237,92.78000000000185,1613,25,4,,,,,,,934.2076678516273,737.5534813404083
296643,238,128.53000000000424,1938,32,6,,,,,,,389.23705284763656,742.5326495170593
298948,239,177.75000000000944,2305,38,4,,,,,,,425.8178525244624,747.9459969997406
300840,240,133.96000000000424,1892,31,5,,,,,,,382.2234520058003,752.896181344986
301644,241,16.46999999999968,804,12,2,,,,,,,209.81954868973082,756.7283270359039
304221,242,201.79000000000963,2577,47,5,,,,,,,443.3335261645301,762.5413959026337
306085,243,129.750000000003,1864,33,4,,,,,,,376.50274472660465,767.4924404621124
308164,244,153.59000000000654,2079,33,5,,,,,,,411.44129457040674,772.5456018447876
309317,245,53.559999999998915,1153,19,3,,,,,,,278.0263454062032,776.6929852962494
311686,246,184.1400000000088,2369,41,6,,,,,,,424.829773013811,782.2695529460907
312353,247,6.759999999999934,667,8,1,,,,,,,936.2176056114142,782.9822843074799
313724,248,88.00000000000188,1371,22,3,,,,,,,318.86146931915505,787.2821917533875
315075,249,65.6900000000001,1351,20,2,,,,,,,941.2215329515298,788.7177946567535
317073,250,149.3800000000053,1998,33,7,,,,,,,401.558071228116,793.6936571598053
318059,251,20.64999999999977,986,15,2,,,,,,,249.3110397732729,797.6487760543823
319039,252,25.41999999999917,980,15,3,,,,,,,922.5233093000421,798.7112843990326
320958,253,121.40000000000524,1919,30,2,,,,,,,382.364096241023,803.7302629947662
322309,254,80.07999999999831,1351,21,4,,,,,,,304.9191849944478,808.161194562912
324501,255,171.48000000000906,2192,37,5,,,,,,,416.2452503276253,813.4275217056274
325963,256,87.26999999999896,1462,22,6,,,,,,,327.91180709730304,817.8863019943237
326795,257,14.519999999999712,832,13,1,,,,,,,927.8377652305143,818.7832489013672
328819,258,123.58000000000469,2024,33,5,,,,,,,411.10334335126606,823.706748008728
329929,259,44.709999999999255,1110,17,2,,,,,,,280.27128720917807,827.667403459549
330703,260,12.970000000000006,774,12,2,,,,,,,925.6947993400586,828.5037460327148
331486,261,13.879999999999953,783,12,2,,,,,,,908.9402059641537,829.3653931617737
332400,262,32.88999999999936,914,15,2,,,,,,,230.4651721154249,833.3314518928528
333677,263,57.78999999999886,1277,18,2,,,,,,,924.4525057319538,834.713063955307
334731,264,43.45999999999908,1054,14,2,,,,,,,260.6970263838012,838.7562627792358
335692,265,23.069999999999396,961,14,3,,,,,,,880.1621093182767,839.8483519554138
336312,266,1.3599999999999355,620,9,1,,,,,,,175.50470480466234,843.3812024593353
337597,267,68.43999999999967,1285,19,2,,,,,,,917.0719814845978,844.7825965881348
338646,268,43.48999999999935,1049,15,2,,,,,,,256.26555759838396,848.8762311935425
339963,269,81.9800000000007,1317,21,5,,,,,,,933.6116813803916,850.2870824337006
341540,270,90.07999999999885,1577,25,3,,,,,,,345.51600389310425,854.8514814376831
342594,271,33.289999999999225,1054,15,1,,,,,,,261.454055243924,858.8829324245453
344095,272,102.29000000000242,1501,22,4,,,,,,,326.89970662548694,863.4747846126556
344789,273,4.669999999999945,694,10,2,,,,,,,928.8263293827687,864.2221925258636
345574,274,19.569999999999702,785,11,2,,,,,,,930.99016340043,865.0655741691589
346159,275,-22.33000000000004,585,8,1,,,,,,,162.9678564487884,868.6554329395294
347190,276,40.81999999999912,1031,15,2,,,,,,,915.4125520146337,869.781970500946
348068,277,24.37999999999942,878,12,2,,,,,,,935.7064138315673,870.7204797267914
348956,278,25.4499999999995,888,13,2,,,,,,,224.22928647727508,874.6808850765228
350052,279,43.0499999999993,1096,16,2,,,,,,,940.5658310141223,875.8463580608368
351663,280,108.21000000000252,1611,28,5,,,,,,,341.04077101087927,880.5702724456787
352645,281,20.47999999999943,982,14,2,,,,,,,250.78371479334183,884.4862418174744
354499,282,129.69000000000523,1854,31,4,,,,,,,376.59072672942244,889.4095847606659
356238,283,101.16,1739,29,4,,,,,,,922.8780464968213,891.2941553592682
358263,284,143.43000000000632,2025,35,4,,,,,,,390.73548092194716,896.4769022464752
359617,285,76.04999999999998,1354,24,3,,,,,,,302.36436425532276,900.9551155567169
361880,286,149.34000000000827,2263,42,6,,,,,,,413.3242150725902,906.4304254055023
364345,287,191.24000000001132,2465,47,7,,,,,,,438.0520550586017,912.0578379631042
366573,288,170.40000000000836,2228,39,4,,,,,,,419.16424575472655,917.3733808994293
369489,289,261.2200000000211,2916,56,5,,,,,,,328.25261810424666,926.2569789886475
371829,290,182.74000000001,2340,42,6,,,,,,,426.0788691232032,931.749115228653
373985,291,157.62000000000904,2156,32,4,,,,,,,410.68000158587563,936.9991834163666
376237,292,177.41000000000844,2252,39,4,,,,,,,422.06027406025567,942.3351056575775
378769,293,203.00000000001154,2532,45,7,,,,,,,444.30143631408765,948.0341613292694
380307,294,90.77999999999824,1538,24,2,,,,,,,330.7479160850491,952.6844515800476
381297,295,26.70999999999956,990,14,3,,,,,,,250.41608515722555,956.6380808353424
382418,296,55.729999999998846,1121,17,4,,,,,,,925.302365380127,957.8497886657715
384507,297,160.43000000000742,2089,33,5,,,,,,,406.73803166093506,962.9859547615051
384977,298,-19.68,470,7,1,,,,,,,899.1464661714493,963.5088770389557
386735,299,99.83000000000197,1758,30,5,,,,,,,363.82455587378695,968.3411245346069
389313,300,203.82000000001506,2578,47,5,,,,,,,297.5299214028399,977.0060794353485
390688,301,68.13999999999835,1375,22,4,,,,,,,912.5691784664,978.5130512714386
392579,302,133.27000000000533,1891,31,7,,,,,,,384.6505831183461,983.4294188022614
394177,303,117.13000000000288,1598,28,4,,,,,,,351.27220546818194,987.9788751602173
395889,304,104.57000000000357,1712,27,3,,,,,,,359.6518507826029,992.739265203476
398692,305,217.56000000001768,2803,54,8,,,,,,,474.1103424641431,998.6515991687775
401402,306,227.11000000001613,2710,47,5,,,,,,,459.0740347181043,1004.5550181865692
403097,307,102.17000000000128,1695,31,7,,,,,,,358.0016111052558,1009.289870262146
404346,308,64.35999999999859,1249,20,3,,,,,,,286.53563247989564,1013.6490828990936
406559,309,128.00000000000566,2213,40,5,,,,,,,425.2590431052193,1018.8531813621521
408493,310,123.29000000000117,1934,36,5,,,,,,,385.08346384206374,1023.8757092952728
409111,311,1.6499999999998707,618,9,1,,,,,,,948.9236608581051,1024.5271847248077
411554,312,168.51000000000795,2443,40,6,,,,,,,448.0218603968668,1029.9802186489105
414065,313,194.86000000001167,2511,47,5,,,,,,,291.9469708030502,1038.581274986267
415800,314,116.6100000000036,1735,28,3,,,,,,,367.3777943320332,1043.3041274547577
417691,315,113.99000000000581,1891,34,5,,,,,,,933.9640200131391,1045.3290503025055
419792,316,151.76000000000755,2101,36,4,,,,,,,409.51856926206534,1050.4596424102783
421874,317,158.53000000000682,2082,38,6,,,,,,,412.19678203386496,1055.5108850002289
423471,318,106.55000000000291,1597,27,4,,,,,,,336.1067906100895,1060.2624907493591
425307,319,122.79000000000526,1836,31,7,,,,,,,370.38101915762695,1065.2197546958923
427955,320,215.69000000001523,2648,50,6,,,,,,,460.4528542436471,1070.9708371162415
429056,321,43.389999999999105,1101,18,2,,,,,,,264.093639511306,1075.1400017738342
430316,322,65.74999999999903,1260,20,3,,,,,,,286.98754052239565,1079.530648946762
431291,323,35.31999999999957,975,14,2,,,,,,,922.3369272504684,1080.5880153179169
433094,324,114.33000000000244,1803,30,3,,,,,,,366.96522149402284,1085.5015065670013
434891,325,129.21000000000612,1797,32,5,,,,,,,374.24469528272783,1090.3034205436707
437047,326,177.8000000000094,2156,36,4,,,,,,,414.65116072408284,1095.5032477378845
438928,327,117.56000000000502,1881,31,4,,,,,,,376.5823011966933,1100.4983744621277
440505,328,95.47000000000358,1577,26,4,,,,,,,335.7659212497379,1105.1953542232513
441704,329,59.75999999999904,1199,19,3,,,,,,,930.4579004646581,1106.4841613769531
443888,330,165.83000000000845,2184,36,3,,,,,,,415.77942261400784,1111.7371604442596
444753,331,23.199999999999754,865,14,2,,,,,,,221.8634146269871,1115.6361470222473
447406,332,215.71000000001118,2653,47,3,,,,,,,450.4583187683981,1121.525990486145
448342,333,30.559999999999405,936,13,3,,,,,,,853.7341996800238,1122.622501373291
448671,334,-34.710000000000065,329,5,1,,,,,,,92.23914480905073,1126.1895370483398
450818,335,165.84000000000796,2147,38,4,,,,,,,351.7008990718397,1132.2943642139435
451459,336,-0.9800000000000963,641,10,2,,,,,,,913.1992042387161,1132.9964888095856
453790,337,180.87000000000916,2331,40,4,,,,,,,402.5813597549361,1138.7869334220886
455808,338,152.35000000000673,2018,38,5,,,,,,,346.5374637376646,1144.610422372818
458526,339,237.01000000001537,2718,50,7,,,,,,,416.5864693168429,1151.1351144313812
460364,340,137.7000000000047,1838,32,4,,,,,,,328.61565732204565,1156.7284379005432
462679,341,179.160000000009,2315,44,6,,,,,,,388.66050850098094,1162.684993505478
465282,342,210.13000000001261,2603,48,5,,,,,,,295.5736990473682,1171.4918947219849
467063,343,122.71000000000537,1781,28,4,,,,,,,352.58567869903175,1176.543342590332
469441,344,166.13000000000994,2378,41,5,,,,,,,419.9016327532921,1182.2067651748657
470522,345,46.8099999999992,1081,16,3,,,,,,,775.133364595954,1183.6015493869781
472177,346,103.52000000000234,1655,28,6,,,,,,,288.95156912182375,1189.329357624054
473601,347,62.68999999999849,1424,25,6,,,,,,,266.79910812180486,1194.666871547699
474891,348,73.95999999999987,1290,20,3,,,,,,,787.3825813547577,1196.3053534030914
477452,349,197.17000000001156,2561,43,4,,,,,,,254.88453076988677,1206.3531897068024
480060,350,216.3100000000144,2608,45,3,,,,,,,389.48884803573793,1213.0493626594543
480384,351,-35.48000000000007,324,1,1,,,,,,,748.3715880216886,1213.4825217723846
481424,352,17.02999999999969,1040,14,3,,,,,,,221.34759053501347,1218.1811876296997
482620,353,59.249999999999446,1196,18,2,,,,,,,800.8340393304293,1219.674831867218
485280,354,207.93000000001396,2660,48,6,,,,,,,390.91991954445666,1226.4794795513153
486734,355,87.06000000000253,1454,23,4,,,,,,,278.90331506834906,1231.6929597854614
489301,356,212.17000000001389,2567,50,8,,,,,,,379.2944965867196,1238.4609470367432
491318,357,137.53000000000594,2017,35,4,,,,,,,332.7919245421398,1244.5219724178314
492778,358,88.2299999999986,1460,25,2,,,,,,,278.97105389216375,1249.755674123764
494509,359,111.99000000000406,1731,30,4,,,,,,,306.03956046179457,1255.4120008945465
495576,360,45.749999999999254,1067,16,1,,,,,,,761.9163852319064,1256.8125836849213
497710,361,130.28000000000617,2134,37,4,,,,,,,216.9842222863835,1266.647558927536
499064,362,45.98999999999848,1354,23,5,,,,,,,695.6538311389156,1268.5941591262817
501549,363,187.24000000000905,2485,45,5,,,,,,,384.4991262964265,1275.0573027133942
502968,364,78.74999999999886,1419,23,3,,,,,,,291.2684027779477,1279.9292685985565
503940,365,24.649999999999793,972,13,2,,,,,,,232.33228150588502,1284.113123178482
504848,366,17.719999999999793,908,14,1,,,,,,,721.9592226085846,1285.370995759964
505809,367,23.559999999999135,961,15,2,,,,,,,843.8013844223389,1286.510082244873
506521,368,6.399999999999785,712,12,3,,,,,,,183.67898732096901,1290.3865704536438
509584,369,231.33000000001923,3063,59,5,,,,,,,470.0568760210224,1296.9030475616455
510528,370,32.079999999999565,944,13,3,,,,,,,199.18952138598559,1301.6424734592438
512407,371,123.06000000000545,1879,32,4,,,,,,,322.2476315541021,1307.473592042923
513561,372,54.67999999999898,1154,17,2,,,,,,,746.4961921995729,1309.0196859836578
515857,373,172.8800000000079,2296,40,5,,,,,,,356.0035724117805,1315.4692106246948
517867,374,141.96000000000748,2010,34,4,,,,,,,307.8734394931836,1321.9980313777924
520459,375,219.77000000001522,2592,47,4,,,,,,,246.40028604422915,1332.5176539421082
521971,376,93.37999999999872,1512,23,1,,,,,,,878.1667783451942,1334.2396745681763
523354,377,79.33999999999858,1383,21,3,,,,,,,293.2325469630528,1338.956289768219
525071,378,109.97000000000247,1717,28,4,,,,,,,315.4079283687526,1344.4002211093903
527033,379,126.87000000000613,1962,35,5,,,,,,,357.83144872170385,1349.8834447860718
529004,380,142.08000000000317,1971,32,3,,,,,,,323.2707892982827,1355.9809124469757
530917,381,120.93000000000352,1913,30,6,,,,,,,319.0216849722591,1361.977555513382
532788,382,135.78000000000512,1871,32,5,,,,,,,311.9858189254118,1367.9748361110687
535432,383,220.26000000001505,2644,47,4,,,,,,,381.3826748401173,1374.9076907634735
537261,384,122.20000000000327,1829,32,3,,,,,,,313.7242094613136,1380.7378871440887
538569,385,70.64999999999971,1308,20,2,,,,,,,772.8217623828068,1382.430593252182
540240,386,84.75999999999803,1671,29,3,,,,,,,304.4528712807031,1387.919296503067
540991,387,5.75999999999987,751,10,2,,,,,,,168.3931472883517,1392.3792576789856
543246,388,177.61000000000809,2255,43,6,,,,,,,352.8281621927899,1398.7706537246704
545521,389,174.72000000000878,2275,40,9,,,,,,,349.31459299096844,1405.2835805416107
547711,390,161.35000000000895,2190,38,4,,,,,,,347.0500398621869,1411.5941383838654
550088,391,181.37000000000964,2377,45,6,,,,,,,369.34083697212003,1418.0301296710968
552718,392,194.1900000000121,2630,50,6,,,,,,,384.17170518929345,1424.876217365265
554006,393,54.269999999998916,1288,18,3,,,,,,,257.7610367347383,1429.8732798099518
555802,394,114.56000000000542,1796,30,5,,,,,,,320.18208346920477,1435.4827480316162
557206,395,81.05999999999857,1404,22,4,,,,,,,265.6215685620912,1440.7686092853546
559840,396,209.37000000001183,2634,45,3,,,,,,,382.79636629199774,1447.6497945785522
560739,397,26.82999999999975,899,13,3,,,,,,,793.0395232693085,1448.7835948467255
562195,398,97.22000000000236,1456,25,5,,,,,,,277.87777959382174,1454.0234558582306
563572,399,68.82999999999898,1377,19,2,,,,,,,265.21759651796197,1459.215579509735
564369,400,20.6899999999999,797,12,3,,,,,,,760.2812926368354,1460.2640612125397
565815,401,80.5399999999985,1446,24,4,,,,,,,274.9922572778623,1465.5225541591644
566757,402,36.449999999999335,942,13,3,,,,,,,779.5213508271319,1466.7312006950378
567527,403,13.059999999999675,770,12,2,,,,,,,168.5071399997819,1471.3009014129639
568977,404,76.30999999999943,1450,24,3,,,,,,,630.135891146172,1473.6023139953613
569411,405,-23.130000000000067,434,7,1,,,,,,,115.78751450263591,1477.3507573604584
572333,406,241.46000000001797,2922,48,3,,,,,,,409.6895883791323,1484.483148574829
573965,407,101.0400000000034,1632,28,3,,,,,,,333.95477711260503,1489.370186328888
576037,408,138.71000000000333,2072,34,5,,,,,,,398.91774900279717,1494.5644030570984
577131,409,43.29999999999909,1094,17,3,,,,,,,932.9848105795663,1495.7372002601624
578352,410,37.31999999999906,1221,19,2,,,,,,,274.02254635821083,1500.193199634552
578839,411,-17.510000000000076,487,7,1,,,,,,,915.4429610029678,1500.72540807724
579739,412,27.17999999999941,900,13,3,,,,,,,206.04217767292593,1505.0936288833618
580481,413,10.469999999999722,742,13,3,,,,,,,744.0711495090767,1506.0911202430725
581460,414,25.769999999999364,979,14,3,,,,,,,692.8215241479696,1507.5044090747833
582213,415,11.109999999999772,753,12,2,,,,,,,155.75277809860063,1512.3391573429108
582779,416,-18.65000000000014,566,7,1,,,,,,,422.07065327737433,1513.680499792099
583412,417,-1.740000000000066,633,9,1,,,,,,,575.3345088529106,1514.780923128128
584208,418,15.939999999999884,796,12,2,,,,,,,157.30782232153223,1519.8413786888123
586304,419,137.69000000000915,2096,36,6,,,,,,,323.220834818839,1526.3263754844666
587416,420,49.70999999999901,1112,15,2,,,,,,,727.8684536853436,1527.8544435501099
588094,421,-7.050000000000068,678,11,2,,,,,,,153.68292638374658,1532.2662994861603
589620,422,95.04000000000201,1526,24,4,,,,,,,722.3210649688654,1534.3791630268097
591266,423,102.30000000000177,1646,28,2,,,,,,,240.9028301882513,1541.2119567394257
592759,424,86.3500000000025,1493,24,5,,,,,,,244.37416788396595,1547.321650505066
594843,425,129.91000000000233,2084,37,5,,,,,,,326.51671565390757,1553.704849243164
595980,426,57.72999999999899,1137,18,1,,,,,,,254.34882101913854,1558.1753270626068
597745,427,100.67000000000452,1765,30,5,,,,,,,798.9660917767524,1560.3846127986908
598739,428,37.299999999999315,994,16,2,,,,,,,208.73799538458488,1565.146820783615
599824,429,47.4099999999993,1085,17,3,,,,,,,741.0849842030774,1566.6111028194427
600669,430,21.41999999999964,845,12,2,,,,,,,199.28161640806405,1570.8514711856842
601794,431,56.75999999999916,1125,17,2,,,,,,,759.2166150717287,1572.333446264267
603149,432,76.68999999999865,1355,22,3,,,,,,,276.27006565208364,1577.2383048534393
603919,433,13.249999999999623,770,12,2,,,,,,,766.3996081640092,1578.2432510852814
606518,434,210.48000000001252,2599,48,5,,,,,,,285.0213052521489,1587.3620655536652
608089,435,84.33000000000123,1571,22,3,,,,,,,808.1186497072475,1589.3062918186188
609039,436,22.20999999999931,950,14,2,,,,,,,204.34662692753116,1593.9554405212402
609961,437,29.439999999999586,922,16,2,,,,,,,827.9058634125455,1595.069286108017
612358,438,174.0900000000119,2397,41,5,,,,,,,270.65940413964256,1603.925614118576
613969,439,118.87000000000327,1611,27,3,,,,,,,902.160309732162,1605.7115244865417
614706,440,9.319999999999688,737,10,3,,,,,,,188.05599723756436,1609.6308014392853
616179,441,88.92000000000169,1473,25,2,,,,,,,794.3721827456854,1611.485321521759
619430,442,277.62000000002564,3251,62,8,,,,,,,313.62161535317074,1621.8515124320984
621198,443,116.74000000000531,1768,32,7,,,,,,,323.95886212801616,1627.317589521408
622243,444,47.80999999999933,1045,16,1,,,,,,,767.5243677142452,1628.6793615818024
625624,445,296.0400000000262,3381,63,7,,,,,,,323.1799539273533,1639.14137673378
626599,446,30.099999999999326,975,17,2,,,,,,,842.7295770120058,1640.3128590583801
627446,447,22.009999999999646,847,14,3,,,,,,,199.96335094418126,1644.548790216446
628910,448,88.75000000000045,1464,21,3,,,,,,,269.20660493968427,1649.9871406555176
629437,449,-13.280000000000046,527,7,1,,,,,,,779.3132800322669,1650.663561820984
631183,450,109.49000000000316,1746,30,4,,,,,,,318.0919656448305,1656.1527807712555
632579,451,91.34000000000218,1396,21,3,,,,,,,904.4947207863688,1657.696343421936
633815,452,58.34999999999863,1236,17,2,,,,,,,282.56362249355146,1662.0707993507385
635732,453,132.76000000000738,1917,32,8,,,,,,,371.51387045420586,1667.2310633659363
637404,454,80.83999999999844,1672,28,3,,,,,,,345.00422016527926,1672.0776016712189
639225,455,111.36000000000479,1821,28,4,,,,,,,367.90655213104975,1677.0274908542633
640995,456,116.2100000000033,1770,27,1,,,,,,,917.3357084154989,1678.9571566581726
641868,457,24.299999999999557,873,12,5,,,,,,,215.18151291052973,1683.0143477916718
643016,458,59.66999999999913,1148,16,2,,,,,,,905.0046578486686,1684.2831013202667
644069,459,39.01999999999923,1053,17,2,,,,,,,255.39902808936915,1688.406284570694
644968,460,27.52999999999959,899,13,2,,,,,,,860.1955636505324,1689.4516599178314
646551,461,101.36000000000341,1583,25,4,,,,,,,334.16244535295806,1694.1890349388123
648380,462,127.92000000000611,1829,29,3,,,,,,,374.43452712826337,1699.073950767517
650256,463,122.9400000000016,1876,30,9,,,,,,,372.9037585891283,1704.1049463748932
652226,464,137.98000000000692,1970,33,5,,,,,,,380.92701297514634,1709.2767384052277
654126,465,120.83000000000595,1900,32,5,,,,,,,369.08191564852996,1714.4248304367065
654980,466,17.40999999999962,854,12,5,,,,,,,914.1912276389834,1715.3592178821564
655481,467,-16.030000000000037,501,6,1,,,,,,,143.62854061020656,1718.847580909729
657098,468,110.22000000000399,1617,24,3,,,,,,,921.8192914993294,1720.60191655159
659322,469,175.910000000009,2224,38,5,,,,,,,411.46037189439045,1726.0072507858276
661425,470,162.22000000000924,2103,35,4,,,,,,,400.8182893317049,1731.2542300224304
662259,471,-5.030000000000108,834,12,3,,,,,,,217.54377624030224,1735.0882668495178
663498,472,38.239999999998794,1239,21,4,,,,,,,916.7348749777728,1736.4400329589844
664767,473,57.10999999999922,1269,17,3,,,,,,,293.9728440689645,1740.7569234371185
665570,474,6.689999999999877,803,13,2,,,,,,,902.3846325731535,1741.6470067501068
666373,475,16.729999999999627,803,11,2,,,,,,,207.93668105501612,1745.5089702606201
667309,476,20.729999999999578,936,14,2,,,,,,,916.4601007859737,1746.530543088913
668907,477,92.13999999999855,1598,26,3,,,,,,,346.83217498334534,1751.138118982315
669642,478,-10.960000000000079,735,11,2,,,,,,,891.1449405024304,1751.963103055954
670255,479,-3.700000000000088,613,8,1,,,,,,,162.33795392965993,1755.7393403053284
671335,480,46.10999999999902,1080,15,2,,,,,,,906.8318797512675,1756.9305789470673
671928,481,-15.9400000000001,593,8,1,,,,,,,163.66552966467094,1760.553997516632
673505,482,90.56000000000287,1577,26,4,,,,,,,916.6027817014173,1762.2746696472168
674571,483,45.069999999999354,1066,18,2,,,,,,,257.0847245563561,1766.4213621616364
675783,484,55.99999999999897,1212,18,3,,,,,,,903.385480638375,1767.7631788253784
676443,485,-3.6600000000001174,660,9,1,,,,,,,182.1420290871589,1771.386955499649
677198,486,16.469999999999608,755,10,5,,,,,,,908.9587344670132,1772.2177877426147
678885,487,97.65999999999869,1687,28,2,,,,,,,354.3195690433319,1776.9792392253876
680046,488,65.6399999999993,1161,18,2,,,,,,,275.6383022115822,1781.191591501236
681220,489,61.799999999998974,1174,16,2,,,,,,,927.0469723780601,1782.4581825733185
682707,490,85.36000000000163,1487,22,3,,,,,,,324.07446386690276,1787.0469043254852
684148,491,90.40000000000137,1441,21,4,,,,,,,329.45037064032994,1791.4210977554321
685405,492,45.649999999998755,1257,21,4,,,,,,,884.6536245487582,1792.8421850204468
686541,493,43.19999999999916,1136,17,3,,,,,,,275.42362843525234,1796.9668908119202
688194,494,113.74000000000436,1653,25,3,,,,,,,346.81112887444704,1801.7333912849426
690119,495,112.45000000000461,1925,31,2,,,,,,,919.0472683505018,1803.8281214237213
691951,496,127.49000000000346,1832,28,4,,,,,,,363.34737557872694,1808.870261669159
693182,497,62.94999999999974,1231,16,3,,,,,,,296.9617727563179,1813.0157930850983
694315,498,52.539999999999,1133,17,2,,,,,,,272.9732593823768,1817.1665873527527
696105,499,98.07999999999959,1790,27,1,,,,,,,916.0394243979337,1819.120857477188
697249,500,58.27999999999907,1144,17,2,,,,,,,270.5559944202677,1823.3493673801422
698199,501,17.389999999999375,950,14,2,,,,,,,913.0619834852778,1824.3900473117828
699227,502,40.519999999999115,1028,13,3,,,,,,,252.11263623995927,1828.467765569687
700172,503,32.449999999999655,945,14,2,,,,,,,903.6146892145316,1829.5137648582458
701717,504,91.70000000000151,1545,26,5,,,,,,,332.2983522663203,1834.1634004116058
702573,505,22.00999999999995,856,10,6,,,,,,,218.29815558364464,1838.0848505496979
703005,506,-23.410000000000064,432,4,1,,,,,,,900.9728684714573,1838.5645225048065
703927,507,14.449999999999797,922,12,2,,,,,,,918.0969479848105,1839.5689516067505
705317,508,69.76999999999886,1390,21,4,,,,,,,304.8800384634975,1844.1283159255981
706771,509,76.73000000000042,1454,23,4,,,,,,,323.34774962878873,1848.625295639038
708113,510,74.49999999999969,1342,20,5,,,,,,,903.2675451962265,1850.1112253665924
708966,511,17.259999999999508,853,13,2,,,,,,,217.21588345409884,1854.0383505821228
711049,512,160.740000000009,2083,34,4,,,,,,,407.57003375185207,1859.1493372917175
712359,513,61.38999999999873,1310,22,3,,,,,,,895.6379564632841,1860.612199306488
713764,514,52.00999999999871,1405,23,4,,,,,,,316.1316496645908,1865.0567290782928
715484,515,115.84000000000401,1720,31,7,,,,,,,355.96690281829143,1869.8888821601868
717288,516,119.94000000000436,1804,31,3,,,,,,,370.08196047870985,1874.7636442184448
720054,517,214.0600000000141,2766,50,4,,,,,,,467.36520726958884,1880.682195186615
721788,518,127.43000000000512,1734,31,6,,,,,,,354.80301107174665,1885.5696086883545
724808,519,241.10000000002069,3020,54,5,,,,,,,492.5636204450409,1891.7010524272919
726883,520,149.6100000000078,2075,37,4,,,,,,,410.17395010752057,1896.7600939273834
728810,521,128.63000000000278,1927,34,7,,,,,,,378.38742134254386,1901.8530123233795
731086,522,136.68000000000674,2276,41,6,,,,,,,424.8956293669955,1907.2098047733307
732226,523,57.81999999999884,1140,19,2,,,,,,,271.47914683614954,1911.4092056751251
734020,524,124.470000000002,1794,31,3,,,,,,,359.35540976031115,1916.4016354084015
735747,525,117.32000000000488,1727,29,3,,,,,,,351.6918768015646,1921.3124101161957
737754,526,137.2500000000074,2007,35,4,,,,,,,373.11817958062477,1926.691801071167
739638,527,123.75000000000551,1884,32,5,,,,,,,373.65673586301756,1931.73406124115
741687,528,156.850000000008,2049,38,5,,,,,,,394.5275115460918,1936.9278678894043
744031,529,189.7200000000131,2344,40,9,,,,,,,424.0696020410659,1942.4554569721222
746667,530,195.39000000001442,2636,47,5,,,,,,,454.348159152336,1948.2573781013489
747740,531,46.63999999999921,1073,18,1,,,,,,,260.3408575056255,1952.3791449069977
749897,532,164.12000000000933,2157,38,4,,,,,,,415.7935079671689,1957.567113161087
751888,533,150.4200000000069,1991,34,4,,,,,,,390.79955323337913,1962.661937713623
753963,534,154.70000000000778,2075,37,5,,,,,,,399.0174554016823,1967.8624308109283
756845,535,236.96000000001945,2882,51,6,,,,,,,469.30913504753045,1974.0035305023193
759260,536,200.50000000001017,2415,43,6,,,,,,,431.5741642899202,1979.5995707511902
762104,537,238.50000000001955,2844,48,4,,,,,,,317.8227386563937,1988.5482444763184
764880,538,224.61000000001496,2776,48,5,,,,,,,468.43621960305063,1994.4745292663574
767378,539,205.2400000000132,2498,45,5,,,,,,,441.3753974691639,2000.1343507766724
769567,540,161.84000000000822,2189,39,4,,,,,,,412.8022925099299,2005.4373319149017
771600,541,124.73000000000665,2033,34,3,,,,,,,397.189210862771,2010.5559957027435
772585,542,41.63999999999927,985,15,2,,,,,,,243.08456592048523,2014.6082775592804
772846,543,-41.58000000000007,261,4,1,,,,,,,874.764346296021,2014.9068875312805
775416,544,187.8000000000122,2570,47,5,,,,,,,449.9883375982482,2020.6183490753174
776983,545,94.24000000000227,1567,26,4,,,,,,,334.2692927663182,2025.3063955307007
779032,546,147.36000000000885,2049,35,5,,,,,,,394.62586300727764,2030.4988634586334
780182,547,44.609999999999324,1150,18,2,,,,,,,934.5479451258558,2031.7296285629272
781655,548,84.53999999999853,1473,24,3,,,,,,,317.4361908128516,2036.3701131343842
783729,549,124.70000000000398,2074,33,3,,,,,,,395.5279445086936,2041.6138875484467
784095,550,-30.610000000000063,366,5,1,,,,,,,878.8076500329743,2042.0305569171906
785587,551,76.3099999999998,1492,23,2,,,,,,,327.2475505595744,2046.5900070667267
786234,552,-0.23000000000008214,647,9,1,,,,,,,907.7669021622779,2047.3030042648315
788313,553,144.02000000000436,2079,36,4,,,,,,,397.33127048151175,2052.535572528839
789940,554,90.62000000000087,1627,27,3,,,,,,,340.75564031004967,2057.310534954071
791997,555,126.73000000000441,2057,33,3,,,,,,,402.34767986144703,2062.4232721328735
792647,556,0.28999999999984993,650,9,1,,,,,,,175.88779609358815,2066.1190226078033
793415,557,12.619999999999749,768,11,2,,,,,,,910.8692868231522,2066.962382555008
794991,558,89.9600000000018,1576,24,3,,,,,,,337.0360037138992,2071.638602256775
795862,559,23.789999999999623,871,13,2,,,,,,,908.9686887845372,2072.5971438884735
796569,560,6.249999999999709,707,12,2,,,,,,,915.6831165253996,2073.369420528412
798028,561,83.380000000002,1459,22,4,,,,,,,320.6614611424664,2077.9195959568024
799127,562,48.78999999999927,1099,18,3,,,,,,,263.3449722857465,2082.093045949936
800070,563,31.5799999999994,943,13,1,,,,,,,911.0354850263678,2083.1282951831818
801117,564,43.32999999999929,1047,16,2,,,,,,,251.50602480641945,2087.2913913726807
802816,565,98.44000000000065,1699,28,3,,,,,,,900.9873513715672,2089.1772906780243
803678,566,23.11999999999967,862,10,4,,,,,,,217.9382083350337,2093.1327505111694
804678,567,48.10999999999924,1000,15,3,,,,,,,912.4629841859914,2094.2288947105408
805996,568,57.40999999999889,1318,20,3,,,,,,,305.3916956838237,2098.54487657547
807704,569,104.05000000000011,1708,29,3,,,,,,,352.7675035213369,2103.386794567108
808797,570,53.08999999999917,1093,16,3,,,,,,,918.2318173797238,2104.5773725509644
809330,571,-12.640000000000043,533,9,1,,,,,,,148.7033269678647,2108.1618983745575
810289,572,48.469999999999295,959,12,2,,,,,,,908.4329324699353,2109.21777844429
811213,573,19.899999999999828,924,15,2,,,,,,,232.39928137105576,2113.193897485733
811758,574,-16.610000000000056,545,8,1,,,,,,,913.8834181759158,2113.790442466736
812708,575,32.67999999999952,950,14,2,,,,,,,902.4731902695876,2114.843309402466
813538,576,24.399999999999473,830,11,2,,,,,,,216.59807351675678,2118.6754500865936
814153,577,-3.8400000000000674,615,10,3,,,,,,,911.9093342930281,2119.3501477241516
815551,578,70.76999999999839,1398,22,2,,,,,,,315.17259170308387,2123.785947561264
816213,579,-8.720000000000041,662,9,1,,,,,,,917.7735179878872,2124.507471561432
816891,580,2.8499999999998735,678,9,1,,,,,,,924.0287177140985,2125.24139380455
817901,581,28.849999999999376,1010,15,2,,,,,,,251.57086271421767,2129.2563738822937
818932,582,41.29999999999956,1031,14,3,,,,,,,907.5015406841128,2130.3926219940186
820040,583,34.66999999999954,1108,15,2,,,,,,,264.3057520947929,2134.5850241184235
820537,584,-16.929999999999993,497,6,1,,,,,,,900.3245241654296,2135.137263059616
821649,585,55.489999999999114,1112,17,3,,,,,,,274.54802482740774,2139.18786072731
822246,586,-5.840000000000096,597,8,1,,,,,,,893.4903250392865,2139.856264591217
823142,587,26.529999999999504,896,13,2,,,,,,,905.6182032783598,2140.845794916153
824333,588,48.24999999999882,1191,17,2,,,,,,,280.875472662241,2145.086262702942
825249,589,13.77999999999966,916,13,1,,,,,,,914.19941488115,2146.088449239731
826696,590,71.20999999999903,1447,25,4,,,,,,,315.8106380197601,2150.6704745292664
827263,591,-9.07000000000005,567,8,1,,,,,,,881.6185208183117,2151.313896417618
828193,592,20.49999999999976,930,14,1,,,,,,,230.91495584576666,2155.3415591716766
829023,593,18.909999999999478,830,10,4,,,,,,,893.5506194945121,2156.270642518997
830530,594,67.8699999999991,1507,24,4,,,,,,,324.42795021166705,2160.915973186493
831545,595,34.65999999999903,1015,15,2,,,,,,,246.2366285972879,2165.038245201111
832924,596,68.27000000000112,1379,20,3,,,,,,,936.0585695970346,2166.5115959644318
833385,597,-20.340000000000053,461,7,1,,,,,,,905.9175648970053,2167.0207135677338
833999,598,-14.020000000000024,614,9,1,,,,,,,172.8167774297616,2170.573796272278
834378,599,-44.24000000000005,379,5,1,,,,,,,905.8156323222378,2170.992460012436
835983,600,92.99000000000265,1605,26,4,,,,,,,345.55250222096083,2175.637412548065
836926,601,32.08999999999942,943,14,1,,,,,,,908.9796648529491,2176.6750741004944
838423,602,82.0199999999986,1497,25,5,,,,,,,325.5191984776654,2181.2740902900696
838903,603,-18.310000000000073,480,7,1,,,,,,,900.4637782280247,2181.8073234558105
840954,604,125.86000000000392,2051,35,4,,,,,,,397.7779921040131,2186.9636726379395
842916,605,126.26000000000487,1962,34,3,,,,,,,383.0418356014759,2192.086081981659
843658,606,10.27999999999988,742,11,2,,,,,,,895.4483057060354,2192.9149367809296
845388,607,116.76000000000369,1730,30,4,,,,,,,358.4359190618968,2197.741670846939
846848,608,82.69999999999901,1460,24,3,,,,,,,326.01022683636046,2202.220288515091
849224,609,175.87000000000978,2376,39,4,,,,,,,435.65323918548387,2207.674421310425
851486,610,178.01000000000772,2262,41,4,,,,,,,412.147076075991,2213.1629631519318
853861,611,196.41000000000975,2375,42,3,,,,,,,421.5614240610493,2218.796975374222
855607,612,123.68000000000416,1746,28,3,,,,,,,358.41558630208056,2223.668621301651
857527,613,87.29000000000121,1920,34,5,,,,,,,377.9100169248664,2228.749489545822
859540,614,116.58000000000419,2013,36,4,,,,,,,391.2498564984282,2233.894816637039
862395,615,151.15000000000455,2855,52,8,,,,,,,317.9790798909984,2242.873605966568
863585,616,63.05999999999868,1190,20,3,,,,,,,903.6886929867205,2244.1907732486725
865297,617,120.32000000000484,1712,26,3,,,,,,,352.9926476010171,2249.0409421920776
867380,618,159.06000000000637,2083,36,4,,,,,,,398.164152509923,2254.2726464271545
868652,619,62.129999999999505,1272,19,3,,,,,,,293.3920236748125,2258.6083433628082
871195,620,193.82000000001125,2543,44,3,,,,,,,444.1531188240438,2264.334041595459
872194,621,37.7699999999993,999,13,2,,,,,,,901.6809768370892,2265.4421560764313
874375,622,164.8400000000081,2181,41,7,,,,,,,406.86417334864404,2270.8028621673584
877139,623,232.29000000001642,2764,52,7,,,,,,,284.55013551226386,2280.516638994217
878379,624,63.91999999999868,1240,19,1,,,,,,,816.8422891022243,2282.034956932068
880931,625,199.72000000001103,2552,45,7,,,,,,,237.16683873519958,2292.795458316803
881382,626,-16.80000000000001,451,7,1,,,,,,,674.7963993376288,2293.46400642395
883871,627,197.75000000001043,2489,46,5,,,,,,,298.91224810292664,2301.7910447120667
886275,628,183.74000000000933,2404,47,5,,,,,,,368.19871872000977,2308.320319890976
888485,629,182.70000000000852,2210,38,5,,,,,,,350.62021502591085,2314.6236946582794
890479,630,155.49000000000672,1994,34,2,,,,,,,330.4740851561758,2320.657716989517
892267,631,117.58000000000436,1788,30,5,,,,,,,286.729281955955,2326.8938086032867
894947,632,219.29000000001503,2680,50,9,,,,,,,358.90391904806256,2334.3611402511597
897163,633,152.74000000000717,2216,41,6,,,,,,,226.18891864859668,2344.158490896225
899406,634,166.76000000000778,2243,35,4,,,,,,,341.246344065311,2350.731677055359
901674,635,194.13000000000875,2268,42,6,,,,,,,366.52994722763,2356.9196038246155
903486,636,130.33000000000425,1812,29,2,,,,,,,290.3535965058294,2363.160458803177
905228,637,118.050000000004,1742,28,4,,,,,,,332.0273309796652,2368.4072144031525
907901,638,226.6800000000165,2673,46,4,,,,,,,407.4660356187776,2374.9674417972565
909321,639,82.3900000000003,1420,22,3,,,,,,,263.9389357847343,2380.347642660141
910806,640,79.7300000000009,1485,23,4,,,,,,,894.2456162012653,2382.008463859558
913609,641,251.78000000001865,2803,52,9,,,,,,,241.19277616129617,2393.630053758621
915578,642,152.47000000000605,1969,36,5,,,,,,,272.9112425128211,2400.845032930374
918216,643,224.22000000001447,2638,46,5,,,,,,,425.2379118827001,2407.0487987995148
921406,644,269.4200000000242,3190,55,4,,,,,,,447.3932195390808,2414.1792674064636
923990,645,208.92000000001372,2584,45,4,,,,,,,229.9089072039647,2425.418724298477
925851,646,131.04000000000488,1861,32,4,,,,,,,307.8181758956781,2431.4647028446198
928117,647,153.66000000000713,2266,40,5,,,,,,,337.4020982398441,2438.1809499263763
928806,648,-5.550000000000111,689,10,2,,,,,,,868.6200507187765,2438.974344968796
930377,649,84.35000000000144,1571,25,8,,,,,,,293.0662298609165,2444.3351554870605
933211,650,230.77000000001865,2834,49,3,,,,,,,430.94454170916146,2450.911561012268
936851,651,312.54000000003157,3640,64,6,,,,,,,310.9840821379622,2462.616542816162
939422,652,212.70000000001335,2571,49,7,,,,,,,391.1308435919943,2469.198239326477
939839,653,-35.180000000000085,417,7,1,,,,,,,733.8594198690569,2469.766706943512
941660,654,116.0800000000035,1821,29,4,,,,,,,311.7623166446793,2475.607839822769
945711,655,374.14000000003824,4051,72,5,,,,,,,352.0573551502714,2487.1146590709686
948107,656,203.48000000001113,2396,43,5,,,,,,,387.13473497501695,2493.3170835971832
951122,657,243.97000000001938,3015,56,9,,,,,,,301.09223408287505,2503.330789089203
953781,658,197.10000000001278,2659,50,6,,,,,,,385.2585464811588,2510.2329502105713
956095,659,179.28000000000898,2314,41,6,,,,,,,364.8803740948687,2516.5749514102936
957902,660,115.14000000000462,1807,31,4,,,,,,,313.3342583432695,2522.342152118683
960732,661,233.7900000000162,2830,51,5,,,,,,,226.24021284405893,2534.8511531352997
961851,662,35.5499999999992,1119,17,3,,,,,,,803.2067468032091,2536.24453496933
964099,663,166.94000000000779,2248,38,4,,,,,,,332.46260462053715,2543.0064051151276
965242,664,52.719999999998684,1143,14,2,,,,,,,173.17495809688535,2549.60688662529
966951,665,94.1899999999991,1709,29,3,,,,,,,224.67031581248952,2557.2138619422913
968140,666,63.15999999999903,1189,16,3,,,,,,,759.3953461670999,2558.7797496318817
968908,667,22.669999999999597,768,11,2,,,,,,,167.38804802043063,2563.3680408000946
969855,668,31.919999999999312,947,15,2,,,,,,,660.967888523571,2564.8010425567627
971246,669,84.27999999999857,1391,23,3,,,,,,,208.7280633155155,2571.465523958206
973691,670,173.68000000000978,2445,42,3,,,,,,,284.7855109720922,2580.051210165024
975047,671,80.59999999999843,1356,22,3,,,,,,,209.2854548521458,2586.5306372642517
977642,672,205.62000000001393,2595,49,6,,,,,,,277.46743302969736,2595.8833270072937
978814,673,56.36999999999887,1172,17,3,,,,,,,828.3513397514504,2597.2983548641205
980402,674,101.22000000000253,1588,26,3,,,,,,,312.10910837995175,2602.38654088974
982076,675,120.9000000000046,1674,26,3,,,,,,,317.57680337558605,2607.657980442047
983919,676,134.580000000006,1843,29,3,,,,,,,287.01527305763125,2614.0796411037445
985576,677,108.9200000000035,1657,27,2,,,,,,,292.06293499231595,2619.753264427185
986216,678,-10.61000000000016,640,9,1,,,,,,,903.395416176719,2620.4619131088257
986900,679,3.719999999999871,684,11,2,,,,,,,895.5778499855311,2621.2258439064026
987807,680,28.189999999999465,907,10,10,,,,,,,227.99839643788178,2625.2042152881622
988724,681,39.17999999999929,917,14,2,,,,,,,901.1023043823984,2626.222039937973
989662,682,16.30999999999966,938,14,2,,,,,,,239.5097829150709,2630.1385173797607
991369,683,109.5200000000025,1707,27,2,,,,,,,344.3367315034858,2635.0961289405823
992060,684,4.569999999999865,691,8,1,,,,,,,907.2975589720986,2635.857872724533
993804,685,103.55000000000247,1744,29,3,,,,,,,355.9031386657568,2640.758249759674
994613,686,17.449999999999662,809,11,2,,,,,,,910.6827093062858,2641.6467719078064
996344,687,106.70000000000051,1731,29,2,,,,,,,355.7475588580274,2646.512801170349
997114,688,13.389999999999759,770,11,2,,,,,,,915.2968863717264,2647.3542227745056
998070,689,33.41999999999928,956,15,1,,,,,,,241.90580251097904,2651.306457042694
999893,690,116.930000000004,1823,30,3,,,,,,,379.48908059234753,2656.1105539798737
1000839,691,22.289999999999353,946,15,2,,,,,,,919.4737672198062,2657.1396129131317
1001974,692,37.63999999999895,1135,17,3,,,,,,,266.5081740794731,2661.3986325263977
1002354,693,-34.39000000000007,380,4,1,,,,,,,906.0928926333982,2661.8182208538055
1004060,694,114.38000000000012,1706,26,1,,,,,,,353.6112253687847,2666.6428968906403
1005626,695,93.9200000000015,1566,24,4,,,,,,,331.3168690801325,2671.369704246521
1006233,696,-4.980000000000075,607,8,1,,,,,,,909.5266774912072,2672.0372540950775
1007953,697,125.95000000000442,1720,30,4,,,,,,,357.50907920659995,2676.84854388237
1008726,698,13.639999999999716,773,11,3,,,,,,,902.944135327562,2677.7049140930176
1009883,699,55.35999999999918,1157,18,3,,,,,,,277.3564118766466,2681.8766577243805
1010254,700,-30.430000000000106,371,5,1,,,,,,,892.862367433686,2682.2924008369446
1011879,701,110.04000000000376,1625,26,3,,,,,,,342.63704601588285,2687.035229921341
1013004,702,46.49999999999875,1125,19,2,,,,,,,919.199130863859,2688.259339570999
1014084,703,36.15999999999897,1080,18,3,,,,,,,254.06313102519252,2692.510462999344
1015717,704,101.69000000000344,1633,29,4,,,,,,,901.1136843063595,2694.322825193405
1017590,705,137.19000000000642,1873,30,6,,,,,,,375.83858242552725,2699.3065361976624
1018961,706,73.03999999999898,1371,23,3,,,,,,,312.16723383146046,2703.698595046997
1021701,707,221.1800000000183,2740,52,6,,,,,,,458.98247798850497,2709.668606519699
1023842,708,166.1800000000086,2141,37,4,,,,,,,404.344351891063,2714.9637808799744
1026040,709,172.5300000000089,2198,41,6,,,,,,,407.68587508310964,2720.355381965637
1027324,710,53.439999999999365,1284,20,6,,,,,,,293.4292993508415,2724.73149394989
1030591,711,283.380000000024,3267,60,6,,,,,,,346.90030042788396,2734.149486541748
1032334,712,118.09000000000408,1743,28,3,,,,,,,356.2094375521627,2739.0429339408875
1034403,713,137.78000000000736,2069,36,5,,,,,,,392.36257820562116,2744.3163452148438
1036978,714,198.57000000001383,2575,49,6,,,,,,,445.3604071128463,2750.0983839035034
1039899,715,241.28000000001924,2921,57,6,,,,,,,471.1037204297056,2756.2989377975464
1042601,716,227.42000000001684,2702,49,5,,,,,,,308.0899857979143,2765.069331884384
1044318,717,115.63000000000416,1717,29,4,,,,,,,916.3154449415752,2766.943380832672
1046267,718,130.56000000000682,1949,35,4,,,,,,,380.02585275251835,2772.0721559524536
1048027,719,119.91000000000466,1760,30,4,,,,,,,357.853145337151,2776.9906401634216
1051088,720,245.9900000000226,3061,56,6,,,,,,,333.8422111446785,2786.1599130630493
1052838,721,103.77000000000028,1750,29,3,,,,,,,334.51688293423075,2791.391520023346
1055181,722,153.1800000000092,2343,44,6,,,,,,,427.85898460156767,2796.86785197258
1057327,723,161.87000000000657,2146,34,4,,,,,,,404.6365593080027,2802.171622991562
1058813,724,89.69000000000149,1486,23,8,,,,,,,898.6687148665544,2803.825474023819
1061410,725,175.5900000000118,2597,46,4,,,,,,,294.08533177317327,2812.656467437744
1062701,726,69.76999999999987,1291,20,3,,,,,,,892.7248141834997,2814.102855205536
1064028,727,78.52000000000115,1327,20,3,,,,,,,305.3295518055771,2818.4492223262787
1064920,728,20.919999999999582,892,13,4,,,,,,,890.4826375459336,2819.4511363506317
1066190,729,72.43999999999897,1270,20,3,,,,,,,290.8885246236454,2823.817270040512
1066773,730,-7.100000000000087,583,9,1,,,,,,,852.6886901407665,2824.5012640953064
1067694,731,19.339999999999407,921,15,4,,,,,,,233.58682213587733,2828.444296360016
1070466,732,239.98000000001554,2772,51,6,,,,,,,462.8875783321228,2834.4330060482025
1073677,733,281.07000000002466,3211,57,4,,,,,,,343.23879525437343,2843.7881767749786
1074498,734,18.629999999999626,821,12,3,,,,,,,906.7189385391748,2844.6938552856445
1075768,735,46.63999999999881,1270,18,2,,,,,,,288.9557206767448,2849.0892186164856
1076708,736,36.58999999999967,940,14,2,,,,,,,913.2037454214109,2850.118780851364
1078124,737,63.70999999999911,1416,21,4,,,,,,,305.5099005806151,2854.7538237571716
1079255,738,42.0399999999991,1131,17,2,,,,,,,901.1326516365112,2856.0091297626495
1080376,739,40.41999999999937,1121,17,4,,,,,,,269.479611849248,2860.1691546440125
1081597,740,46.779999999998985,1221,19,3,,,,,,,282.3004641114948,2864.4945538043976
1083114,741,78.71999999999889,1517,25,3,,,,,,,920.9051304447881,2866.1420800685883
1084464,742,71.28000000000034,1350,22,2,,,,,,,304.9577859662695,2870.5691361427307
1085331,743,18.279999999999923,867,11,5,,,,,,,889.5440877532959,2871.544003725052
1086625,744,79.55000000000058,1294,18,1,,,,,,,291.2444618427227,2875.9873225688934
1087303,745,2.98999999999981,678,9,1,,,,,,,869.472649295384,2876.7672975063324
1088562,746,65.97999999999959,1259,18,2,,,,,,,292.1332858747028,2881.0771560668945
1089507,747,27.01999999999945,945,14,3,,,,,,,908.3098854924046,2882.117716550827
1090024,748,-14.320000000000068,517,7,1,,,,,,,151.51585139414934,2885.5301496982574
1092045,749,163.40000000000788,2021,36,6,,,,,,,397.0362584198247,2890.620537042618
1094083,750,145.54000000000622,2038,35,5,,,,,,,400.5915879432498,2895.7082381248474
1095044,751,38.43999999999917,961,14,3,,,,,,,889.0906272319764,2896.7893364429474
1095998,752,22.9399999999993,954,14,1,,,,,,,247.04148522004684,2900.6511771678925
1097560,753,103.81000000000223,1562,26,3,,,,,,,892.8413476876557,2902.4008872509003
1099187,754,101.05000000000177,1627,25,3,,,,,,,348.26761702819994,2907.0727574825287
1100668,755,100.24000000000265,1481,22,3,,,,,,,317.75391143209634,2911.7338440418243
1103510,756,237.2900000000182,2842,48,4,,,,,,,449.18750765432804,2918.061019420624
1104735,757,62.96999999999938,1225,19,2,,,,,,,288.96403470770247,2922.300447702408
1105630,758,16.86999999999974,895,12,3,,,,,,,917.0625675783298,2923.276594877243
1107265,759,91.09000000000256,1635,26,3,,,,,,,341.00758266802825,2928.071452140808
1108649,760,84.88999999999905,1384,24,4,,,,,,,304.50178837698166,2932.6167438030243
1109892,761,63.99999999999858,1243,18,3,,,,,,,915.6445573933164,2933.974483728409
1111404,762,103.48000000000297,1512,24,4,,,,,,,323.8904833530192,2938.642938375473
1112959,763,87.90999999999954,1555,25,3,,,,,,,337.70624807610807,2943.2533729076385
1115706,764,227.54000000001636,2747,50,6,,,,,,,460.30711268433356,2949.221371412277
1118093,765,167.68000000000873,2387,40,5,,,,,,,430.39029702757483,2954.767746448517
1120274,766,165.14000000000908,2181,37,3,,,,,,,263.08208182719386,2963.058154821396
1121577,767,70.84999999999894,1303,21,4,,,,,,,902.9225671242813,2964.501451253891
1123115,768,95.98000000000134,1538,25,3,,,,,,,332.25153019258295,2969.130635023117
1124012,769,26.829999999999607,897,12,2,,,,,,,893.0505498292962,2970.1353001594543
1125845,770,117.78000000000476,1833,31,3,,,,,,,368.2301563235873,2975.113386631012
1127077,771,62.729999999998675,1232,18,2,,,,,,,281.93786302882626,2979.4833331108093
1128010,772,30.729999999999443,933,13,2,,,,,,,906.1052709573358,2980.513224363327
1129357,773,65.70999999999887,1347,19,2,,,,,,,302.0266854784018,2984.9732682704926
1130784,774,89.10000000000161,1427,21,4,,,,,,,314.48149127969555,2989.5110800266266
1131517,775,-5.730000000000153,733,12,2,,,,,,,902.7811542726128,2990.323230266571
1131980,776,-20.30000000000007,463,4,1,,,,,,,910.4663214767278,2990.831938266754
1133018,777,27.449999999999577,1038,14,3,,,,,,,253.49322322763118,2994.9269256591797
1134922,778,140.4700000000064,1904,28,3,,,,,,,385.2539067721758,2999.869330406189
1136990,779,148.8400000000079,2068,35,6,,,,,,,393.60628737555925,3005.1234698295593
1138756,780,136.24000000000638,1766,32,5,,,,,,,360.07137045651876,3010.028276205063
1140080,781,87.38999999999966,1324,19,2,,,,,,,914.1631230296323,3011.4768085479736
1141723,782,108.41000000000437,1643,29,3,,,,,,,345.16073764140214,3016.2371377944946
1142904,783,57.399999999998926,1181,19,2,,,,,,,280.0481720531264,3020.454468727112
1145180,784,176.0900000000098,2276,37,3,,,,,,,414.8658187782595,3025.9407699108124
1147258,785,150.45000000000817,2078,37,6,,,,,,,395.54625856465276,3031.194479227066
1149283,786,134.54000000000275,2025,33,3,,,,,,,390.76232017372763,3036.3768384456635
1150538,787,66.10999999999906,1255,20,6,,,,,,,917.3178639623151,3037.7451968193054
1151737,788,39.239999999999384,1199,19,2,,,,,,,277.9642734496906,3042.0588603019714
1152273,789,-22.220000000000113,536,6,1,,,,,,,747.8397705000485,3042.77587890625
1153719,790,71.84999999999927,1446,24,3,,,,,,,318.8318175982973,3047.31138753891
1154795,791,35.79999999999922,1076,16,2,,,,,,,922.1667377062378,3048.4784479141235
1155831,792,42.42999999999912,1036,15,2,,,,,,,246.87244606151341,3052.6751449108124
1156442,793,-13.940000000000138,611,9,1,,,,,,,901.487157064116,3053.3530790805817
1157043,794,-4.9000000000001265,601,8,1,,,,,,,914.3077736102542,3054.0105509757996
1157504,795,-19.870000000000136,461,7,1,,,,,,,132.5621378933417,3057.4883654117584
1158119,796,-3.630000000000102,615,8,1,,,,,,,905.2943938714358,3058.1679146289825
1159875,797,99.87999999999893,1756,28,2,,,,,,,354.94888217960613,3063.115285873413
1160637,798,17.449999999999434,762,9,1,,,,,,,909.8402821704808,3063.9530353546143
1161139,799,-30.480000000000146,502,6,1,,,,,,,905.4301142269118,3064.5076401233673
1161443,800,-37.190000000000076,304,3,1,,,,,,,93.16291178172143,3067.7708847522736
1161944,801,-15.90000000000012,501,7,1,,,,,,,895.6549794642812,3068.330476284027
1162299,802,-31.86000000000008,355,3,1,,,,,,,890.4278602204873,3068.729400396347
1163355,803,39.50999999999954,1056,16,3,,,,,,,256.32807141005225,3072.8493082523346
1163992,804,-11.010000000000133,637,10,1,,,,,,,909.2483249615442,3073.5501103401184
1164534,805,-11.59000000000013,542,8,1,,,,,,,909.352024019911,3074.1463425159454
1164905,806,-30.1500000000001,371,4,1,,,,,,,902.0463507709574,3074.5578191280365
1166428,807,80.36000000000072,1523,24,3,,,,,,,328.44203593263876,3079.195034980774
1167806,808,63.37999999999913,1378,21,3,,,,,,,309.9876928509574,3083.640549182892
1168694,809,25.99999999999939,888,12,2,,,,,,,930.5943473869945,3084.594978094101
1169769,810,41.479999999999244,1075,16,2,,,,,,,253.6781409885875,3088.83282828331
1170283,811,-14.47000000000007,514,7,1,,,,,,,909.3817634530883,3089.3982393741608
1170776,812,-16.88000000000011,493,7,1,,,,,,,903.4140394536329,3089.9441356658936
1171720,813,32.409999999999464,944,13,2,,,,,,,238.53218768182447,3093.9018170833588
1172224,814,-25.300000000000104,504,8,1,,,,,,,914.4664947550519,3094.4531564712524
1173102,815,24.879999999999455,878,13,2,,,,,,,924.3225235473153,3095.4032442569733
1173859,816,11.879999999999683,757,11,2,,,,,,,198.63657934657323,3099.2144317626953
1174551,817,4.6299999999999315,692,10,2,,,,,,,930.2727326340189,3099.958503961563
1175230,818,3.3499999999998806,679,10,3,,,,,,,932.1493150111023,3100.6871366500854
1175804,819,-12.980000000000075,574,9,1,,,,,,,161.06298322464144,3104.251160621643
1177026,820,62.74999999999906,1222,18,1,,,,,,,928.6700316970936,3105.5672192573547
1177516,821,-17.06000000000008,490,7,1,,,,,,,898.8441558327961,3106.112540245056
1178795,822,68.09999999999943,1279,20,4,,,,,,,294.19602751730224,3110.460209608078
1179249,823,-35.98000000000012,454,8,1,,,,,,,921.6202702696162,3110.9530663490295
1179544,824,-53.15000000000005,295,4,1,,,,,,,895.0609164155309,3111.2828311920166
1181646,825,116.94000000000285,2102,37,6,,,,,,,402.08870807529786,3116.5107073783875
1182990,826,75.61000000000031,1344,18,1,,,,,,,308.7400086392407,3120.8640880584717
1184043,827,33.34999999999919,1053,16,1,,,,,,,263.6075476022504,3124.8588478565216
1185014,828,39.769999999999264,971,15,2,,,,,,,916.6794251437703,3125.918342590332
1185686,829,2.32999999999992,672,9,1,,,,,,,895.9270892668239,3126.668595314026
1186204,830,-19.49000000000008,518,8,1,,,,,,,147.55569645674043,3130.1793060302734
1188225,831,149.06000000000387,2021,33,4,,,,,,,388.06483415993375,3135.387370824814
1189808,832,76.35000000000025,1583,28,4,,,,,,,913.9558716059171,3137.1195628643036
1190520,833,6.479999999999976,712,9,1,,,,,,,190.76809657246008,3140.8520159721375
1191015,834,-16.50000000000009,495,6,1,,,,,,,894.1519021686466,3141.405816078186
1191739,835,-1.9800000000001248,724,11,2,,,,,,,888.3827386697178,3142.220932006836
1192492,836,1.1499999999999133,753,11,2,,,,,,,198.07829732150248,3146.0226695537567
1193258,837,2.539999999999928,766,13,1,,,,,,,924.6914844627826,3146.8513939380646
1194031,838,-1.2800000000001361,773,13,1,,,,,,,204.09182340243328,3150.6390566825867
1194687,839,-9.190000000000147,656,9,1,,,,,,,913.6676144938865,3151.35719537735
1196141,840,76.86999999999878,1454,23,3,,,,,,,321.10143368720816,3155.885495185852
1197276,841,52.519999999999115,1135,18,2,,,,,,,916.4077925947943,3157.1242389678955
1198079,842,16.76999999999955,803,13,3,,,,,,,879.4281755845162,3158.0375621318817
1200026,843,125.16000000000342,1947,34,4,,,,,,,387.5956576694823,3163.061053276062
1202008,844,128.39000000000604,1982,33,6,,,,,,,365.98423722049387,3168.4768211841583
1202460,845,-26.510000000000055,452,8,1,,,,,,,131.13443935867417,3171.923887729645
1204571,846,162.62000000000842,2111,38,5,,,,,,,392.1527315548596,3177.307213783264
1206281,847,118.71000000000316,1710,28,4,,,,,,,354.0978198791569,3182.136598587036
1208773,848,204.40000000001282,2492,42,5,,,,,,,442.5938286391024,3187.767216682434
1209159,849,-43.52000000000004,386,5,1,,,,,,,878.3239401394792,3188.2069041728973
1210485,850,77.7200000000004,1326,20,3,,,,,,,301.8897917267938,3192.5994279384613
1212392,851,145.20000000000624,1907,33,3,,,,,,,905.3980107938645,3194.7058959007263
1213645,852,75.02000000000089,1253,20,3,,,,,,,287.7158670932187,3199.0610892772675
1213941,853,-42.830000000000084,296,4,1,,,,,,,895.3178497613715,3199.3918981552124
1215121,854,56.48999999999889,1180,20,2,,,,,,,274.35850456260937,3203.6930491924286
1216196,855,35.48999999999905,1075,15,2,,,,,,,931.226131385987,3204.84770321846
1218983,856,235.58000000001604,2787,51,7,,,,,,,311.1611474534645,3213.8047168254852
1220902,857,126.79000000000492,1919,33,4,,,,,,,376.5153245720957,3218.9016304016113
1223735,858,230.910000000016,2833,53,6,,,,,,,465.992655940861,3224.98139500618
1226515,859,199.65000000001453,2780,53,7,,,,,,,469.89105371536306,3230.8978822231293
1228860,860,192.08000000001033,2345,44,6,,,,,,,271.65432692752523,3239.5303773880005
1231620,861,217.74000000001462,2760,46,5,,,,,,,472.5452959629334,3245.3712384700775
1233450,862,131.71000000000464,1830,30,4,,,,,,,377.15981216050795,3250.2235136032104
1235104,863,92.59000000000327,1654,29,4,,,,,,,353.08489444116844,3254.9081802368164
1236463,864,81.08000000000075,1359,22,3,,,,,,,919.062716672834,3256.387089729309
1239513,865,273.8000000000211,3050,56,5,,,,,,,329.47386026614885,3265.644458293915
1242810,866,299.920000000025,3297,61,6,,,,,,,508.69468347039725,3272.1259427070618
1245081,867,174.9300000000109,2271,38,5,,,,,,,427.74613520201785,3277.4353370666504
1247278,868,136.56000000000586,2197,38,4,,,,,,,267.50004305018734,3285.6485962867737
1249193,869,131.92000000000303,1915,33,4,,,,,,,884.7030149279805,3287.813376426697
1251213,870,122.68000000000735,2020,35,4,,,,,,,396.30222194614487,3292.9107234477997
1253198,871,159.3600000000077,1985,33,4,,,,,,,371.702323604547,3298.251234292984
1254560,872,81.34000000000037,1362,21,3,,,,,,,304.5301957170232,3302.724016904831
1255991,873,89.03000000000137,1431,23,3,,,,,,,315.0938112500591,3307.265741586685
1257197,874,45.019999999999015,1206,21,5,,,,,,,928.0230372439847,3308.565491437912
1259398,875,147.4500000000054,2201,39,5,,,,,,,412.8702463179324,3313.896674156189
1261368,876,116.90000000000474,1970,33,6,,,,,,,385.0666423587718,3319.0129384994507
1262323,877,32.97999999999932,955,15,1,,,,,,,235.8563162936605,3323.062202692032
1264744,878,146.5800000000081,2421,43,5,,,,,,,428.0684175281754,3328.7180457115173
1267962,879,231.3800000000162,3218,60,10,,,,,,,342.7366431307945,3338.1073722839355
1270078,880,158.14000000000715,2116,37,4,,,,,,,399.17193387969434,3343.40855550766
1270758,881,3.5599999999998673,680,10,2,,,,,,,902.5046301936407,3344.162256717682
1272878,882,143.86000000000746,2120,39,4,,,,,,,406.27225726774105,3349.380607366562
1274441,883,67.67999999999827,1563,25,2,,,,,,,327.74774016842593,3354.1497888565063
1275590,884,59.02999999999951,1149,17,3,,,,,,,902.8872117738199,3355.4225931167603
1278894,885,243.9500000000161,3304,58,4,,,,,,,347.74195422772937,3364.924177646637
1279530,886,-7.079999999999998,636,10,2,,,,,,,942.6777859959071,3365.5990602970123
1281028,887,95.80000000000149,1498,25,5,,,,,,,330.3088758084542,3370.1344480514526
1281977,888,31.799999999999308,949,15,1,,,,,,,913.6528665198234,3371.1733210086823
1284256,889,143.88000000000426,2279,37,4,,,,,,,268.91426167780696,3379.6482989788055
1286937,890,203.71000000000993,2681,46,4,,,,,,,418.96421050623564,3386.0475981235504
1288193,891,55.18999999999859,1256,20,4,,,,,,,281.22916919017115,3390.5139560699463
1290289,892,145.3200000000059,2096,36,4,,,,,,,386.6375583985245,3395.93523144722
1291715,893,82.8599999999988,1426,22,5,,,,,,,861.3044862711486,3397.5910198688507
1292734,894,33.92999999999941,1019,16,2,,,,,,,226.66326137572008,3402.086812734604
1293929,895,73.4199999999995,1195,19,2,,,,,,,813.0140294662425,3403.5568475723267
1295081,896,53.37999999999915,1152,17,1,,,,,,,258.4621345375761,3408.0141859054565
1296171,897,37.169999999999085,1090,18,1,,,,,,,746.5892216468498,3409.474307537079
1297034,898,23.159999999999627,863,13,1,,,,,,,120.9351828452182,3416.610544681549
1298135,899,38.859999999999346,1101,17,3,,,,,,,490.72242980424994,3418.854387998581
1298592,900,-15.770000000000067,457,6,1,,,,,,,79.20137581208088,3424.624655485153
1299673,901,51.499999999999204,1081,17,1,,,,,,,501.31481942995714,3426.781184196472
1300587,902,28.399999999999565,914,13,1,,,,,,,185.6609095839704,3431.704311132431
1302034,903,70.4899999999991,1447,23,3,,,,,,,706.7347999203038,3433.751914024353
1303145,904,49.61999999999949,1111,17,2,,,,,,,233.32622873800034,3438.5136318206787
1304588,905,84.91000000000082,1443,23,4,,,,,,,275.03514052743714,3443.7605164051056
1305371,906,14.279999999999923,783,10,2,,,,,,,671.2260741816256,3444.9272248744965
1306445,907,30.039999999999743,1074,14,2,,,,,,,671.2742467041911,3446.527322292328
1308365,908,136.22000000000517,1920,33,5,,,,,,,340.00355157985774,3452.1744940280914
1308782,909,-24.9500000000001,417,6,1,,,,,,,106.71258199790947,3456.0824031829834
1311012,910,163.68000000000794,2230,38,3,,,,,,,408.8479126340865,3461.5369861125946
1312020,911,38.22999999999904,1008,15,2,,,,,,,891.7543982280745,3462.6675341129303
1313914,912,133.260000000005,1894,33,7,,,,,,,366.9262895414569,3467.8295538425446
1316242,913,164.99000000000706,2328,41,6,,,,,,,403.1052436742978,3473.604969024658
1318174,914,147.60000000000596,1932,34,4,,,,,,,360.3672038705899,3478.966383457184
1321234,915,254.01000000002216,3060,56,4,,,,,,,318.5233166626851,3488.5734603405
1322583,916,80.12000000000074,1349,23,2,,,,,,,889.9095475363632,3490.089571237564
1323625,917,52.51999999999923,1042,15,1,,,,,,,243.56959754320698,3494.3678138256073
1325045,918,82.64999999999853,1420,22,4,,,,,,,819.2175778419542,3496.1014914512634
1325780,919,3.889999999999901,735,12,2,,,,,,,176.69370650918137,3500.2614436149597
1327106,920,62.75999999999902,1326,22,3,,,,,,,293.44973069714825,3504.7802922725677
1327804,921,9.819999999999702,698,11,3,,,,,,,894.185518443722,3505.5611226558685
1329966,922,177.76000000000857,2162,33,3,,,,,,,411.74744408406036,3510.8120486736298
1330602,923,-1.610000000000042,636,9,1,,,,,,,909.6709606665248,3511.511570930481
1332949,924,182.4900000000105,2347,39,3,,,,,,,371.5264983143228,3517.829064130783
1333773,925,18.449999999999676,824,11,2,,,,,,,184.07347458335752,3522.3057651519775
1335468,926,117.75000000000415,1695,29,4,,,,,,,333.10027972692444,3527.3944964408875
1337217,927,118.69000000000439,1749,28,2,,,,,,,755.2925388089548,3529.7103538513184
1339105,928,123.85000000000568,1888,30,3,,,,,,,337.0417278459597,3535.3121790885925
1341710,929,206.10000000001313,2605,47,6,,,,,,,242.95847615215334,3546.0344200134277
1343521,930,130.82000000000517,1811,32,5,,,,,,,304.8845382376017,3551.9745688438416
1345058,931,95.56000000000185,1537,23,4,,,,,,,771.7718805537382,3553.966300010681
1345796,932,4.609999999999808,738,10,3,,,,,,,168.711402438486,3558.3408052921295
1347707,933,120.73000000000523,1911,33,6,,,,,,,325.1739163401566,3564.21781539917
1349874,934,168.03000000000733,2167,38,4,,,,,,,347.371347779417,3570.456296682358
1350945,935,49.87999999999888,1071,15,2,,,,,,,761.5886373223055,3571.8627309799194
1352944,936,145.0000000000055,1999,35,5,,,,,,,320.61757197402267,3578.0977375507355
1355097,937,152.34000000000748,2153,36,8,,,,,,,345.71146786337334,3584.3256533145905
1357070,938,147.48000000000573,1973,32,4,,,,,,,324.14982125534704,3590.4125134944916
1358629,939,98.08000000000162,1559,23,3,,,,,,,279.3379185639899,3595.9937691688538
1360288,940,123.80000000000457,1659,26,3,,,,,,,299.2189709896915,3601.5383801460266
1361978,941,111.83000000000281,1690,26,2,,,,,,,291.39671727334803,3607.3381991386414
1363558,942,90.36999999999918,1580,25,4,,,,,,,755.1019307797056,3609.4308500289917
1365140,943,100.15999999999939,1582,20,4,,,,,,,287.5329604825036,3614.9329788684845
1367782,944,229.690000000015,2642,46,5,,,,,,,375.9824156686563,3621.9601244926453
1369911,945,139.7600000000068,2129,36,6,,,,,,,350.8289950935182,3628.0287799835205
1372965,946,244.05000000001934,3054,51,4,,,,,,,282.3843103774049,3638.8440589904785
1374733,947,130.49000000000413,1768,30,5,,,,,,,309.02391553477116,3644.5654847621918
1375967,948,57.58999999999895,1234,19,2,,,,,,,743.5818172989259,3646.2252340316772
1377517,949,86.5399999999991,1550,25,3,,,,,,,287.77052195532553,3651.6116218566895
1378513,950,37.05999999999931,996,16,2,,,,,,,204.71690120139016,3656.4771678447723
1380439,951,132.7300000000055,1926,33,7,,,,,,,324.4755590447001,3662.413093328476
1382351,952,120.71000000000176,1912,33,4,,,,,,,708.189784222915,3665.113128900528
1383863,953,93.01000000000128,1512,26,4,,,,,,,248.81802177634708,3671.190039396286
1384707,954,11.209999999999859,844,12,4,,,,,,,200.8621302143124,3675.3921744823456
1385958,955,64.319999999999,1251,18,2,,,,,,,868.7821862932717,3676.832277059555
1387310,956,75.86999999999931,1352,23,3,,,,,,,281.73806726767685,3681.6312413215637
1389481,957,159.77000000000868,2171,37,4,,,,,,,376.4250126703679,3687.398835659027
1391457,958,147.3500000000057,1976,34,4,,,,,,,334.3168223232189,3693.3096208572388
1392963,959,77.60000000000076,1506,25,4,,,,,,,324.0004216309825,3697.958109140396
1395305,960,167.64000000000755,2342,42,7,,,,,,,412.2034457278498,3703.639943599701
1397239,961,118.88000000000507,1934,33,3,,,,,,,380.41830601763036,3708.7240505218506
1399151,962,136.15000000000555,1912,33,4,,,,,,,367.2784202617463,3713.9301133155823
1401173,963,137.97000000000628,2022,35,4,,,,,,,376.3196023070783,3719.3034358024597
1403092,964,132.11000000000644,1919,35,4,,,,,,,350.53156655704737,3724.778188943863
1405540,965,188.80000000001138,2448,46,7,,,,,,,369.17485872422515,3731.409384250641
1407929,966,177.42000000001008,2389,43,4,,,,,,,360.1259085277617,3738.0433735847473
1410605,967,218.6500000000149,2676,46,4,,,,,,,393.9797913296247,3744.8358056545258
1413925,968,294.53000000002595,3320,59,4,,,,,,,301.6360260582396,3755.8426184654236
1414716,969,20.21999999999992,791,11,2,,,,,,,745.3749502644438,3756.9040338993073
1415613,970,27.1899999999996,897,13,2,,,,,,,192.30462133330715,3761.5687584877014
1416813,971,59.419999999999206,1200,17,2,,,,,,,744.566976658523,3763.180696964264
1417874,972,44.53999999999916,1061,16,3,,,,,,,218.49253525645824,3768.036861896515
1419114,973,54.31999999999943,1240,19,3,,,,,,,757.6123719119201,3769.6737897396088
1419920,974,7.49999999999978,806,12,4,,,,,,,176.49429799013907,3774.240722179413
1420738,975,18.40999999999986,818,13,3,,,,,,,743.0082005182306,3775.34184718132
1421907,976,51.92999999999907,1169,17,2,,,,,,,206.4787993698767,3781.003626346588
1422512,977,-9.95000000000006,605,7,1,,,,,,,804.6785856984303,3781.755794763565
1423051,978,-11.670000000000094,539,8,1,,,,,,,907.0111618632661,3782.350216150284
1423619,979,-8.450000000000127,568,8,1,,,,,,,146.17756456491372,3786.236074924469
1424804,980,48.07999999999894,1185,19,3,,,,,,,817.3417438004379,3787.6860859394073
1425564,981,12.22999999999972,760,10,3,,,,,,,180.33734483900233,3791.900604248047
1427082,982,94.23000000000238,1518,22,3,,,,,,,780.2976614061859,3793.846303462982
1428724,983,77.72999999999885,1642,26,3,,,,,,,319.0509777615533,3798.993002176285
1429622,984,22.329999999999792,898,13,1,,,,,,,195.40170928021485,3803.588887691498
1430426,985,16.93999999999975,804,12,3,,,,,,,903.5464064808873,3804.4788908958435
1431055,986,-17.350000000000055,629,8,1,,,,,,,894.6745528097691,3805.182157754898
1431645,987,-5.960000000000129,590,8,1,,,,,,,136.78759125338357,3809.4955999851227
1432718,988,51.16999999999899,1073,17,2,,,,,,,632.4131958794178,3811.192478656769
1434608,989,114.51000000000313,1890,32,4,,,,,,,305.57945123609727,3817.377653360367
1435040,990,-23.41000000000009,432,6,1,,,,,,,745.9287795299092,3817.957086086273
1435896,991,22.76999999999964,856,13,2,,,,,,,208.87445591372577,3822.055382013321
1436705,992,17.039999999999594,809,12,3,,,,,,,758.8157722777989,3823.1217279434204
1437466,993,12.479999999999748,761,12,2,,,,,,,775.595825602157,3824.103091955185
1438477,994,39.499999999999254,1011,16,2,,,,,,,240.41686121963707,3828.3084814548492
1439958,995,90.06000000000233,1481,22,4,,,,,,,245.9297993426473,3834.330744743347
1440663,996,6.149999999999849,705,10,2,,,,,,,733.4745521180213,3835.2921459674835
1442513,997,104.62000000000515,1850,31,6,,,,,,,324.5642924426494,3840.9923849105835
1444562,998,151.34000000000873,2049,37,5,,,,,,,310.9620885223494,3847.581835269928
1446020,999,88.02000000000076,1458,24,2,,,,,,,289.0129769777659,3852.626945734024
1448320,1000,178.39000000000937,2300,39,4,,,,,,,359.4445977077278,3859.025885820389
1450591,1001,175.95000000000982,2271,41,6,,,,,,,402.8626512913451,3864.6632997989655
1453419,1002,240.71000000001942,2828,51,6,,,,,,,454.0813511149032,3870.891453742981
1455450,1003,149.2500000000071,2031,36,5,,,,,,,369.52998749122224,3876.3878099918365
1460206,1004,448.38000000004666,4756,86,6,,,,,,,330.84585255461747,3890.763266801834
1462304,1005,147.00000000000767,2098,36,5,,,,,,,169.43899389282905,3903.1543090343475
1464014,1006,120.40000000000505,1710,26,2,,,,,,,670.5537655343925,3905.7046597003937
1464985,1007,34.88999999999916,971,16,1,,,,,,,202.32545547914563,3910.504063844681
1467389,1008,199.96000000001243,2404,43,4,,,,,,,368.2594476648899,3917.0322482585907
1469610,1009,169.50000000000824,2221,37,4,,,,,,,368.3422721681329,3923.0621767044067
1471876,1010,180.27000000001053,2266,40,7,,,,,,,368.8955084823752,3929.205092191696
1473693,1011,126.73000000000306,1817,28,4,,,,,,,328.6882556334988,3934.7333374023438
1474241,1012,-5.800000000000075,548,8,1,,,,,,,842.1837373666683,3935.384219646454
1475775,1013,95.56000000000274,1534,24,4,,,,,,,289.37499591285393,3940.6854729652405
1477427,1014,128.620000000005,1652,28,4,,,,,,,291.29891998954537,3946.3568844795227
1480972,1015,318.31000000003144,3545,63,5,,,,,,,305.9508357458987,3957.944021463394
1482596,1016,105.1800000000023,1624,27,3,,,,,,,809.41244155821,3959.9506001472473
1483990,1017,76.15999999999968,1394,22,4,,,,,,,286.19175493449103,3964.821637868881
1485798,1018,125.29000000000444,1808,32,5,,,,,,,329.4385983112458,3970.3100101947784
1487726,1019,143.3500000000071,1928,33,5,,,,,,,341.3582314149167,3975.9583241939545
1490146,1020,171.16000000001054,2420,42,5,,,,,,,389.47167543969744,3982.1720566749573
1492065,1021,132.26000000000602,1919,33,4,,,,,,,360.3004412800797,3987.498416185379
1493512,1022,86.5400000000013,1447,23,4,,,,,,,265.2181686281332,3992.9546191692352
1496544,1023,247.68000000002104,3032,59,7,,,,,,,399.946766392461,4000.535912513733
1499217,1024,224.4500000000172,2673,49,5,,,,,,,283.2214848868708,4009.9739348888397
1501332,1025,168.25000000000773,2115,38,5,,,,,,,346.30383440912817,4016.0814638137817
1503993,1026,187.02000000001306,2661,49,5,,,,,,,272.0209294208453,4025.863953590393
1505888,1027,139.70000000000627,1895,35,7,,,,,,,297.7651811536461,4032.2282586097717
1510245,1028,381.21000000004244,4357,86,7,,,,,,,344.216379641725,4044.886220216751
1513184,1029,218.96000000001766,2939,54,5,,,,,,,380.2776403934039,4052.6149983406067
1514996,1030,131.72000000000457,1812,30,4,,,,,,,237.43570746687251,4060.246733903885
1517742,1031,218.14000000001823,2746,48,4,,,,,,,212.2133866524385,4073.186723947525
1519370,1032,91.56000000000122,1628,26,2,,,,,,,571.8069870329629,4076.03400850296
1520458,1033,47.99999999999931,1088,17,2,,,,,,,175.02984323381804,4082.250319957733
1522614,1034,153.4400000000081,2156,39,4,,,,,,,292.65599164516817,4089.617538690567
1523129,1035,-14.530000000000078,515,8,1,,,,,,,593.7488310930084,4090.485189437866
1524426,1036,60.54000000000024,1297,21,3,,,,,,,220.90044372464268,4096.35679602623
1526179,1037,115.570000000004,1753,31,7,,,,,,,268.3459995775145,4102.889579296112
1528207,1038,105.23000000000594,2028,36,4,,,,,,,286.1191114535222,4109.977725982666
1529806,1039,103.49000000000358,1599,26,3,,,,,,,537.270138321168,4112.954052448273
1531099,1040,70.51999999999975,1293,21,3,,,,,,,210.86827272659406,4119.085997581482
1533086,1041,151.01000000000943,1987,34,4,,,,,,,293.9340304822178,4125.846267461777
1534787,1042,94.64000000000459,1701,29,3,,,,,,,266.33837931379213,4132.2331120967865
1536222,1043,85.67000000000164,1435,24,3,,,,,,,236.616928894855,4138.29803109169
1538498,1044,177.01000000001142,2276,39,3,,,,,,,313.43728529698944,4145.55961561203
1539652,1045,50.40999999999913,1154,19,3,,,,,,,670.5778386626533,4147.280714035034
1540904,1046,50.54999999999909,1252,20,3,,,,,,,220.98289172400595,4152.946457386017
1542078,1047,32.05999999999934,1174,19,1,,,,,,,677.6391362583535,4154.679114341736
1543412,1048,65.10000000000105,1334,23,4,,,,,,,231.902045783151,4160.431700468063
1544663,1049,35.43999999999948,1251,20,2,,,,,,,219.40030279070976,4166.1337876319885
1546231,1050,94.95999999999934,1568,26,4,,,,,,,696.8815044667513,4168.383978366852
1547215,1051,31.689999999999323,984,15,1,,,,,,,191.82805285001083,4173.513751029968
1549501,1052,167.79000000001085,2286,38,4,,,,,,,319.5931491147205,4180.666759490967
1551419,1053,123.29000000000697,1918,36,5,,,,,,,288.83757879489656,4187.307371139526
1553770,1054,185.10000000001196,2351,44,5,,,,,,,301.16451634715816,4195.114043474197
1556420,1055,217.8500000000166,2650,50,6,,,,,,,319.9986549290029,4203.395547151566
1558899,1056,203.64000000001244,2479,42,6,,,,,,,208.67978964075826,4215.275210380554
1561366,1057,177.51000000001298,2467,44,6,,,,,,,395.6965619190183,4221.5099568367
1563271,1058,131.02000000000584,1905,33,5,,,,,,,292.1841119023054,4228.030045032501
1564914,1059,112.48000000000432,1643,28,4,,,,,,,331.73880944263766,4232.982952833176
1566212,1060,74.96000000000019,1298,20,4,,,,,,,911.587961802498,4234.407052516937
1567608,1061,85.83000000000075,1396,22,5,,,,,,,299.0921359830223,4239.07466840744
1569729,1062,168.21000000000748,2121,36,7,,,,,,,392.5882128551682,4244.477427721024
1572140,1063,189.33000000000993,2411,42,5,,,,,,,412.302054879387,4250.3252465724945
1573825,1064,101.91000000000332,1685,28,4,,,,,,,325.1612216955721,4255.507437944412
1575494,1065,109.07000000000288,1669,30,4,,,,,,,329.5183630063167,4260.572558403015
1577618,1066,163.76000000000818,2124,39,6,,,,,,,388.70198884293256,4266.037170648575
1580144,1067,186.01000000000988,2526,47,6,,,,,,,422.1259398345707,4272.021371841431
1581878,1068,110.93000000000278,1734,31,5,,,,,,,342.5930757217836,4277.082979440689
1584312,1069,192.12000000001018,2434,45,5,,,,,,,418.5486449110475,4282.898543357849
1586979,1070,221.28000000001282,2667,44,4,,,,,,,466.4788984998225,4288.616108179092
1589002,1071,152.10000000000554,2023,35,4,,,,,,,351.6193630820092,4294.369697332382
1591229,1072,164.97000000000878,2227,39,5,,,,,,,381.3005815490934,4300.2104551792145
1592892,1073,113.84000000000343,1663,29,3,,,,,,,328.78613774374156,4305.26860165596
1594866,1074,126.97000000000293,1974,36,6,,,,,,,316.5765055597141,4311.504250049591
1596824,1075,151.06000000000694,1958,32,3,,,,,,,272.13666587380635,4318.699336528778
1599458,1076,194.73000000000943,2634,49,6,,,,,,,443.8284092769397,4324.634331226349
1601954,1077,188.94000000001,2496,45,5,,,,,,,293.47799337533104,4333.139494180679
1602378,1078,-24.38000000000008,424,5,1,,,,,,,824.7272315799383,4333.653759717941
1604862,1079,166.63000000001065,2484,45,5,,,,,,,418.60163953178204,4339.588111877441
1607039,1080,159.16000000000793,2177,38,4,,,,,,,387.6418291311631,4345.204349517822
1609034,1081,108.82000000000164,1995,33,5,,,,,,,356.39605073191075,4350.802265167236
1610065,1082,35.8899999999997,1031,16,2,,,,,,,247.6979509816293,4354.964826822281
1611240,1083,56.36999999999955,1175,16,1,,,,,,,882.0593369861582,4356.297154426575
1612589,1084,74.67999999999878,1349,22,3,,,,,,,287.55202732470855,4360.988612174988
1614406,1085,130.70000000000496,1817,33,5,,,,,,,347.8711743096485,4366.211990594864
1617130,1086,228.78000000001452,2724,44,3,,,,,,,428.9182641018906,4372.563043355942
1617636,1087,-25.720000000000034,506,8,1,,,,,,,880.5121572968259,4373.137922525406
1618315,1088,2.9099999999999326,679,10,3,,,,,,,176.3164499722394,4376.989129066467
1620826,1089,200.22000000001134,2511,40,8,,,,,,,436.4517940055091,4382.742545127869
1622882,1090,166.04000000000758,2056,34,4,,,,,,,396.4885613352746,4387.928321123123
1624103,1091,66.30999999999898,1221,18,1,,,,,,,283.5196016100884,4392.235079288483
1625405,1092,74.72999999999864,1302,21,1,,,,,,,894.9567143503072,4393.690082788467
1627647,1093,145.890000000006,2242,35,4,,,,,,,357.21810977223754,4399.966552019119
1629167,1094,88.8199999999984,1520,24,3,,,,,,,290.9453528069609,4405.191163063049
1631008,1095,142.95000000000476,1841,29,3,,,,,,,242.8521136811449,4412.772118091583
1634185,1096,282.7700000000224,3177,63,8,,,,,,,306.89068004042343,4423.124533414841
1636039,1097,129.56000000000526,1854,33,5,,,,,,,248.03267653267892,4430.599641799927
1638002,1098,156.83000000000823,1963,35,6,,,,,,,256.2753850689658,4438.259611368179
1640633,1099,197.0900000000122,2631,41,3,,,,,,,215.58120473077778,4450.464076042175
1643318,1100,199.66000000001412,2685,50,6,,,,,,,343.5634203591622,4458.279417514801
1645127,1101,130.14000000000533,1809,33,5,,,,,,,249.88913268713313,4465.518865346909
1647210,1102,153.67000000000684,2083,37,4,,,,,,,261.3552526205046,4473.489035367966
1649628,1103,189.88000000000906,2418,45,6,,,,,,,290.0878636832662,4481.824644565582
1651057,1104,78.70000000000115,1429,21,3,,,,,,,224.2754980590127,4488.196564435959
1654290,1105,282.170000000022,3233,59,5,,,,,,,329.4951598403943,4498.008777141571
1657374,1106,261.1900000000203,3084,57,6,,,,,,,259.11751747824775,4509.9109263420105
1658716,1107,59.4799999999987,1342,23,4,,,,,,,696.4094654426617,4511.838129281998
1661071,1108,193.9900000000116,2355,46,6,,,,,,,217.40760257263096,4522.670488357544
1663382,1109,178.23000000000974,2311,42,6,,,,,,,319.3183810009673,4529.9080102443695
1665486,1110,160.7700000000067,2104,36,5,,,,,,,260.37669626791114,4537.988844394684
1668311,1111,219.32000000001653,2825,51,6,,,,,,,347.71037747540134,4546.113645792007
1669675,1112,71.43999999999838,1364,21,4,,,,,,,237.43708505020538,4551.858527421951
1671098,1113,78.0599999999987,1423,23,3,,,,,,,650.5927819616734,4554.045985460281
1672775,1114,110.72000000000311,1677,25,2,,,,,,,268.1728314836989,4560.299568891525
1674920,1115,171.24000000000888,2145,36,4,,,,,,,303.7309434347255,4567.3619389534
1676460,1116,100.39000000000203,1540,25,2,,,,,,,254.35371551224847,4573.416696071625
1677906,1117,95.85000000000042,1446,23,2,,,,,,,208.40949863692842,4580.355181694031
1679124,1118,50.55999999999867,1218,20,3,,,,,,,688.2319207951524,4582.125137329102
1680592,1119,73.08999999999841,1468,23,4,,,,,,,248.09492759188325,4588.042404413223
1682827,1120,171.21000000000765,2235,33,2,,,,,,,322.2650947842615,4594.977936267853
1684636,1121,124.94000000000456,1809,31,6,,,,,,,281.55599395646,4601.403185606003
1685525,1122,25.429999999999684,889,13,3,,,,,,,177.6243535116613,4606.408331394196
1686633,1123,53.87999999999916,1108,17,2,,,,,,,659.291931843637,4608.0891082286835
1688794,1124,152.30000000000626,2161,38,4,,,,,,,307.8388047776858,4615.109189987183
1689684,1125,25.849999999999447,890,14,3,,,,,,,173.0168889965005,4620.253407239914
1690909,1126,61.34999999999892,1225,20,3,,,,,,,655.200545581509,4622.123242378235
1692558,1127,107.31000000000347,1649,26,2,,,,,,,266.806448759533,4628.303907632828
1694425,1128,120.02000000000423,1867,34,6,,,,,,,287.76313625127005,4634.792065143585
1696194,1129,114.74000000000389,1769,30,4,,,,,,,282.8029320361521,4641.047493457794
1697860,1130,108.46000000000224,1666,30,5,,,,,,,260.71570710443547,4647.437803030014
1700685,1131,238.31000000001654,2825,53,6,,,,,,,357.6276353245741,4655.337253570557
1703440,1132,230.56000000001484,2755,52,6,,,,,,,343.1591804026666,4663.365780591965
1705060,1133,113.58000000000256,1620,30,4,,,,,,,266.3888633729864,4669.447301149368
1706397,1134,63.33999999999875,1337,22,3,,,,,,,235.19924981641128,4675.132054805756
1708315,1135,126.14000000000217,1918,29,2,,,,,,,293.78894036621494,4681.6607184410095
1708965,1136,-10.510000000000005,650,10,1,,,,,,,681.5744,4682.614639759064
1710218,1137,49.849999999998786,1253,19,2,,,,,,,224.5209884068514,4688.195586919785
1711969,1138,123.0200000000033,1751,26,2,,,,,,,686.6791348446104,4690.7457275390625
1713556,1139,105.39000000000296,1587,24,3,,,,,,,258.75715700216057,4696.87904715538
1714617,1140,39.009999999999124,1061,17,2,,,,,,,201.7477607012995,4702.13825917244
1718603,1141,342.4200000000329,3986,71,6,,,,,,,296.4117204434924,4715.585967302322
1720460,1142,134.570000000005,1857,34,6,,,,,,,283.96384823421613,4722.12570810318
1722431,1143,147.24000000000615,1971,34,4,,,,,,,291.91933734413277,4728.877810955048
1724432,1144,144.54000000000568,2001,36,5,,,,,,,295.9374898162207,4735.6395626068115
1726140,1145,113.65000000000386,1708,30,6,,,,,,,652.5472510451965,4738.2573664188385
1728535,1146,166.61000000000604,2395,42,7,,,,,,,200.60789474262296,4750.196251153946
1731407,1147,234.33000000001863,2872,52,5,,,,,,,321.4684093116319,4759.130440235138
1733545,1148,154.42000000000655,2138,38,5,,,,,,,289.68370889601135,4766.5111219882965
1735993,1149,168.1700000000108,2448,44,5,,,,,,,417.4818274459905,4772.375065565109
1738661,1150,232.58000000001493,2668,49,5,,,,,,,357.4920371277409,4779.83841252327
1740472,1151,105.59000000000546,1811,33,5,,,,,,,327.197083370145,4785.373486757278
1742619,1152,156.36000000000763,2147,37,5,,,,,,,280.54418521434616,4793.026743412018
1744997,1153,185.9100000000086,2378,38,3,,,,,,,204.3889260091161,4804.6616468429565
1746946,1154,135.30000000000587,1949,34,4,,,,,,,283.1410459134555,4811.545341253281
1749004,1155,157.0100000000087,2058,38,5,,,,,,,270.8221609084819,4819.147688150406
1751666,1156,202.83000000001462,2662,48,5,,,,,,,353.77339383400493,4826.672789573669
1753158,1157,80.89000000000142,1492,25,3,,,,,,,284.30524359704583,4831.920847415924
1755271,1158,168.27000000000888,2113,37,4,,,,,,,374.04127857923675,4837.570124864578
1757903,1159,224.32000000001545,2632,50,7,,,,,,,372.6014228197125,4844.634178876877
1759081,1160,47.1499999999989,1178,19,1,,,,,,,912.0209867323007,4845.92600774765
1760873,1161,113.38000000000487,1792,32,5,,,,,,,360.220795306476,4850.900887489319
1763632,1162,217.49000000001678,2759,53,6,,,,,,,294.0032823351129,4860.285428524017
1764647,1163,24.089999999999442,1015,16,2,,,,,,,903.0420922858667,4861.409609556198
1766464,1164,126.6100000000058,1817,29,3,,,,,,,362.57952661442687,4866.4211366176605
1768146,1165,102.02000000000046,1682,27,2,,,,,,,348.42280577773397,4871.248802661896
1770258,1166,137.77000000000558,2112,35,6,,,,,,,391.76124206742054,4876.640000104904
1771888,1167,111.2500000000044,1630,26,5,,,,,,,346.47358478757025,4881.344731330872
1773415,1168,74.5300000000005,1527,25,3,,,,,,,909.8533111889885,4883.023192167282
1775042,1169,90.97000000000232,1627,26,3,,,,,,,339.3591591376546,4887.817716836929
1776281,1170,43.88999999999902,1239,20,3,,,,,,,290.6730365454005,4892.080440282822
1778338,1171,121.7400000000046,2057,37,4,,,,,,,393.0204749408591,4897.314511537552
1779399,1172,29.24999999999973,1061,18,3,,,,,,,903.4645619863502,4898.489124774933
1781252,1173,134.93000000000558,1853,31,5,,,,,,,346.16135978088096,4903.842329978943
1783480,1174,135.47000000000764,2228,36,4,,,,,,,411.9997042567323,4909.250284433365
1785432,1175,144.53000000000577,1952,33,4,,,,,,,376.4864499426346,4914.435286998749
1786896,1176,88.17000000000186,1464,24,4,,,,,,,319.1464033965438,4919.022755861282
1789726,1177,224.72000000001702,2830,53,4,,,,,,,460.0174467348101,4925.174916267395
1792628,1178,247.03000000001757,2902,53,6,,,,,,,323.5961165818751,4934.1430377960205
1794551,1179,132.04000000000667,1923,34,5,,,,,,,380.23459947040135,4939.200653076172
1795620,1180,44.97999999999904,1069,16,2,,,,,,,926.7517131233319,4940.354483366013
1797211,1181,102.44000000000368,1591,24,2,,,,,,,345.73016071535704,4944.956538200378
1798284,1182,30.279999999999212,1073,17,2,,,,,,,265.92865045568135,4948.991673946381
1800345,1183,152.32000000000727,2061,36,5,,,,,,,397.7834529611155,4954.173097848892
1803167,1184,244.3400000000185,2822,54,7,,,,,,,458.85475503060337,4960.323408603668
1805481,1185,194.05000000000948,2314,44,6,,,,,,,308.07301521510584,4967.834881305695
1806575,1186,43.06999999999955,1094,15,2,,,,,,,243.68197219013422,4972.32453751564
1807603,1187,45.31999999999921,1028,16,2,,,,,,,593.1385148538278,4974.057898759842
1808463,1188,17.589999999999748,860,13,4,,,,,,,151.3499193970006,4979.7402720451355
1810820,1189,188.83000000001007,2357,44,7,,,,,,,270.4356730465322,4988.45605301857
1812953,1190,139.78000000000645,2133,37,4,,,,,,,288.1680636767176,4995.858283996582
1814513,1191,93.58999999999855,1560,25,4,,,,,,,688.1075511307672,4998.125589609146
1815187,1192,7.499999999999801,674,10,2,,,,,,,145.22636572593922,5002.76678609848
1816700,1193,77.80999999999892,1513,25,3,,,,,,,248.84895080615564,5008.846945285797
1818337,1194,106.66000000000234,1637,29,4,,,,,,,682.8573124400791,5011.244390964508
1820403,1195,144.1200000000086,2066,38,5,,,,,,,307.90091066614355,5017.954503297806
1822647,1196,167.110000000004,2244,41,5,,,,,,,318.2346254292372,5025.006093502045
1824787,1197,170.89000000000843,2140,42,7,,,,,,,200.07338764718247,5035.7023594379425
1825641,1198,21.8299999999999,854,13,2,,,,,,,622.5894199263829,5037.0742309093475
1827280,1199,106.2300000000007,1639,25,2,,,,,,,261.98091128825575,5043.3307139873505
1828801,1200,98.89000000000172,1521,25,4,,,,,,,685.5936930253612,5045.549433231354
1830112,1201,71.07999999999936,1311,20,2,,,,,,,233.70395752849805,5051.159291982651
1831859,1202,122.8500000000035,1747,31,5,,,,,,,275.80188663727847,5057.493752717972
1835489,1203,300.8400000000282,3630,64,6,,,,,,,291.21197399938774,5069.959078073502
1836429,1204,30.68,940,14,3,,,,,,,697.9701741860251,5071.306013584137
1838213,1205,111.41000000000314,1784,28,3,,,,,,,283.76077753376717,5077.593153715134
1840144,1206,152.53000000000497,1931,29,2,,,,,,,298.7433256186017,5084.05709195137
1841669,1207,83.69999999999962,1525,25,3,,,,,,,261.2898605795269,5089.893713474274
1842628,1208,32.74999999999961,959,14,5,,,,,,,682.6795275276498,5091.298729419708
1843193,1209,-9.21000000000005,565,9,1,,,,,,,689.577017569538,5092.118229627609
1844752,1210,82.84000000000057,1559,24,3,,,,,,,262.77353349857043,5098.0512816905975
1845590,1211,25.089999999999556,838,11,1,,,,,,,169.55403123604518,5102.993813991547
1846715,1212,50.84999999999902,1125,17,2,,,,,,,700.7806084858073,5104.599372625351
1848709,1213,140.10000000000713,1994,33,5,,,,,,,301.9567690665888,5111.2031581401825
1850021,1214,55.949999999998646,1312,20,3,,,,,,,234.75317369990637,5116.792231559753
1850790,1215,12.599999999999952,769,10,2,,,,,,,686.8768390996504,5117.911985635757
1851841,1216,47.67999999999889,1051,16,3,,,,,,,203.51947464232308,5123.076256752014
1854078,1217,195.41000000000852,2237,38,5,,,,,,,308.68820851304474,5130.323238372803
1854855,1218,13.169999999999945,777,10,4,,,,,,,656.9242374307064,5131.506206274033
1855935,1219,46.30999999999971,1080,15,3,,,,,,,206.62202052359044,5136.733285665512
1857181,1220,69.27999999999902,1246,21,3,,,,,,,708.6117116053157,5138.491848945618
1859195,1221,156.5400000000068,2014,35,6,,,,,,,302.8811586699276,5145.141573190689
1861255,1222,141.74000000000734,2060,36,6,,,,,,,313.5439117418504,5151.71183347702
1863333,1223,123.22000000000493,2078,36,3,,,,,,,307.3771641917479,5158.472460508347
1864251,1224,29.599999999999532,918,12,2,,,,,,,177.40611603241493,5163.647187232971
1866219,1225,126.0700000000053,1968,32,3,,,,,,,305.7860540516311,5170.083225011826
1868242,1226,112.0000000000062,2023,34,5,,,,,,,311.9515549697219,5176.568448781967
1870614,1227,175.1000000000086,2372,42,5,,,,,,,334.89438769454574,5183.651474237442
1873613,1228,217.83000000001786,2999,56,6,,,,,,,371.4369993099072,5191.72576212883
1876034,1229,185.97000000001123,2421,44,5,,,,,,,221.02544928889662,5202.679481267929
1880124,1230,375.67000000003725,4090,74,7,,,,,,,303.0440075380917,5216.176092863083
1882436,1231,174.7200000000107,2312,43,7,,,,,,,323.4353158609043,5223.324536323547
1885272,1232,226.9400000000184,2836,51,5,,,,,,,365.88857977738127,5231.075721740723
1887794,1233,211.7200000000123,2522,46,6,,,,,,,332.21966789888205,5238.667279243469
1890736,1234,242.7000000000189,2942,57,6,,,,,,,249.62434630511274,5250.45315861702
1894270,1235,321.49000000002854,3534,65,6,,,,,,,395.4613678769482,5259.389777898788
1895769,1236,86.62000000000073,1499,23,3,,,,,,,248.42873276589995,5265.423898935318
1896372,1237,-4.940000000000083,603,9,1,,,,,,,719.0037153204304,5266.262755155563
1897260,1238,26.149999999999537,888,12,2,,,,,,,180.23422840028766,5271.189874649048
1899512,1239,148.8000000000102,2252,39,3,,,,,,,314.82394968748326,5278.343285083771
1900447,1240,31.02999999999929,935,13,3,,,,,,,692.454329443884,5279.693728685379
1900788,1241,-33.140000000000065,341,5,1,,,,,,,69.60766909122145,5284.592759370804
1901849,1242,44.41999999999907,1061,18,2,,,,,,,564.2243556055492,5286.4734263420105
1905271,1243,289.9300000000266,3422,59,5,,,,,,,273.155314177055,5299.001257419586
1907287,1244,142.8600000000069,2016,36,5,,,,,,,296.0080619388904,5305.812108039856
1908376,1245,47.75999999999908,1089,18,2,,,,,,,692.724440755385,5307.384355545044
1910443,1246,147.86000000000587,2067,36,4,,,,,,,304.45597966778524,5314.173709630966
1911733,1247,54.339999999999144,1290,20,6,,,,,,,232.77953796981166,5319.715632915497
1913331,1248,102.6100000000025,1598,25,3,,,,,,,256.48949408736513,5325.94616651535
1915603,1249,184.9800000000091,2272,37,4,,,,,,,324.95412236244084,5332.938188076019
1917505,1250,139.2500000000042,1902,33,5,,,,,,,295.99634485115337,5339.3641176223755
1919779,1251,188.61000000000712,2274,38,4,,,,,,,318.767813868166,5346.498028993607
1922143,1252,179.15000000000813,2364,43,7,,,,,,,330.6678035608069,5353.647404432297
1923621,1253,74.63999999999845,1478,24,3,,,,,,,252.75321549645432,5359.495245695114
1925144,1254,104.04000000000273,1523,25,3,,,,,,,251.3786039981001,5365.554006576538
1927345,1255,176.2700000000067,2201,39,5,,,,,,,322.92179557506836,5372.370108127594
1928339,1256,37.399999999999395,994,14,2,,,,,,,680.457318754065,5373.831063270569
1930351,1257,116.23000000000481,2012,36,5,,,,,,,307.87697689424954,5380.366300106049
1932038,1258,121.00000000000364,1687,29,4,,,,,,,277.4260736463317,5386.447449684143
1932748,1259,11.569999999999489,710,9,1,,,,,,,678.5786187598552,5387.494009971619
1936604,1260,300.1300000000298,3856,66,5,,,,,,,293.9650655804435,5400.611475229263
1938422,1261,145.25000000000495,1818,29,2,,,,,,,285.25105128941124,5406.985016345978
1940325,1262,124.87000000000369,1903,33,4,,,,,,,293.1321007386658,5413.4771733284
1942551,1263,178.48000000000712,2226,39,4,,,,,,,327.23547895563166,5420.27979850769
1945138,1264,202.49000000000893,2587,48,7,,,,,,,359.3710751422749,5427.478694438934
1947035,1265,113.91000000000072,1897,34,6,,,,,,,297.2567815601295,5433.86057305336
1948263,1266,62.29999999999898,1228,19,2,,,,,,,225.01274064632577,5439.318243026733
1949347,1267,42.11999999999902,1084,16,2,,,,,,,673.8277123539821,5440.927193403244
1949868,1268,-8.960000000000036,521,7,1,,,,,,,117.22894997152203,5445.371772766113
1951015,1269,48.989999999998936,1147,18,2,,,,,,,669.5561444856188,5447.085050344467
1951956,1270,25.509999999999785,941,14,2,,,,,,,186.75588587603156,5452.123881101608
1953069,1271,50.05999999999918,1113,18,2,,,,,,,598.4989069157897,5453.983899354935
1954399,1272,47.97999999999858,1330,22,3,,,,,,,240.9984994685951,5459.502782821655
1955814,1273,92.39000000000172,1415,22,5,,,,,,,667.0796375231415,5461.62415933609
1956709,1274,26.789999999999466,895,13,1,,,,,,,182.66930514073252,5466.523909568787
1958405,1275,96.8999999999984,1696,29,4,,,,,,,281.5229813448282,5472.548458337784
1959124,1276,7.749999999999858,719,10,3,,,,,,,630.7462831788628,5473.688617706299
1960056,1277,30.169999999999895,932,14,2,,,,,,,171.50730948918252,5479.123003721237
1960974,1278,14.24999999999956,918,14,2,,,,,,,598.1350350007317,5480.657988786697
1961358,1279,-29.010000000000037,384,4,1,,,,,,,615.117085958362,5481.2824239730835
1962441,1280,46.919999999999035,1083,16,2,,,,,,,184.40303184689589,5487.155637979507
1963040,1281,-10.92,599,8,1,,,,,,,646.5330763040799,5488.082320690155
1963573,1282,-12.530000000000086,533,7,1,,,,,,,661.8091078074068,5488.887876987457
1965220,1283,102.73000000000107,1647,25,2,,,,,,,258.20826406246323,5495.266630411148
1965979,1284,12.17999999999983,759,11,1,,,,,,,576.996204140157,5496.582252502441
1967213,1285,63.629999999998844,1234,19,2,,,,,,,203.34208979223146,5502.650995016098
1967614,1286,-26.940000000000005,401,6,1,,,,,,,712.9816646029295,5503.213652133942
1968226,1287,-4.380000000000003,612,10,2,,,,,,,111.50117041055132,5508.702574014664
1969252,1288,40.939999999999216,1026,15,3,,,,,,,674.2306336100066,5510.224537849426
1970226,1289,35.67999999999947,974,13,4,,,,,,,172.8177279318823,5515.860730648041
1971430,1290,65.31999999999911,1204,19,3,,,,,,,640.2083903505669,5517.74157166481
1972086,1291,10.619999999999834,656,9,1,,,,,,,610.9817460254015,5518.8154327869415
1972981,1292,25.49999999999971,895,13,2,,,,,,,153.14296521642532,5524.6598608493805
1975287,1293,162.46000000000672,2306,41,5,,,,,,,311.27568052155965,5532.068284511566
1975986,1294,5.239999999999888,699,11,2,,,,,,,611.3594991379548,5533.211898803711
1977381,1295,89.89000000000044,1395,23,4,,,,,,,189.70800249435672,5540.5654945373535
1978888,1296,86.61999999999935,1507,24,2,,,,,,,247.36743758506316,5546.657866239548
1980944,1297,136.4300000000062,2056,36,4,,,,,,,270.55022817576753,5554.2574298381805
1982989,1298,124.64000000000385,2045,37,4,,,,,,,287.08607697313295,5561.380930423737
1984423,1299,83.78000000000091,1434,21,2,,,,,,,679.120101864087,5563.492650508881
1985845,1300,83.01000000000049,1422,22,3,,,,,,,243.70445662097248,5569.327762126923
1988732,1301,246.53000000001833,2887,55,6,,,,,,,238.36598657472334,5581.43957400322
1990102,1302,78.0600000000006,1370,23,3,,,,,,,707.1959813540974,5583.37698507309
1992377,1303,160.340000000009,2275,44,6,,,,,,,313.6117041928177,5590.6314516067505
1993835,1304,92.29000000000164,1458,25,3,,,,,,,249.19299320247373,5596.482502222061
1995381,1305,91.79000000000308,1546,23,3,,,,,,,258.3615867872254,5602.466547727585
1995900,1306,-18.960000000000058,519,6,1,,,,,,,700.587955523472,5603.207530498505
1997960,1307,131.65000000000651,2060,35,4,,,,,,,305.7808040336341,5609.94454574585
2000014,1308,140.44000000000455,2054,34,5,,,,,,,297.550961907324,5616.847918510437
2000566,1309,-10.700000000000053,552,7,1,,,,,,,658.3741939006309,5617.6866953372955
