timestep,episode,episode_reward,episode_length,zombies_killed,wave,has_machinegun,mg_ammo,weapon,curriculum_stage,kill_streak,policy_loss,value_loss,entropy_loss,total_loss,clip_fraction,approx_kl,fps,elapsed_time
3245,1,994.0270320393109,3245,39,2,False,0,pistol,1,1,,,,,,,521.2143611663239,6.225847005844116
5107,2,653.4160250130117,1862,22,3,False,0,pistol,1,1,,,,,,,513.0700687591149,9.862061262130737
6185,3,473.3500000000055,1078,12,2,True,90,pistol,1,1,,,,,,,372.97193615858004,12.752556324005127
8197,4,1213.318147261559,2012,24,2,True,40,machinegun,1,1,,,,,,,535.0027801451245,16.51349687576294
9318,5,283.0886266858202,1121,12,2,False,0,pistol,1,2,,,,,,,863.6593014554206,17.824867486953735
11111,6,693.3950000000098,1793,20,3,False,0,pistol,1,1,,,,,,,488.8899669340168,21.492589712142944
13279,7,694.708157413962,2168,23,3,False,0,pistol,1,1,,,,,,,512.0929596792978,25.726412057876587
15011,8,604.2969446388582,1732,20,3,False,0,pistol,1,1,,,,,,,472.2733117081358,29.39403223991394
16604,9,492.53953619628413,1593,17,2,False,0,pistol,1,1,,,,,,,462.26987501846406,32.84028339385986
18335,10,1051.5650000000128,1731,17,2,True,20,pistol,1,1,,,,,,,885.0695068833481,34.79627752304077
19834,11,459.36399139054913,1499,17,2,False,0,pistol,1,1,,,,,,,390.79585685371273,38.6326162815094
20226,12,128.17424584968938,392,4,1,False,0,pistol,1,1,,,,,,,832.3754907554458,39.10390663146973
21441,13,416.2800000000036,1215,14,2,False,0,pistol,1,3,,,,,,,363.44845017610146,42.447295904159546
23285,14,1467.3266350260296,1844,21,3,False,0,pistol,1,1,,,,,,,488.4196180798507,46.22310280799866
25725,15,2046.1175221366475,2440,29,2,True,12,pistol,1,2,,,,,,,575.7403714652993,50.46862602233887
27437,16,1407.521904629627,1712,21,3,False,0,pistol,1,1,,,,,,,492.09315729502316,53.96115231513977
30671,17,1032.744362149756,3234,38,4,True,50,machinegun,1,1,,,,,,,638.64827758822,59.025413036346436
33139,18,891.3922774156804,2468,28,3,False,0,pistol,1,1,,,,,,,425.88817974329146,64.8207278251648
35279,19,1175.3100000000097,2140,25,2,False,0,pistol,1,1,,,,,,,525.9740663997675,68.88969945907593
37173,20,1317.0294006942042,1894,23,3,False,0,pistol,1,1,,,,,,,531.8696701636287,72.45105934143066
37954,21,809.8050000000048,781,10,1,True,3,machinegun,1,1,,,,,,,883.758206341905,73.33510184288025
40414,22,1714.1250000000086,2460,29,3,False,0,pistol,1,1,,,,,,,570.0275870915946,77.65097999572754
45173,23,2061.777032881076,4759,60,7,False,0,pistol,1,1,,,,,,,481.9234572278682,87.5263659954071
47100,24,592.9000000000079,1927,22,3,False,0,pistol,1,1,,,,,,,887.1808007544922,89.71152186393738
49361,25,1823.0725398395916,2261,27,3,False,0,pistol,1,1,,,,,,,400.4394400101409,95.35823965072632
51296,26,686.1757838971573,1935,23,3,False,0,pistol,1,1,,,,,,,522.8078256733987,99.05977749824524
52986,27,473.3104628866885,1690,16,1,False,0,pistol,1,1,,,,,,,893.6234178511785,100.95120620727539
54086,28,549.6299999999998,1100,14,2,True,37,machinegun,1,2,,,,,,,402.88610197831605,103.68185544013977
55616,29,1882.6917989636197,1530,18,2,True,4,machinegun,1,2,,,,,,,470.0079561626643,106.93754529953003
57482,30,1429.186404365657,1866,22,3,False,0,pistol,1,1,,,,,,,522.5748241346246,110.5086886882782
59395,31,1763.5400000000454,1913,21,3,True,32,machinegun,1,1,,,,,,,530.4231141337002,114.11566638946533
61432,32,1501.6750000000454,2037,25,3,False,0,pistol,1,2,,,,,,,900.0499703926677,116.37915658950806
63022,33,546.4300000000065,1590,19,2,True,50,machinegun,1,1,,,,,,,469.8856911792568,119.76323580741882
65363,34,1559.8350000000078,2341,25,2,False,0,pistol,1,1,,,,,,,579.2568387635791,123.80505537986755
66981,35,1408.452759692089,1618,20,2,False,0,pistol,1,1,,,,,,,477.3728079884587,127.19486546516418
68343,36,561.4090889311163,1362,17,2,False,0,pistol,1,1,,,,,,,443.50035611125577,130.26626467704773
69969,37,564.4200000000071,1626,18,2,False,0,pistol,1,2,,,,,,,483.47574166877627,133.6298644542694
71330,38,350.85687695185413,1361,15,2,False,0,pistol,1,2,,,,,,,881.3712591750839,135.1743392944336
72430,39,1234.047078965794,1100,13,2,False,0,pistol,1,1,,,,,,,396.1149991302826,137.95162987709045
73821,40,593.8724763099505,1391,17,2,False,0,pistol,1,1,,,,,,,450.09591000730813,141.0424132347107
75291,41,1321.275069881964,1470,16,2,False,0,pistol,1,1,,,,,,,913.4811486439036,142.65207695960999
75983,42,354.24850856177636,692,9,1,False,0,pistol,1,1,,,,,,,297.11866695657267,144.9814236164093
77538,43,625.025000000011,1555,17,2,False,0,pistol,1,1,,,,,,,899.1460257291857,146.711350440979
78693,44,331.88861589964847,1155,12,2,False,0,pistol,1,1,,,,,,,421.6702172727185,149.45085859298706
80086,45,1107.5450000000092,1393,16,2,True,3,machinegun,1,1,,,,,,,465.93428778109677,152.44084358215332
81276,46,880.3450000000025,1190,11,2,True,13,machinegun,1,1,,,,,,,851.4689805941593,153.83883118629456
82748,47,408.00500000000926,1472,15,2,False,0,pistol,1,1,,,,,,,456.6954114801281,157.06239676475525
84007,48,449.3750000000038,1259,13,1,False,0,pistol,1,1,,,,,,,425.84207994571807,160.01919174194336
86503,49,1539.10212588982,2496,28,3,False,0,pistol,1,1,,,,,,,593.1114422483906,164.2278435230255
87227,50,243.5213191576986,724,8,1,False,0,pistol,1,1,,,,,,,832.4274237474633,165.0979449748993
88724,51,550.2450000000099,1497,17,2,False,0,pistol,1,1,,,,,,,478.70738981635606,168.2254514694214
89539,52,884.5266496938291,815,10,2,True,8,machinegun,1,1,,,,,,,905.8518210141458,169.12562441825867
90479,53,381.8349999999999,940,12,2,False,0,pistol,1,1,,,,,,,361.1268205774866,171.72900795936584
91248,54,411.0000000000036,769,10,2,False,0,pistol,1,1,,,,,,,906.9869613339213,172.577241897583
92363,55,360.56500000000324,1115,14,2,False,0,pistol,1,1,,,,,,,408.07985108723005,175.30988335609436
94276,56,1326.8000000000027,1913,21,3,False,0,pistol,1,1,,,,,,,532.4863906673933,178.90286779403687
97138,57,848.1550000000135,2862,32,4,False,0,pistol,1,1,,,,,,,611.2263215000769,183.58560395240784
98922,58,1080.3149552972789,1784,20,3,True,27,machinegun,1,1,,,,,,,510.5423135719186,187.0803451538086
100201,59,382.7550000000062,1279,13,2,False,0,pistol,1,1,,,,,,,909.393625565816,188.48724460601807
101926,60,749.5273147650012,1725,20,3,False,0,pistol,1,2,,,,,,,488.4625628293878,192.01918292045593
105085,61,1386.401175071916,3159,37,4,True,32,machinegun,1,2,,,,,,,490.15919219696593,198.4644067287445
107365,62,2214.6650000000022,2280,26,3,False,0,pistol,1,1,,,,,,,559.8555887186941,202.53729844093323
108409,63,1015.6713596736394,1044,12,2,False,0,pistol,1,1,,,,,,,895.9626265290342,203.71718215942383
109806,64,430.3240924964321,1397,15,2,False,0,pistol,1,1,,,,,,,436.9448511218619,206.91473078727722
112254,65,1055.1050000000207,2448,28,3,False,0,pistol,1,1,,,,,,,580.4707777901775,211.13242197036743
115084,66,1608.249243240091,2830,32,4,False,0,pistol,1,1,,,,,,,448.3585066950194,217.44474697113037
116397,67,393.55500000000524,1313,15,2,False,0,pistol,1,1,,,,,,,917.329118853722,218.8764350414276
118984,68,925.8389729540424,2587,30,2,True,49,machinegun,1,1,,,,,,,446.4468176771416,224.6715066432953
119314,69,120.90685034085902,330,4,1,False,0,pistol,1,1,,,,,,,868.6813133018443,225.05176544189453
122483,70,1856.1727912729966,3169,37,4,True,26,machinegun,1,2,,,,,,,632.876917688453,230.0593957901001
124535,71,720.0090386125207,2052,23,3,False,0,pistol,1,1,,,,,,,545.5305253152513,233.8213267326355
127903,72,1114.8150000000267,3368,40,5,False,0,pistol,1,1,,,,,,,501.5047316178419,240.53756523132324
130998,73,1384.2732057840033,3095,36,4,False,0,pistol,1,1,,,,,,,613.0645214382033,245.5863995552063
134617,74,1406.0450000000267,3619,43,5,False,0,pistol,1,2,,,,,,,512.1528156992499,252.65308451652527
136036,75,1056.7974408224627,1419,14,2,False,0,pistol,1,1,,,,,,,450.3799107702967,255.8041627407074
136373,76,173.74999999999974,337,4,1,False,0,pistol,1,3,,,,,,,886.1635252931559,256.18491101264954
137116,77,214.52085796286136,743,8,1,False,0,pistol,1,1,,,,,,,904.3083849902529,257.0069167613983
138700,78,428.4525351945468,1584,16,2,False,0,pistol,1,1,,,,,,,474.45773221320235,260.3458595275879
139844,79,1033.9800000000032,1144,13,2,True,7,machinegun,1,1,,,,,,,407.40908967793575,263.1541998386383
141474,80,658.2772619817499,1630,19,2,False,0,pistol,1,1,,,,,,,466.7959884872682,266.64653420448303
142805,81,987.4462340201749,1331,15,2,False,0,pistol,1,1,,,,,,,902.1499759135519,268.12226724624634
144142,82,614.1200000000046,1337,15,2,True,39,machinegun,1,2,,,,,,,440.87197955118165,271.1553416252136
145300,83,393.94507826922273,1158,12,1,False,0,pistol,1,1,,,,,,,883.7157061459402,272.4661626815796
145612,84,198.66999999999996,312,4,1,True,49,machinegun,1,2,,,,,,,157.80750618086697,274.44363808631897
146560,85,320.57996124650805,948,12,2,True,50,pistol,1,1,,,,,,,934.8141473330221,275.4581162929535
147998,86,1242.7550000000035,1438,15,2,False,0,pistol,1,2,,,,,,,466.5283511805128,278.5407555103302
150564,87,2558.8411759613873,2566,29,3,False,0,pistol,1,2,,,,,,,600.0289719879394,282.8175597190857
153057,88,1648.191286389945,2493,30,4,True,42,machinegun,1,3,,,,,,,581.5562760709367,287.11124658584595
155656,89,879.3150000000177,2599,30,4,False,0,pistol,1,1,,,,,,,439.1196003748369,293.0303361415863
157488,90,697.9550000000073,1832,21,3,True,46,pistol,1,1,,,,,,,877.4524219692981,295.1185610294342
163855,91,5889.975948347181,6367,90,10,True,81,pistol,1,2,,,,,,,487.289046556098,308.18508648872375
166079,92,706.7000000000112,2224,25,3,False,0,pistol,1,1,,,,,,,562.5549194001325,312.146541595459
167016,93,727.0852805804224,937,11,2,True,81,machinegun,1,1,,,,,,,914.4210615956276,313.1715588569641
167266,94,18.129363337487646,250,2,1,False,0,pistol,1,1,,,,,,,871.2902220652693,313.45877742767334
169111,95,591.9900000000123,1845,22,3,False,0,pistol,1,1,,,,,,,517.3057048020278,317.0256698131561
170691,96,1267.7000000000135,1580,18,2,True,9,pistol,1,1,,,,,,,484.2991792199926,320.28858184814453
171956,97,411.75101918610994,1265,14,2,False,0,pistol,1,1,,,,,,,916.4620225265622,321.6693286895752
174950,98,899.250834282184,2994,35,4,False,0,pistol,1,1,,,,,,,465.21337866322654,328.10548520088196
178603,99,1544.7814677673098,3653,42,5,False,0,pistol,1,1,,,,,,,509.03154563232926,335.28226947784424
178821,100,59.81728180893552,218,2,1,False,0,pistol,1,1,,,,,,,841.7761255725103,335.5417115688324
180372,101,762.1650000000101,1551,17,2,True,44,pistol,1,2,,,,,,,475.06057532774054,338.8068950176239
181489,102,934.4400000000087,1117,13,2,True,75,machinegun,1,1,,,,,,,897.3735739105234,340.0521070957184
182309,103,234.0491062579941,820,10,2,False,0,pistol,1,1,,,,,,,336.9256164149257,342.48619174957275
185116,104,1371.7996216075442,2807,30,4,True,19,pistol,1,1,,,,,,,609.0065433457277,347.095703125
189440,105,2120.35,4324,50,5,False,0,pistol,1,1,,,,,,,548.1377438825082,354.9844856262207
191829,106,1409.2461023416092,2389,26,3,False,0,pistol,1,1,,,,,,,577.9614856624465,359.1184124946594
193066,107,505.1330870807077,1237,13,1,False,0,pistol,1,1,,,,,,,420.27431217786466,362.0621418952942
198595,108,2108.4562839328764,5529,70,8,False,0,pistol,1,1,,,,,,,602.9270882041021,371.23273277282715
198856,109,71.55469911254583,261,2,1,True,50,pistol,1,1,,,,,,,137.7557603906996,373.1276979446411
200997,110,1810.4007325957875,2141,25,2,False,0,pistol,2,1,,,,,,,540.0011896857183,377.0928361415863
201873,111,480.41493699351537,876,10,2,False,0,pistol,2,2,,,,,,,842.3152540888581,378.13313484191895
202997,112,744.1024860263441,1124,14,2,False,0,pistol,2,1,,,,,,,405.78012273770196,380.9034163951874
203768,113,201.49754245485946,771,10,2,False,0,pistol,2,1,,,,,,,897.9538501011299,381.76255559921265
204699,114,223.82500000000067,931,10,2,False,0,pistol,2,1,,,,,,,766.500667098902,382.9775903224945
205899,115,628.9537236078257,1200,13,2,False,0,pistol,2,1,,,,,,,351.4113139287748,386.3927297592163
206202,116,42.50794413168802,303,3,1,False,0,pistol,2,1,,,,,,,803.3571848486113,386.77027559280396
207489,117,706.7541642827676,1287,17,2,False,0,pistol,2,2,,,,,,,435.8368992968082,389.7235918045044
208504,118,462.8307638447381,1015,13,2,False,0,pistol,2,2,,,,,,,893.3817305785489,390.8600459098816
210098,119,972.9357957813702,1594,22,3,False,0,pistol,2,1,,,,,,,462.3543447564848,394.307954788208
212897,120,1260.7254225132563,2799,40,5,False,0,pistol,2,3,,,,,,,594.8095644314542,399.0140018463135
213750,121,214.1713508198954,853,11,2,False,0,pistol,2,1,,,,,,,340.9879751588787,401.5159544944763
214903,122,672.2700000000077,1153,16,1,False,0,pistol,2,1,,,,,,,856.0172264343281,402.86322951316833
217333,123,1106.2152243632042,2430,34,4,False,0,pistol,2,1,,,,,,,419.2382750028629,408.6597681045532
219074,124,1015.0046560517343,1741,24,3,False,0,pistol,2,1,,,,,,,892.8335905642571,410.61019802093506
220793,125,1529.9640897615698,1719,22,3,True,1,pistol,2,1,,,,,,,495.0599173532439,414.08294892311096
222899,126,1958.8763044093791,2106,29,3,False,0,pistol,2,1,,,,,,,532.2118215533152,418.04039120674133
223685,127,295.5191447638118,786,10,1,False,0,pistol,2,1,,,,,,,328.74031560525907,420.4316966533661
225772,128,2227.289830371929,2087,31,4,False,0,pistol,2,1,,,,,,,541.5583797680239,424.28582739830017
227273,129,621.2747949956326,1501,20,3,False,0,pistol,2,1,,,,,,,903.5684618145771,425.9473521709442
228621,130,905.7303505124888,1348,17,2,False,0,pistol,2,1,,,,,,,444.53890024712587,428.9800658226013
229587,131,476.35915027412204,966,12,2,False,0,pistol,2,1,,,,,,,368.5125012551461,431.6017858982086
231650,132,1029.7346395740851,2063,29,3,False,0,pistol,2,2,,,,,,,529.8975810699868,435.495313167572
234851,133,3202.816261614405,3201,50,5,False,0,pistol,2,4,,,,,,,630.8116936968996,440.5700707435608
237582,134,1823.1950613848317,2731,39,4,False,0,pistol,2,4,,,,,,,444.892868334187,446.708970785141
238974,135,1483.850677159086,1392,19,2,True,14,pistol,2,1,,,,,,,904.4219018497947,448.24862933158875
240439,136,1393.4605042043604,1465,19,2,False,0,pistol,2,2,,,,,,,457.6515861328484,451.4499833583832
241032,137,307.6432948533352,593,7,1,False,0,pistol,2,1,,,,,,,896.8838943855831,452.1115663051605
242292,138,821.4947717469859,1260,17,2,False,0,pistol,2,2,,,,,,,411.5339133988404,455.1736159324646
242983,139,464.48413572436897,691,8,1,False,0,pistol,2,1,,,,,,,812.9100296048433,456.0241234302521
245132,140,2057.53887351602,2149,30,4,False,0,pistol,2,2,,,,,,,545.610808053159,459.9631984233856
246509,141,507.82830205910284,1377,17,2,False,0,pistol,2,1,,,,,,,450.70497183072763,463.01870608329773
248047,142,1953.1679188372684,1538,22,3,False,0,pistol,2,2,,,,,,,464.8399095777057,466.32784700393677
249360,143,713.2422097999445,1313,17,2,False,0,pistol,2,3,,,,,,,905.2402099940134,467.7787356376648
249594,144,56.32499999999998,234,2,1,False,0,pistol,2,1,,,,,,,881.8435108879648,468.04454278945923
249897,145,287.2444300985733,303,3,1,True,48,pistol,2,2,,,,,,,157.4411911909432,469.9694974422455
251233,146,1331.922206716675,1336,17,2,False,0,pistol,2,3,,,,,,,920.1536171217579,471.4216938018799
251581,147,111.97016081479816,348,2,1,False,0,pistol,2,1,,,,,,,856.8336239112135,471.8282461166382
252127,148,336.3850270938492,546,6,1,False,0,pistol,2,1,,,,,,,252.03665503491672,473.9949061870575
252386,149,126.71065915199016,259,3,1,False,0,pistol,2,1,,,,,,,834.9189509912275,474.3054983615875
252737,150,296.10992391935815,351,4,1,False,0,pistol,2,1,,,,,,,895.5673052999772,474.69768023490906
253009,151,118.06270801593813,272,2,1,False,0,pistol,2,1,,,,,,,876.9238067932441,475.0082094669342
255640,152,2779.2104506319206,2631,39,4,False,0,pistol,2,1,,,,,,,579.8516629991607,479.54590368270874
256648,153,1096.9901763558792,1008,14,2,False,0,pistol,2,3,,,,,,,375.66805328480643,482.22951579093933
258325,154,2297.584999999964,1677,23,3,False,0,pistol,2,2,,,,,,,487.7602270290751,485.66809248924255
260550,155,2263.05164730651,2225,30,3,False,0,pistol,2,1,,,,,,,541.9580552377178,489.7740194797516
261818,156,475.19254265036767,1268,16,2,False,0,pistol,2,1,,,,,,,873.7559098376815,491.2255539894104
262522,157,426.84042911739374,704,8,1,False,0,pistol,2,1,,,,,,,302.931008583724,493.54989099502563
263910,158,1498.2593624581787,1388,18,2,False,0,pistol,2,1,,,,,,,877.6177398451712,495.13172936439514
266527,159,1864.8904554514518,2617,35,4,False,0,pistol,2,1,,,,,,,444.0613477796738,501.0252869129181
267802,160,499.103330713284,1275,16,2,False,0,pistol,2,1,,,,,,,920.9179874371531,502.4102301597595
268363,161,450.3849999999996,561,6,1,False,0,pistol,2,1,,,,,,,243.57007242805562,504.7138602733612
269050,162,254.99698617853073,687,9,1,False,0,pistol,2,1,,,,,,,911.126816847022,505.4682469367981
269427,163,306.6085934727648,377,5,1,False,0,pistol,2,4,,,,,,,861.2805964491059,505.9063663482666
271992,164,2343.58173155217,2565,38,4,False,0,pistol,2,2,,,,,,,583.1898635971688,510.3049314022064
274368,165,856.0437744211109,2376,34,4,False,0,pistol,2,1,,,,,,,551.7016937742703,514.6120216846466
274797,166,217.40331694262363,429,5,1,False,0,pistol,2,1,,,,,,,213.3563827996014,516.6230976581573
275959,167,475.54728320128936,1162,15,1,False,0,pistol,2,1,,,,,,,908.2405279436261,517.9028494358063
278211,168,1343.1366590687646,2252,30,4,False,0,pistol,2,1,,,,,,,556.8717348335789,521.9472014904022
280157,169,878.0150000000161,1946,26,3,False,0,pistol,2,1,,,,,,,532.6244206600534,525.6012320518494
283498,170,3036.986195430651,3341,49,4,False,0,pistol,2,1,,,,,,,501.80002560355916,532.2596123218536
284373,171,274.7383354880835,875,10,2,False,0,pistol,2,2,,,,,,,918.7171660177264,533.2124373912811
285221,172,345.23028686611457,848,9,1,False,0,pistol,2,1,,,,,,,334.2804874702023,535.749605178833
287927,173,1961.1311044892493,2706,38,4,False,0,pistol,2,1,,,,,,,594.0501759389872,540.3051426410675
290270,174,1325.858308870013,2343,34,4,False,0,pistol,2,4,,,,,,,571.3763757127775,544.4061062335968
290546,175,103.28681476550335,276,2,1,False,0,pistol,2,1,,,,,,,694.490764443362,544.8037528991699
293754,176,2195.4874183389,3208,46,5,False,0,pistol,2,1,,,,,,,484.5463971691511,551.4246261119843
294746,177,344.9791425075046,992,12,2,False,0,pistol,2,1,,,,,,,887.0660433876236,552.5433316230774
295850,178,365.7707063623536,1104,14,2,False,0,pistol,2,1,,,,,,,385.36282528456485,555.4085988998413
297252,179,725.2439902580517,1402,19,2,False,0,pistol,2,1,,,,,,,462.39046485918806,558.4410624504089
299509,180,1724.5107089796215,2257,32,4,False,0,pistol,2,1,,,,,,,563.2046422624556,562.4489541053772
300732,181,423.340118745019,1223,15,2,False,0,pistol,2,2,,,,,,,908.6501865080082,563.7952327728271
302769,182,892.5039028218264,2037,29,3,False,0,pistol,2,1,,,,,,,523.7388712350318,567.6849315166473
303782,183,295.2349999999994,1013,15,2,False,0,pistol,2,1,,,,,,,383.9826945114214,570.3234362602234
304953,184,302.94869950815115,1171,15,1,False,0,pistol,2,1,,,,,,,922.0865526376508,571.5936763286591
306191,185,491.64697154331463,1238,17,2,False,0,pistol,2,1,,,,,,,417.4037664782519,574.5599834918976
307000,186,232.65708080771844,809,12,2,False,0,pistol,2,1,,,,,,,870.6658243607396,575.4895250797272
308213,187,1167.1849405736843,1213,18,2,False,0,pistol,2,2,,,,,,,424.38060913162764,578.3481633663177
310493,188,1193.2254266716207,2280,31,4,False,0,pistol,2,1,,,,,,,558.8090739062699,582.4285809993744
312874,189,882.1014179892948,2381,33,4,False,0,pistol,2,2,,,,,,,577.0934104082719,586.5547602176666
314707,190,1505.2200346234922,1833,25,1,False,0,pistol,2,1,,,,,,,508.8939240925768,590.1571044921875
315158,191,461.96628604428327,451,6,1,False,0,pistol,2,4,,,,,,,850.9043989810547,590.6874406337738
315677,192,174.92138309965247,519,7,1,False,0,pistol,2,1,,,,,,,245.72518412368188,592.8000845909119
316900,193,688.8229558559129,1223,17,1,False,0,pistol,2,1,,,,,,,907.7749470559536,594.14781665802
319006,194,1130.1050000000173,2106,27,3,False,0,pistol,2,1,,,,,,,547.7401404248487,597.9931077957153
320233,195,451.1733932277531,1227,16,2,False,0,pistol,2,1,,,,,,,423.80983740046287,600.8886859416962
320844,196,188.27242016554268,611,8,1,False,0,pistol,2,1,,,,,,,905.2396052963898,601.5640203952789
322234,197,406.46512944327617,1390,18,2,False,0,pistol,2,3,,,,,,,449.121257016361,604.659256696701
323029,198,606.0287095151637,795,11,2,False,0,pistol,2,3,,,,,,,875.1460045682774,605.5680310726166
325447,199,1722.030093643195,2418,34,4,False,0,pistol,2,1,,,,,,,581.4290322292147,609.7270619869232
327148,200,901.4000000000113,1701,23,2,False,0,pistol,2,2,,,,,,,489.0358399754115,613.2056622505188
328332,201,414.1999644499256,1184,17,2,False,0,pistol,2,1,,,,,,,406.9684353067611,616.1153018474579
329015,202,170.40946003246302,683,9,1,False,0,pistol,2,2,,,,,,,857.4471919125405,616.9122865200043
330748,203,1011.232048708194,1733,22,2,False,0,pistol,2,1,,,,,,,500.84371659883766,620.3727746009827
331050,204,244.66631028020547,302,4,1,False,0,pistol,2,2,,,,,,,841.6868611829121,620.732010602951
332333,205,752.3946308170679,1283,17,2,False,0,pistol,2,1,,,,,,,430.3157448952257,623.7139043807983
334033,206,635.0700000000132,1700,23,3,False,0,pistol,2,1,,,,,,,492.4231529427364,627.1665735244751
335047,207,785.8863221040932,1014,13,2,True,39,pistol,2,1,,,,,,,897.7977705695421,628.2963614463806
336156,208,944.9586566124884,1109,15,2,False,0,pistol,2,1,,,,,,,410.7482777253002,630.9966752529144
336611,209,166.6540223164613,455,6,1,False,0,pistol,2,2,,,,,,,890.887868311251,631.5077497959137
336991,210,416.9495973047636,380,4,1,False,0,pistol,2,1,,,,,,,857.9451116843297,631.9510078430176
337925,211,633.9777681810091,934,12,2,False,0,pistol,2,1,,,,,,,353.9908994731179,634.5898540019989
338960,212,752.7103606810491,1035,13,2,False,0,pistol,2,1,,,,,,,860.736821338462,635.7926688194275
339247,213,126.50424277416516,287,3,1,False,0,pistol,2,1,,,,,,,862.7100743193366,636.1256687641144
339593,214,337.6300000000005,346,4,1,False,0,pistol,2,3,,,,,,,891.9114891524798,636.5139062404633
342108,215,2099.7332699385415,2515,34,4,False,0,pistol,2,2,,,,,,,429.7592141564095,642.3663749694824
342599,216,288.80330057728094,491,5,1,False,0,pistol,2,1,,,,,,,891.7142085172125,642.9173834323883
342948,217,136.90114186751813,349,3,1,False,0,pistol,2,1,,,,,,,876.3227173322845,643.3161065578461
343226,218,23.782548873231462,278,2,1,False,0,pistol,2,1,,,,,,,871.7463328857535,643.6352787017822
343687,219,388.5869023557137,461,6,1,False,0,pistol,2,2,,,,,,,881.9002083913908,644.1583273410797
344856,220,1109.6168135689559,1169,16,2,False,0,pistol,2,2,,,,,,,398.22684728517913,647.0941681861877
346307,221,1250.3032493090866,1451,19,2,False,0,pistol,2,1,,,,,,,461.0774860872211,650.2415676116943
346779,222,239.74996976136453,472,5,1,False,0,pistol,2,1,,,,,,,864.4560242152827,650.7879333496094
348583,223,1873.6931624228184,1804,25,3,False,0,pistol,2,1,,,,,,,520.527341441926,654.2540316581726
349369,224,855.9673119684,786,11,1,False,0,pistol,2,2,,,,,,,908.4271327580672,655.1195917129517
350176,225,685.9678170174963,807,10,2,True,35,pistol,2,1,,,,,,,861.7329216123718,656.0564358234406
350979,226,415.4450032303288,803,10,2,False,0,pistol,2,1,,,,,,,330.39016755497573,658.4874880313873
351482,227,584.7686098415427,503,7,1,False,0,pistol,2,4,,,,,,,896.5821529684848,659.0489039421082
355181,228,3282.393607131801,3699,58,6,False,0,pistol,2,2,,,,,,,509.0947758979354,666.3151412010193
356308,229,756.4349006225751,1127,15,2,False,0,pistol,2,1,,,,,,,894.6653740935491,667.5751960277557
357978,230,1076.3756441125875,1670,22,3,False,0,pistol,2,1,,,,,,,501.2100173486448,670.9074242115021
359407,231,712.6920202775977,1429,17,2,False,0,pistol,2,1,,,,,,,451.3843022328447,674.0735762119293
359725,232,120.93152946704365,318,3,1,False,0,pistol,2,2,,,,,,,879.1363008994449,674.4356694221497
361773,233,1546.3009544562517,2048,28,2,False,0,pistol,2,1,,,,,,,539.6657396784686,678.2309176921844
362578,234,670.3794903932315,805,10,2,True,25,pistol,2,1,,,,,,,325.0115241707256,680.7081081867218
363856,235,875.2970815983908,1278,18,2,False,0,pistol,2,1,,,,,,,905.1814167234763,682.1204068660736
365353,236,1163.158360650817,1497,21,3,False,0,pistol,2,2,,,,,,,456.39142908792047,685.4008257389069
367749,237,1403.2085540303742,2396,33,4,False,0,pistol,2,2,,,,,,,569.4898613539264,689.6085386276245
368431,238,742.4890544483937,682,10,2,False,0,pistol,2,1,,,,,,,888.5326408583046,690.3764524459839
369314,239,259.5497743800439,883,9,1,False,0,pistol,2,2,,,,,,,352.1492373145012,692.8842949867249
370182,240,499.30742099518113,868,12,2,False,0,pistol,2,1,,,,,,,858.4118215023132,693.8958525657654
371251,241,643.5168869054377,1069,13,2,False,0,pistol,2,2,,,,,,,401.23698634059735,696.5604290962219
373343,242,1122.8546900022582,2092,29,3,False,0,pistol,2,2,,,,,,,537.6540158683133,700.451827287674
373885,243,478.2342596602706,542,6,1,False,0,pistol,2,1,,,,,,,904.4850269239247,701.0516345500946
376219,244,1702.0152508117903,2334,31,4,False,0,pistol,2,2,,,,,,,567.8785813108042,705.1620571613312
377774,245,864.1476531665,1555,20,3,False,0,pistol,2,1,,,,,,,472.63804595039875,708.4524042606354
378114,246,170.678109221009,340,4,1,False,0,pistol,2,2,,,,,,,894.2607814463555,708.8328783512115
379879,247,817.552458839878,1765,25,3,False,0,pistol,2,1,,,,,,,508.5089527895864,712.304132938385
381036,248,587.2319207975847,1157,14,2,False,0,pistol,2,2,,,,,,,399.916480517873,715.197643995285
381319,249,125.09190712484246,283,3,1,False,0,pistol,2,1,,,,,,,893.3023712261921,715.5148539543152
383178,250,1347.130600010098,1859,25,3,False,0,pistol,2,2,,,,,,,522.8406258360899,719.0707769393921
385433,251,1533.989477337113,2255,31,4,False,0,pistol,2,1,,,,,,,564.8531614953014,723.0633347034454
388694,252,1510.573183975207,3261,49,5,False,0,pistol,2,2,,,,,,,635.7155476587546,728.1932513713837
390394,253,1187.7701616792642,1700,23,3,False,0,pistol,2,2,,,,,,,489.7249756676568,731.6649038791656
392843,254,1578.0551745311843,2449,37,4,False,0,pistol,2,2,,,,,,,571.1163009762216,735.9533672332764
393854,255,745.3936993189175,1011,12,2,False,0,pistol,2,2,,,,,,,367.77149196823825,738.702855348587
395317,256,1209.4012322962687,1463,19,2,False,0,pistol,2,2,,,,,,,486.16257739263233,741.7125532627106
397285,257,1149.1665395260081,1968,26,3,False,0,pistol,2,1,,,,,,,889.186113452586,743.9261019229889
398811,258,1045.633089201852,1526,20,3,False,0,pistol,2,1,,,,,,,460.10891236440267,747.2430741786957
399139,259,308.94900052738825,328,4,1,False,0,pistol,2,3,,,,,,,885.0729407586734,747.6140224933624
399455,260,99.98915574095241,316,3,1,False,0,pistol,2,2,,,,,,,165.4447296169644,749.5243632793427
400951,261,1370.1043404832294,1496,22,3,True,17,pistol,2,1,,,,,,,904.2908359735654,751.1790869235992
401745,262,224.5386065584531,794,10,2,False,0,pistol,2,2,,,,,,,305.85643100967934,753.7754323482513
402515,263,541.558396229396,770,10,2,False,0,pistol,2,3,,,,,,,900.3126325889674,754.6309428215027
404035,264,1233.6692834455293,1520,21,3,False,0,pistol,2,2,,,,,,,479.0624555716896,757.8042318820953
405836,265,2148.0240395787832,1801,26,2,False,0,pistol,2,2,,,,,,,515.7747806984303,761.2964010238647
408774,266,2552.4606788039764,2938,42,5,False,0,pistol,2,1,,,,,,,612.6682949313933,766.092271566391
412104,267,3427.6538140731336,3330,51,6,False,0,pistol,2,2,,,,,,,496.62514076554055,772.7979400157928
415008,268,2276.236468257249,2904,43,5,False,0,pistol,2,1,,,,,,,609.7562946988674,777.5608956813812
415313,269,226.60204191984167,305,3,1,False,0,pistol,2,1,,,,,,,881.6044524630926,777.9070842266083
416013,270,503.6601546759875,700,9,1,True,29,machinegun,2,2,,,,,,,292.9351747062355,780.2969660758972
416440,271,470.2281013265884,427,5,1,False,0,pistol,2,2,,,,,,,885.2652867945308,780.7797284126282
417551,272,399.33465776284254,1111,15,2,False,0,pistol,2,1,,,,,,,909.1026001245076,782.0021858215332
420448,273,2523.942336827688,2897,43,4,False,0,pistol,2,4,,,,,,,461.10469888617865,788.2853713035583
420988,274,448.9296550792644,540,7,1,False,0,pistol,2,1,,,,,,,906.0037297402382,788.8817982673645
422223,275,1188.6652281508873,1235,16,2,False,0,pistol,2,2,,,,,,,414.5337992148133,791.8614327907562
423805,276,1226.4337979629292,1582,22,3,False,0,pistol,2,5,,,,,,,894.0500218278243,793.6313734054565
424454,277,596.7015158510985,649,9,1,False,0,pistol,2,3,,,,,,,278.03505274090077,795.9659504890442
426579,278,1285.629182559951,2125,31,4,False,0,pistol,2,1,,,,,,,538.2812869910396,799.9141368865967
430283,279,3193.3616192956943,3704,56,6,False,0,pistol,2,2,,,,,,,509.29377392810386,807.1872141361237
431905,280,2274.1450686486055,1622,23,3,True,25,pistol,2,4,,,,,,,914.4653196936997,808.9613256454468
432357,281,350.13858124684447,452,5,1,False,0,pistol,2,1,,,,,,,224.8268736497731,810.9721012115479
432610,282,72.73060745060968,253,2,1,False,0,pistol,2,1,,,,,,,894.256641031216,811.2553555965424
434477,283,1564.6481473453211,1867,26,3,False,0,pistol,2,2,,,,,,,512.1509550452598,814.9011254310608
436125,284,1347.7703550552562,1648,20,3,False,0,pistol,2,1,,,,,,,880.4246430295049,816.7734036445618
437514,285,1595.198236568124,1389,18,2,True,22,pistol,2,3,,,,,,,451.8078131213834,819.8479514122009
439645,286,3065.151294275058,2131,29,3,False,0,pistol,2,1,,,,,,,543.0278107539906,823.7725958824158
440818,287,454.9921743340418,1173,14,2,False,0,pistol,2,1,,,,,,,404.8710572971151,826.6702156066895
441102,288,68.05441397616426,284,2,1,False,0,pistol,2,1,,,,,,,881.1647762620513,826.9929323196411
441725,289,297.320676422638,623,7,1,False,0,pistol,2,1,,,,,,,894.5332162098691,827.689670085907
443457,290,1926.0142673096575,1732,23,3,True,15,pistol,2,2,,,,,,,500.37908145040296,831.1513707637787
446523,291,2253.0443557505137,3066,47,5,False,0,pistol,2,1,,,,,,,477.74694020209336,837.569436788559
447979,292,1605.4341172772147,1456,18,2,False,0,pistol,2,2,,,,,,,929.9567014554266,839.1354038715363
449769,293,961.1693456244033,1790,22,2,False,0,pistol,2,1,,,,,,,502.20621708450045,842.7001087665558
450578,294,644.8939709189978,809,10,2,False,0,pistol,2,1,,,,,,,336.7499263618298,845.102828502655
451912,295,800.5858316737543,1334,16,2,False,0,pistol,2,1,,,,,,,870.4760462799652,846.636137008667
453634,296,1632.5389391010463,1722,21,3,False,0,pistol,2,1,,,,,,,502.2961013484037,850.0646667480469
455477,297,1692.2797590592068,1843,25,3,False,0,pistol,2,2,,,,,,,507.9443463322435,853.6934015750885
455788,298,106.0272302455231,311,2,1,False,0,pistol,2,1,,,,,,,898.8638647957514,854.0397987365723
456176,299,223.17835747161135,388,4,1,False,0,pistol,2,1,,,,,,,889.3205743404784,854.4764530658722
457356,300,907.6784087044272,1180,14,2,False,0,pistol,2,1,,,,,,,410.43359133051194,857.3517591953278
457652,301,233.51370805872548,296,3,1,False,0,pistol,2,1,,,,,,,881.6456328674358,857.6878361701965
457878,302,-6.249758641635367,226,1,1,False,0,pistol,2,1,,,,,,,857.8325642596576,857.951632976532
459150,303,722.1526718653383,1272,16,2,False,0,pistol,2,1,,,,,,,443.43800089482943,860.8204278945923
460475,304,950.7134167425743,1325,18,2,False,0,pistol,2,2,,,,,,,905.1190679384966,862.2847363948822
460729,305,14.906668850678358,254,2,1,False,0,pistol,2,1,,,,,,,876.1863379987466,862.5750472545624
463054,306,2233.6914292312235,2325,31,4,False,0,pistol,2,1,,,,,,,408.506770816708,868.2668347358704
463894,307,569.2394209603292,840,10,1,False,0,pistol,2,1,,,,,,,898.2427743424719,869.2023777961731
464633,308,622.0641686614546,739,9,1,False,0,pistol,2,1,,,,,,,892.111271904224,870.0310277938843
464914,309,66.24959180617087,281,2,1,False,0,pistol,2,1,,,,,,,151.61976635930608,871.8847215175629
466074,310,517.1083074776768,1160,14,2,False,0,pistol,2,2,,,,,,,835.0422095647782,873.2741847038269
468441,311,2234.2908376178657,2367,34,4,False,0,pistol,2,2,,,,,,,561.7317078511428,877.4882967472076
470445,312,1675.6200012612799,2004,27,3,False,0,pistol,2,1,,,,,,,539.2396226791545,881.2050015926361
470998,313,341.51766499652103,553,7,1,False,0,pistol,2,2,,,,,,,815.7114116594905,881.8833529949188
473415,314,2702.6410820480323,2417,34,3,False,0,pistol,2,2,,,,,,,421.44107671993726,887.6188035011292
473882,315,321.2518559636841,467,5,1,False,0,pistol,2,1,,,,,,,891.8914835139816,888.142814874649
475817,316,1992.4195707371646,1935,25,1,True,32,pistol,2,1,,,,,,,527.8915074673173,891.8086848258972
476210,317,260.1023080461431,393,4,1,False,0,pistol,2,2,,,,,,,873.886527815625,892.2588658332825
476499,318,112.01709008815689,289,2,1,False,0,pistol,2,2,,,,,,,876.9654018842234,892.5887773036957
476729,319,-10.330122948754578,230,0,1,False,0,pistol,2,0,,,,,,,870.1216216703767,892.8534362316132
477168,320,379.58383766757925,439,5,1,False,0,pistol,2,1,,,,,,,885.8585204671723,893.3493857383728
479409,321,2602.718670666952,2241,32,4,False,0,pistol,2,1,,,,,,,400.6755481879873,898.9428255558014
479688,322,22.6884020586038,279,2,1,False,0,pistol,2,1,,,,,,,867.5695791488674,899.264848947525
480629,323,1117.9803205277453,941,12,2,False,0,pistol,2,2,,,,,,,891.2717461504624,900.3209142684937
480989,324,191.31691436663482,360,3,1,False,0,pistol,2,1,,,,,,,871.8778452463166,900.7341935634613
481465,325,273.70132134598157,476,5,1,False,0,pistol,2,1,,,,,,,220.87136142381576,902.8897433280945
484809,326,4047.1809711495666,3344,49,5,False,0,pistol,2,3,,,,,,,638.7730793522637,908.1251933574677
485617,327,860.8222749953454,808,11,2,False,0,pistol,2,3,,,,,,,324.70900553126705,910.6140103340149
486009,328,311.91813795097744,392,4,1,False,0,pistol,2,2,,,,,,,867.257738723499,911.0663552284241
486306,329,135.47442451781262,297,3,1,False,0,pistol,2,2,,,,,,,867.8873962436618,911.4089119434357
487286,330,1080.383815170168,980,13,2,False,0,pistol,2,2,,,,,,,834.1566671056875,912.5841221809387
488924,331,1122.8270951885688,1638,20,3,False,0,pistol,2,2,,,,,,,494.8334397747624,915.8945970535278
489253,332,270.4746299089955,329,3,1,False,0,pistol,2,2,,,,,,,893.2317342117681,916.2633028030396
489463,333,102.95992446508669,210,2,1,False,0,pistol,2,2,,,,,,,862.7135985519639,916.5070943832397
489739,334,14.89583477611896,276,2,1,False,0,pistol,2,1,,,,,,,155.6906763356818,918.2801887989044
489992,335,4.279057834751775,253,1,1,False,0,pistol,2,1,,,,,,,883.5723550712872,918.5669393539429
491177,336,913.5228854571624,1185,15,2,False,0,pistol,2,3,,,,,,,912.9819944033532,919.8652150630951
492156,337,1146.3738936398388,979,13,2,False,0,pistol,2,3,,,,,,,375.5214686717287,922.4726300239563
492659,338,259.22224999035967,503,6,1,False,0,pistol,2,1,,,,,,,899.7040463196842,923.0320529937744
495120,339,2464.289319690318,2461,34,4,False,0,pistol,2,1,,,,,,,570.7631931364532,927.3442091941833
497595,340,2984.1007272498364,2475,32,4,False,0,pistol,2,1,,,,,,,583.1724870329837,931.5886082649231
499155,341,1166.0466611554418,1560,19,2,False,0,pistol,2,1,,,,,,,464.5950552839291,934.9467396736145
501422,342,2717.8562628690584,2267,31,4,False,0,pistol,2,2,,,,,,,562.2652741399492,938.9790785312653
502191,343,508.38219915755474,769,9,1,False,0,pistol,3,1,,,,,,,331.9934663954659,941.2958104610443
503749,344,1666.4256167341337,1558,24,3,True,50,machinegun,3,1,,,,,,,879.2463099032722,943.0681371688843
504328,345,359.7086116850481,579,8,1,True,45,pistol,3,1,,,,,,,261.93923273710254,945.2790017127991
504946,346,306.86402187760314,618,8,1,False,0,pistol,3,1,,,,,,,896.8628662120441,945.9684267044067
506364,347,1376.8199985662786,1418,24,3,True,67,machinegun,3,2,,,,,,,459.28759091214124,949.0562260150909
506998,348,355.02044466453026,634,9,1,False,0,pistol,3,3,,,,,,,901.6335518144808,949.7597179412842
507426,349,119.4640191314926,428,5,1,False,0,pistol,3,1,,,,,,,896.210302342567,950.237628698349
507927,350,492.8479724389228,501,7,1,True,94,pistol,3,3,,,,,,,234.57465919440847,952.373720407486
509008,351,467.70097789538676,1081,16,2,False,0,pistol,3,1,,,,,,,886.8097239904029,953.5929713249207
509459,352,286.05103532755703,451,6,1,True,42,machinegun,3,1,,,,,,,885.7908226911564,954.1023914813995
511106,353,1853.9498434235352,1647,26,2,True,160,machinegun,3,3,,,,,,,484.46107834236216,957.5023622512817
511666,354,257.5055716571851,560,8,1,False,0,pistol,3,1,,,,,,,884.4021406595409,958.1360671520233
514233,355,2515.545057663903,2567,42,5,True,55,pistol,3,2,,,,,,,432.1013903219657,964.0771272182465
514616,356,254.79000000000036,383,5,1,True,94,pistol,3,4,,,,,,,880.0870171670881,964.5126988887787
515634,357,1120.5558000307906,1018,15,2,True,76,pistol,3,1,,,,,,,905.4023591599172,965.6374051570892
516037,358,58.411432574311654,403,5,1,False,0,pistol,3,1,,,,,,,882.8208995525583,966.0943119525909
516435,359,110.8973970589202,398,4,1,True,48,pistol,3,3,,,,,,,198.25461384462764,968.1021497249603
517636,360,592.4554294498512,1201,18,2,False,0,pistol,3,1,,,,,,,929.5606914464184,969.3945479393005
519432,361,2295.0467145311663,1796,31,4,False,0,pistol,3,1,,,,,,,506.02472659072123,972.944155216217
522459,362,3989.9658960009433,3027,55,6,True,44,machinegun,3,6,,,,,,,468.4027336729039,979.4068834781647
524283,363,1972.8593633639734,1824,30,4,False,0,pistol,3,1,,,,,,,903.251862340468,981.4266436100006
527077,364,2243.431649154345,2794,47,5,False,0,pistol,3,2,,,,,,,442.6170376782241,987.7394890785217
527740,365,392.8957028594997,663,10,2,False,0,pistol,3,1,,,,,,,891.1270835543133,988.483870267868
528076,366,154.54000000000005,336,4,1,False,0,pistol,3,2,,,,,,,891.3941597390498,988.8611495494843
530011,367,3040.031333868009,1935,32,4,True,8,machinegun,3,2,,,,,,,512.6403671010078,992.6361253261566
532100,368,1329.2470074723544,2089,35,4,False,0,pistol,3,5,,,,,,,535.2222654976756,996.5395359992981
535469,369,6237.354656172499,3369,72,8,True,53,machinegun,3,19,,,,,,,476.53590876886346,1003.609724521637
537112,370,3434.3853432520636,1643,25,3,True,36,machinegun,3,6,,,,,,,472.61007975932915,1007.0941321849823
538158,371,755.3499238255039,1046,15,1,True,33,pistol,3,1,,,,,,,737.4757873510799,1008.512802362442
538751,372,173.39589785084826,593,8,1,False,0,pistol,3,1,,,,,,,273.0295572266891,1010.6851077079773
539582,373,271.8300000000008,831,12,2,False,0,pistol,3,1,,,,,,,917.9133537327737,1011.5908715724945
540555,374,292.5406279019204,973,14,2,False,0,pistol,3,2,,,,,,,828.9172012609275,1012.7651154994965
541184,375,306.8406205110123,629,9,1,False,0,pistol,3,1,,,,,,,247.4750770997746,1015.3070459365845
543939,376,4121.145566065399,2755,47,5,False,0,pistol,3,3,,,,,,,568.57940709891,1020.1528148651123
546025,377,1288.1480080329254,2086,38,4,True,50,pistol,3,4,,,,,,,518.481676318486,1024.1764204502106
547391,378,795.6300000000035,1366,22,3,False,0,pistol,3,4,,,,,,,428.99934662692215,1027.3610310554504
548728,379,1020.7800791311877,1337,22,3,False,0,pistol,3,4,,,,,,,847.8021001445763,1028.9384427070618
549933,380,794.1599263246356,1205,19,2,False,0,pistol,3,4,,,,,,,405.65890303769646,1031.9093143939972
551688,381,1634.5890725123268,1755,28,3,True,12,machinegun,3,1,,,,,,,469.73506406255353,1035.6458387374878
552870,382,594.4370428872705,1182,18,2,True,48,machinegun,3,1,,,,,,,802.9842516739004,1037.1181824207306
553950,383,486.70047867336575,1080,16,2,False,0,pistol,3,1,,,,,,,360.02386251301255,1040.1182749271393
554222,384,12.348020469177612,272,3,1,False,0,pistol,3,2,,,,,,,675.9727418755633,1040.5210473537445
554711,385,278.01628487457606,489,7,1,True,50,machinegun,3,2,,,,,,,704.8937893149038,1041.2150406837463
556715,386,3058.0949999999416,2004,31,4,False,0,pistol,3,1,,,,,,,496.1971209607022,1045.2540929317474
557880,387,577.6259370281159,1165,18,2,False,0,pistol,3,3,,,,,,,389.82190391709906,1048.2429707050323
558760,388,425.2600529954404,880,14,2,False,0,pistol,3,3,,,,,,,891.2548359974481,1049.2306282520294
559632,389,314.17428805182624,872,13,2,False,0,pistol,3,3,,,,,,,334.6470667407799,1051.8365848064423
562392,390,4350.201193230174,2760,52,6,True,50,machinegun,3,1,,,,,,,557.4459075976707,1056.7881109714508
564093,391,601.4471922916982,1701,26,3,False,0,pistol,3,1,,,,,,,479.99660272328435,1060.3322622776031
565582,392,2208.5817683972423,1489,26,3,False,0,pistol,3,1,,,,,,,462.4532419206062,1063.5524499416351
566918,393,628.1204462920318,1336,21,3,False,0,pistol,3,1,,,,,,,879.0182486492184,1065.0727350711823
569649,394,6284.6386583983,2731,49,5,True,17,machinegun,3,4,,,,,,,447.394803161459,1071.1772541999817
570926,395,1526.4972987241877,1277,21,3,True,7,machinegun,3,1,,,,,,,901.717803995142,1072.6084253787994
572472,396,1607.3151146665468,1546,26,3,True,2,machinegun,3,5,,,,,,,476.2174521769835,1075.8551788330078
573777,397,1844.8741716979514,1305,22,3,True,38,machinegun,3,3,,,,,,,436.3768700356607,1078.8461427688599
575836,398,3600.454497978798,2059,34,4,True,48,machinegun,3,2,,,,,,,545.1044233630971,1082.6236507892609
579315,399,5917.3339435956195,3479,68,6,True,44,machinegun,3,12,,,,,,,640.3431569128614,1088.0570840835571
579822,400,115.74500000000067,507,7,1,False,0,pistol,3,1,,,,,,,237.98058071630794,1090.1878490447998
580975,401,563.0455409680023,1153,17,2,False,0,pistol,3,1,,,,,,,883.7176325517285,1091.4929111003876
583612,402,3941.038953879417,2637,50,6,True,88,machinegun,3,8,,,,,,,579.4777632255497,1096.0439248085022
585236,403,1840.9500000000148,1624,27,3,False,0,pistol,3,1,,,,,,,479.2443435297455,1099.4329617023468
588386,404,3850.613404822721,3150,53,6,False,0,pistol,3,2,,,,,,,474.19149392747175,1106.0762994289398
590474,405,1863.6787180288238,2088,34,3,False,0,pistol,3,5,,,,,,,534.762448160714,1109.9811563491821
592925,406,4214.499492568798,2451,44,5,True,69,machinegun,3,1,,,,,,,555.9972838974546,1114.3898129463196
595924,407,6200.6982020203395,2999,57,6,True,78,machinegun,3,4,,,,,,,624.5191914005367,1119.192291021347
597620,408,2261.1757113672697,1696,29,3,False,0,pistol,3,5,,,,,,,498.2922602512021,1122.5963864326477
600869,409,7756.248209402798,3249,62,7,True,97,machinegun,3,1,,,,,,,479.23527472597806,1129.3762991428375
601356,410,138.49912602845797,487,7,1,True,50,pistol,3,3,,,,,,,874.5967888757297,1129.947897195816
602226,411,780.1588111884048,870,12,2,True,27,machinegun,3,3,,,,,,,340.83288678760465,1132.5008792877197
602884,412,336.16714017555074,658,10,1,False,0,pistol,3,5,,,,,,,899.9801185037354,1133.2323062419891
604757,413,2429.537012830287,1873,32,3,True,45,pistol,3,5,,,,,,,517.5553591428112,1136.8515391349792
607654,414,5579.831498787805,2897,56,6,True,37,machinegun,3,8,,,,,,,614.2750237009209,1141.5679833889008
611047,415,6322.060198147302,3393,68,7,False,0,pistol,3,4,,,,,,,489.53164963732837,1148.499442577362
611380,416,30.810311147528807,333,4,1,False,0,pistol,3,2,,,,,,,906.6893302770696,1148.867158651352
612995,417,1053.4868535691292,1615,27,3,False,0,pistol,3,3,,,,,,,476.8011852384097,1152.254724264145
615281,418,4110.721459538125,2286,40,5,True,39,machinegun,3,7,,,,,,,551.1409631669619,1156.402819633484
619181,419,10149.438452610771,3900,90,10,True,12,machinegun,3,10,,,,,,,523.7032148620967,1163.8501071929932
620816,420,1976.0650000000198,1635,27,3,False,0,pistol,3,2,,,,,,,480.7695018662742,1167.2634830474854
621902,421,591.7548340354887,1086,18,2,False,0,pistol,3,2,,,,,,,898.9459854538952,1168.471922636032
623751,422,596.2745242824421,1849,27,3,False,0,pistol,3,1,,,,,,,519.8024199769887,1172.029399394989
625060,423,530.0603763428809,1309,20,2,False,0,pistol,3,1,,,,,,,428.59356005527184,1175.0841159820557
625646,424,125.17912711035198,586,9,1,False,0,pistol,3,2,,,,,,,898.431072983525,1175.736686706543
627702,425,2210.094331607825,2056,36,4,True,49,machinegun,3,1,,,,,,,531.9999289308636,1179.601684331894
629659,426,2268.5659878204797,1957,33,4,False,0,pistol,3,4,,,,,,,525.9823916671783,1183.3227670192719
631480,427,2167.5305415717235,1821,31,4,False,0,pistol,3,1,,,,,,,511.6406285859362,1186.8823113441467
633702,428,2137.4641742937565,2222,37,4,False,0,pistol,3,1,,,,,,,557.5404448098735,1190.868076324463
634496,429,377.82770132997285,794,13,2,False,0,pistol,3,2,,,,,,,875.6769499740868,1191.7751202583313
636523,430,2260.256091940998,2027,31,4,True,41,machinegun,3,2,,,,,,,529.939357492051,1195.6004221439362
639047,431,2451.766133267716,2524,46,3,False,0,pistol,3,11,,,,,,,437.3277614072154,1201.3722574710846
640462,432,480.6647569855429,1415,24,3,False,0,pistol,3,2,,,,,,,874.272352062346,1202.991106748581
642283,433,1948.5937880055494,1821,28,3,False,0,pistol,3,1,,,,,,,522.1288424043818,1206.4790816307068
643427,434,530.0099758025984,1144,19,2,False,0,pistol,3,3,,,,,,,394.545932774599,1209.3790016174316
644477,435,461.5301399026556,1050,17,2,False,0,pistol,3,2,,,,,,,894.6905103492325,1210.5530338287354
646320,436,3167.0262120170723,1843,31,4,True,15,machinegun,3,1,,,,,,,503.08159576151877,1214.216825246811
647764,437,812.3355344418676,1444,23,3,False,0,pistol,3,1,,,,,,,456.1643276907186,1217.3825931549072
650040,438,2545.9748442346045,2276,42,5,True,48,machinegun,3,2,,,,,,,552.4135497341322,1221.5030810832977
651509,439,1949.6850000000163,1469,24,3,False,0,pistol,3,1,,,,,,,442.71007895507927,1224.8215341567993
652068,440,191.6810842482278,559,9,1,False,0,pistol,3,4,,,,,,,861.8846848330501,1225.4704394340515
652688,441,93.77642642364728,620,7,1,False,0,pistol,3,1,,,,,,,872.6547785517279,1226.1814484596252
654491,442,1607.6194699628074,1803,28,3,True,65,machinegun,3,2,,,,,,,510.8460619554512,1229.7112998962402
657556,443,6053.426235163166,3065,56,6,False,0,pistol,3,1,,,,,,,464.97259182559463,1236.3035156726837
659629,444,2718.737462899071,2073,36,4,False,0,pistol,3,2,,,,,,,532.1935646803549,1240.1991837024689
660034,445,45.42755214555449,405,5,1,False,0,pistol,3,1,,,,,,,857.9934176632098,1240.6716165542603
661327,446,2105.8537603815485,1293,20,3,True,35,machinegun,3,2,,,,,,,894.9918066333792,1242.116641998291
662940,447,1096.3551080596608,1613,27,3,True,50,pistol,3,2,,,,,,,479.3425077132951,1245.4819781780243
664702,448,2072.179129135121,1762,29,3,True,50,machinegun,3,1,,,,,,,491.230155128699,1249.0692460536957
665378,449,301.39720378172547,676,10,1,False,0,pistol,3,1,,,,,,,886.0586264127925,1249.8326625823975
665829,450,111.11505094170167,451,6,1,True,50,pistol,3,2,,,,,,,218.22281733760772,1251.8996992111206
666702,451,474.8464520291269,873,13,2,True,50,machinegun,3,2,,,,,,,918.5183288389419,1252.8505008220673
667171,452,88.06707303911224,469,7,1,False,0,pistol,3,2,,,,,,,826.250699242982,1253.4185540676117
667482,453,67.17500000000004,311,4,1,True,50,machinegun,3,1,,,,,,,853.9831668700539,1253.783043384552
669091,454,2197.490650854096,1609,25,3,True,90,machinegun,3,3,,,,,,,493.8089543108728,1257.0416445732117
669439,455,24.005000000000194,348,4,1,False,0,pistol,3,3,,,,,,,899.8887742155046,1257.4287440776825
670194,456,732.9484766577913,755,12,1,True,139,pistol,3,5,,,,,,,317.6517181653336,1259.8059055805206
671146,457,546.7297761949939,952,16,2,False,0,pistol,3,2,,,,,,,905.738556054487,1260.8573577404022
674868,458,5087.879241096402,3722,66,7,True,5,machinegun,3,5,,,,,,,506.25949347651584,1268.2097148895264
677684,459,2289.6411276620083,2816,49,5,False,0,pistol,3,3,,,,,,,589.6005508654496,1272.9862151145935
680353,460,2729.60649498923,2669,52,6,True,144,machinegun,3,5,,,,,,,442.5640293395517,1279.0173499584198
682423,461,924.3269727718465,2070,37,4,False,0,pistol,3,1,,,,,,,551.6727557620202,1282.770013332367
684752,462,1851.308430061996,2329,42,5,True,16,machinegun,3,4,,,,,,,557.0860526577221,1286.9510328769684
685722,463,499.9267208858968,970,16,2,False,0,pistol,3,3,,,,,,,906.906863422572,1288.020980834961
688824,464,2510.1639133194312,3102,56,6,True,49,machinegun,3,2,,,,,,,465.99144830170883,1294.6780982017517
690466,465,1899.160000000025,1642,26,3,False,0,pistol,3,3,,,,,,,485.18919698814193,1298.0628187656403
692355,466,3056.8176840402057,1889,33,4,False,0,pistol,3,1,,,,,,,512.76716153009,1301.7471778392792
693600,467,482.1124440016914,1245,19,2,False,0,pistol,3,1,,,,,,,905.8385771527965,1303.1221306324005
695290,468,3107.707024988884,1690,28,3,False,0,pistol,3,3,,,,,,,485.63860267052894,1306.602389574051
696072,469,527.5022763189843,782,12,2,True,35,machinegun,3,4,,,,,,,901.8260156364921,1307.4700322151184
697591,470,1156.3175579027886,1519,26,3,True,26,pistol,3,5,,,,,,,473.75299563184734,1310.6767175197601
698942,471,584.0297251849393,1351,20,3,False,0,pistol,3,1,,,,,,,446.78977527592883,1313.7009093761444
700935,472,1984.6009458835226,1993,35,4,False,0,pistol,3,3,,,,,,,534.7282128542829,1317.4285140037537
702682,473,1732.7118807375548,1747,28,3,False,0,pistol,3,1,,,,,,,518.6909549508379,1320.7968668937683
703820,474,869.8145157130042,1138,19,2,True,87,machinegun,3,3,,,,,,,860.3230632439885,1322.1199877262115
705557,475,836.8885125239223,1737,27,2,False,0,pistol,3,1,,,,,,,504.1316582793566,1325.5658807754517
707992,476,3839.3897942959934,2435,40,4,False,0,pistol,3,3,,,,,,,570.582765793315,1329.83376288414
709370,477,1866.5447335141469,1378,22,3,True,3,machinegun,3,1,,,,,,,438.7364265381999,1332.9749965667725
710107,478,321.7448850854162,737,9,1,False,0,pistol,3,3,,,,,,,895.7277212072496,1333.7981567382812
711703,479,2285.6062860864636,1596,26,3,False,0,pistol,3,1,,,,,,,478.22204771998105,1337.1357753276825
713681,480,3961.7030769615253,1978,35,4,False,0,pistol,3,2,,,,,,,532.7982602806313,1340.8485741615295
715805,481,2255.3351543958597,2124,33,4,False,0,pistol,3,1,,,,,,,529.4001133117002,1344.8610620498657
716995,482,1391.7844343136694,1190,20,3,True,13,machinegun,3,5,,,,,,,412.45471628574217,1347.7465991973877
717861,483,626.2278475894152,866,13,2,False,0,pistol,3,2,,,,,,,907.707363883902,1348.7010288238525
718180,484,90.54455095876992,319,4,1,True,49,pistol,3,1,,,,,,,902.5874340421456,1349.0549285411835
718443,485,52.560000000000095,263,3,1,True,50,machinegun,3,1,,,,,,,825.309407807319,1349.3740694522858
718915,486,313.764568236309,472,8,1,True,94,machinegun,3,5,,,,,,,230.61959601673564,1351.421019077301
719374,487,223.0495220513364,459,7,1,False,0,pistol,3,2,,,,,,,857.1332373139811,1351.9568259716034
719724,488,41.7033517093353,350,4,1,False,0,pistol,3,4,,,,,,,897.4960092781608,1352.3470408916473
722053,489,3552.6327546508464,2329,36,4,False,0,pistol,3,2,,,,,,,575.234912494935,1356.3961458206177
722406,490,46.1607841468682,353,5,1,False,0,pistol,3,1,,,,,,,843.1755658417466,1356.8150930404663
724064,491,2763.0058700306113,1658,27,3,True,35,machinegun,3,3,,,,,,,494.5067908182233,1360.1683223247528
724567,492,213.24768902793986,503,7,1,True,48,machinegun,3,2,,,,,,,821.5782562049609,1360.780925989151
725087,493,212.61271475044086,520,7,1,False,0,pistol,3,1,,,,,,,237.47686165379656,1362.9709582328796
725927,494,266.6312284056653,840,12,2,False,0,pistol,3,4,,,,,,,900.8983783286199,1363.9037585258484
726498,495,329.37937950237136,571,9,1,True,49,machinegun,3,2,,,,,,,890.8989735652028,1364.5449817180634
727624,496,1809.4712010282153,1126,18,2,False,0,pistol,3,2,,,,,,,399.7433252413317,1367.362155199051
728321,497,173.03815894014616,697,9,1,False,0,pistol,3,1,,,,,,,881.523767940351,1368.1532082557678
729398,498,839.8560146480448,1077,15,1,True,29,machinegun,3,1,,,,,,,407.3829109437706,1370.7972900867462
729996,499,133.32893033186076,598,9,1,False,0,pistol,3,1,,,,,,,919.6976056708837,1371.4478108882904
731397,500,1736.8847462733575,1401,21,3,False,0,pistol,3,2,,,,,,,453.0968895553664,1374.5402042865753
732664,501,1453.2853524819702,1267,21,2,True,17,machinegun,3,7,,,,,,,922.5985214974191,1375.9139149188995
733918,502,472.0269426102766,1254,18,2,False,0,pistol,3,1,,,,,,,426.5114422799966,1378.8544323444366
735278,503,523.070476404398,1360,22,3,False,0,pistol,3,1,,,,,,,447.1665987663172,1381.896255493164
737219,504,1883.6417604485714,1941,32,4,False,0,pistol,3,3,,,,,,,882.1848478845926,1384.0967669487
739466,505,2926.69820541146,2247,39,4,True,74,machinegun,3,7,,,,,,,400.8615885228533,1389.7025678157806
740444,506,319.2122266299318,978,15,2,False,0,pistol,3,1,,,,,,,906.373984645224,1390.7819311618805
742263,507,952.2038013877457,1819,30,3,True,50,machinegun,3,1,,,,,,,494.55960481068803,1394.4602401256561
743732,508,1001.6351988991402,1469,23,3,True,90,machinegun,3,5,,,,,,,464.5330839913505,1397.6228806972504
744672,509,332.6906910015872,940,14,2,False,0,pistol,3,2,,,,,,,911.4196978197705,1398.6546320915222
747091,510,3753.0445672566125,2419,44,5,True,50,machinegun,3,1,,,,,,,577.5123656600691,1402.8437337875366
748756,511,3209.544999999979,1665,28,3,True,53,machinegun,3,1,,,,,,,483.4417455948303,1406.2881762981415
750150,512,1729.534897653149,1394,23,3,False,0,pistol,3,3,,,,,,,447.9261507044491,1409.400757074356
752540,513,3101.50182458942,2390,40,5,True,2,machinegun,3,2,,,,,,,546.2852975031082,1413.7762124538422
753487,514,327.4701465391339,947,15,2,False,0,pistol,3,1,,,,,,,906.0331609470177,1414.8217809200287
754703,515,419.22074594724575,1216,18,2,False,0,pistol,3,3,,,,,,,419.2281637821755,1417.722668170929
755434,516,301.97526711828357,731,11,2,False,0,pistol,3,3,,,,,,,894.9803532824608,1418.539802789688
755769,517,26.925000000000196,335,4,1,False,0,pistol,3,2,,,,,,,174.85716347951723,1420.4560053348541
758799,518,4371.280797914464,3030,56,6,False,0,pistol,3,3,,,,,,,621.7582197264629,1425.329570055008
759991,519,1827.343050490646,1192,19,2,False,0,pistol,3,3,,,,,,,412.3009827217581,1428.2210314273834
761502,520,506.85623214486344,1511,24,3,False,0,pistol,3,1,,,,,,,894.1402044803277,1429.911273241043
763390,521,3844.2334904727854,1888,32,2,True,18,machinegun,3,6,,,,,,,521.168511095465,1433.5342257022858
764784,522,1689.0582404427057,1394,19,1,False,0,pistol,3,1,,,,,,,460.0383190345872,1436.5647184848785
766045,523,620.6594227801089,1261,21,3,False,0,pistol,3,4,,,,,,,420.12392097851614,1439.566593170166
768290,524,2705.992198886047,2245,37,4,False,0,pistol,3,3,,,,,,,559.2496008992455,1443.5812468528748
769659,525,501.5942023799552,1369,21,3,False,0,pistol,3,1,,,,,,,857.2154803323463,1445.1785607337952
771057,526,410.30525604178194,1398,21,3,False,0,pistol,3,1,,,,,,,445.7177691478381,1448.315425157547
772967,527,812.2311971437564,1910,32,3,False,0,pistol,3,4,,,,,,,515.8615966303818,1452.018397808075
774469,528,853.3185270521865,1502,26,3,True,40,pistol,3,5,,,,,,,467.5912391725836,1455.2311289310455
776367,529,2649.41928586532,1898,32,4,True,160,machinegun,3,2,,,,,,,516.3067357082818,1458.907636165619
777719,530,1874.0527569138876,1352,20,3,True,33,machinegun,3,1,,,,,,,878.2714106475191,1460.4473631381989
780908,531,2933.1259498441336,3189,60,7,False,0,pistol,3,7,,,,,,,479.6876012473796,1467.0958263874054
782544,532,841.6008889183121,1636,27,2,True,50,pistol,3,1,,,,,,,484.95650115149124,1470.469706773758
783051,533,190.39000000000016,507,7,1,False,0,pistol,3,1,,,,,,,896.2833967450747,1471.035700082779
784198,534,471.80688032413923,1147,18,2,True,100,pistol,3,2,,,,,,,917.8724093377933,1472.2856776714325
785413,535,639.7561795891837,1215,20,1,True,50,machinegun,3,1,,,,,,,401.5029464625904,1475.3122079372406
785933,536,223.50301322002585,520,7,1,False,0,pistol,3,1,,,,,,,887.9078025011613,1475.8982141017914
787740,537,1639.1177690615586,1807,32,4,False,0,pistol,3,2,,,,,,,507.3869192563965,1479.4599316120148
791250,538,4024.1286889023377,3510,64,7,True,42,pistol,3,6,,,,,,,509.3216521761001,1486.3518540859222
792259,539,482.29153137069034,1009,16,2,False,0,pistol,3,2,,,,,,,901.7304477466288,1487.471185207367
793461,540,453.82611179397827,1202,19,1,False,0,pistol,3,1,,,,,,,411.4908853469497,1490.3926734924316
795634,541,3428.1993554415335,2173,38,4,True,48,machinegun,3,1,,,,,,,544.7930788461429,1494.3816871643066
798274,542,3376.7017856002903,2640,45,5,True,68,machinegun,3,2,,,,,,,590.1717318670148,1498.855358839035
799164,543,331.167047794594,890,14,2,False,0,pistol,3,4,,,,,,,352.7886948257704,1501.37837266922
800720,544,1455.0299073674541,1556,24,3,True,63,machinegun,3,1,,,,,,,900.3749240184061,1503.1069457530975
803646,545,3740.7296294300045,2926,52,6,True,26,machinegun,4,5,,,,,,,450.6109365848855,1509.6006817817688
804338,546,157.43157095562285,692,10,1,False,0,pistol,4,1,,,,,,,906.3141471968964,1510.3646430969238
804843,547,132.02500000000092,505,8,1,False,0,pistol,4,6,,,,,,,889.1105089839839,1510.9329707622528
805172,548,83.94477994260272,329,5,1,False,0,pistol,4,2,,,,,,,174.41968105525015,1512.8195085525513
806134,549,267.5154854609741,962,14,2,False,0,pistol,4,1,,,,,,,876.6689243961891,1513.9173505306244
806427,550,11.631440071788369,293,4,1,False,0,pistol,4,1,,,,,,,830.8781312644727,1514.2703385353088
808266,551,1715.65613102191,1839,31,3,False,0,pistol,4,3,,,,,,,512.8455689796093,1517.856514930725
808701,552,50.31924185434561,435,5,1,False,0,pistol,4,1,,,,,,,893.5768743458651,1518.34365773201
810581,553,807.8074870405798,1880,31,4,False,0,pistol,4,1,,,,,,,515.6960039647937,1521.9895870685577
811917,554,478.628199285998,1336,21,3,True,44,machinegun,4,1,,,,,,,430.9026343349169,1525.0904314517975
813573,555,511.9338969972242,1656,25,3,False,0,pistol,4,3,,,,,,,490.30163624061726,1528.468523979187
815359,556,600.4599999999972,1786,31,4,False,0,pistol,4,1,,,,,,,514.7385691995868,1531.9386537075043
817410,557,1147.8333674152575,2051,35,4,True,82,machinegun,4,1,,,,,,,536.3790187036744,1535.7627828121185
818781,558,439.69999999999993,1371,22,2,False,0,pistol,4,1,,,,,,,899.9142375850009,1537.2866196632385
819996,559,1845.6404245162457,1215,19,1,True,61,machinegun,4,3,,,,,,,424.96126208193755,1540.146019935608
821248,560,413.5926632051535,1252,18,2,False,0,pistol,4,1,,,,,,,901.3504474166757,1541.5353429317474
822343,561,333.26499999999936,1095,15,2,False,0,pistol,4,2,,,,,,,399.2491745990351,1544.2783193588257
823090,562,214.97327103188394,747,11,2,True,47,machinegun,4,4,,,,,,,891.6660513801259,1545.1163635253906
823655,563,163.2750000000004,565,8,1,False,0,pistol,4,1,,,,,,,258.9611554184307,1547.2986099720001
824073,564,45.8109403653473,418,5,1,False,0,pistol,4,1,,,,,,,893.654658121684,1547.766687631607
824965,565,791.1286405594494,892,14,2,True,15,machinegun,4,1,,,,,,,898.6306162624575,1548.759660243988
826286,566,690.7028138320917,1321,22,3,False,0,pistol,4,5,,,,,,,438.11731398514235,1551.7752439975739
826767,567,85.20128184279952,481,7,1,False,0,pistol,4,4,,,,,,,900.1515782522661,1552.3099892139435
827018,568,-20.59500000000007,251,2,1,False,0,pistol,4,1,,,,,,,889.0529764860473,1552.5926699638367
829119,569,1656.3223056718869,2101,35,4,False,0,pistol,4,3,,,,,,,540.4188002639224,1556.4807350635529
830654,570,512.824999999997,1535,25,3,False,0,pistol,4,2,,,,,,,470.9208212362049,1559.7407341003418
832551,571,1471.9378154163926,1897,32,4,False,0,pistol,4,1,,,,,,,523.0878209064338,1563.3675649166107
832948,572,90.51500000000026,397,5,1,True,50,pistol,4,3,,,,,,,891.327430899775,1563.8133611679077
833215,573,-13.42500000000005,267,3,1,False,0,pistol,4,1,,,,,,,882.5840815091294,1564.116266965866
836028,574,2856.88878850365,2813,52,6,False,0,pistol,4,3,,,,,,,449.0880263870272,1570.3804349899292
836486,575,72.97057439729784,458,6,1,False,0,pistol,4,1,,,,,,,868.4656172395506,1570.908284187317
837493,576,1135.6097626114656,1007,16,2,False,0,pistol,4,1,,,,,,,890.5689864206948,1572.0394282341003
838657,577,1497.8583449887087,1164,20,3,True,42,machinegun,4,2,,,,,,,413.7106371879705,1574.8533728122711
839797,578,360.13057505189937,1140,17,2,False,0,pistol,4,1,,,,,,,407.9294030145016,1577.6483669281006
840612,579,377.8108460688751,815,14,2,True,45,machinegun,4,3,,,,,,,913.8371583226935,1578.54065990448
842759,580,1488.5017595920885,2147,37,4,False,0,pistol,4,4,,,,,,,546.0987570409322,1582.4725799560547
843166,581,15.609999999999935,407,5,1,False,0,pistol,4,1,,,,,,,904.001313307512,1582.9231970310211
844631,582,494.46138884578585,1465,23,3,False,0,pistol,4,3,,,,,,,444.21624112412314,1586.221487045288
847681,583,2037.4661026960164,3050,52,6,False,0,pistol,4,5,,,,,,,618.9523776945571,1591.149575471878
850215,584,2736.58544573126,2534,47,5,True,50,machinegun,4,2,,,,,,,421.98239431656793,1597.1549286842346
853080,585,3060.6783200401724,2865,53,6,True,10,machinegun,4,1,,,,,,,593.4952419353723,1601.9826791286469
853544,586,80.06500000000038,464,6,1,False,0,pistol,4,2,,,,,,,875.3823555870616,1602.5131602287292
854052,587,104.86814934787455,508,7,1,False,0,pistol,4,1,,,,,,,242.6570947973574,1604.6070518493652
855180,588,374.57000000000244,1128,17,2,False,0,pistol,4,3,,,,,,,872.1804113420187,1605.9006805419922
855481,589,4.609999999999907,301,2,1,False,0,pistol,4,1,,,,,,,882.1820956554915,1606.24218916893
856342,590,261.3038563282745,861,14,2,False,0,pistol,4,2,,,,,,,350.2305400847778,1608.7008547782898
857801,591,2165.419277593758,1459,23,3,False,0,pistol,4,1,,,,,,,892.8100236497675,1610.335434436798
858082,592,26.735000000000063,281,3,1,False,0,pistol,4,2,,,,,,,897.9367284185762,1610.6487348079681
861449,593,5308.508846270204,3367,71,7,True,81,machinegun,4,6,,,,,,,496.8188741209765,1617.4262368679047
861712,594,-4.515000000000089,263,3,1,False,0,pistol,4,2,,,,,,,867.4292355611544,1617.729831457138
862101,595,135.55850096239737,389,4,1,False,0,pistol,4,1,,,,,,,907.1654619938706,1618.1589796543121
862549,596,224.18127790675553,448,6,1,True,38,machinegun,4,1,,,,,,,215.27747994098408,1620.2404201030731
864040,597,1311.5088147575873,1491,25,3,False,0,pistol,4,4,,,,,,,895.5647655097197,1621.905698299408
864461,598,98.2600000000007,421,4,1,False,0,pistol,4,2,,,,,,,215.33913180061995,1623.8610389232635
864870,599,45.640000000000306,409,4,1,False,0,pistol,4,1,,,,,,,895.8654408251191,1624.317970752716
865383,600,101.40130067507428,513,6,1,False,0,pistol,4,2,,,,,,,891.0565661275768,1624.8940498828888
865804,601,69.047795849257,421,5,1,False,0,pistol,4,2,,,,,,,880.7704083821236,1625.3722808361053
868033,602,1730.8505701068452,2229,33,4,True,50,pistol,4,1,,,,,,,564.6154154062508,1629.3204851150513
869994,603,1826.5185240961066,1961,34,3,True,46,machinegun,4,7,,,,,,,515.2572044282514,1633.1267890930176
871280,604,558.6376707962736,1286,21,3,False,0,pistol,4,1,,,,,,,432.91235448462334,1636.0976667404175
871572,605,-6.114999999999942,292,3,1,False,0,pistol,4,1,,,,,,,892.1333840319693,1636.4252724647522
874934,606,5085.5642206594675,3362,68,7,True,114,machinegun,4,6,,,,,,,499.0731528250204,1643.1621353626251
875585,607,200.37954196590152,651,10,1,False,0,pistol,4,2,,,,,,,879.8765636343892,1643.9023776054382
877018,608,1322.874548746291,1433,24,3,False,0,pistol,4,4,,,,,,,453.2640122663466,1647.0642676353455
878012,609,877.5241502161551,994,17,2,True,14,machinegun,4,1,,,,,,,908.9424581532968,1648.1582720279694
879223,610,399.3449999999967,1211,18,2,False,0,pistol,4,2,,,,,,,423.01696206274084,1651.0214405059814
880280,611,422.00904045950625,1057,16,2,False,0,pistol,4,1,,,,,,,903.463297829632,1652.1917867660522
881795,612,1497.1161738945204,1515,23,3,True,38,machinegun,4,1,,,,,,,456.18395158902706,1655.5131061077118
883467,613,1435.4388832173172,1672,27,3,False,0,pistol,4,2,,,,,,,497.19129731855105,1658.8762407302856
885426,614,1553.0162982599177,1959,33,4,False,0,pistol,4,1,,,,,,,537.9712887446088,1662.5181953907013
886046,615,118.78073444122681,620,9,1,False,0,pistol,4,1,,,,,,,881.4499001259908,1663.2219715118408
887166,616,430.76601000378923,1120,18,2,False,0,pistol,4,2,,,,,,,396.974374831042,1666.043729543686
888543,617,481.67557518778005,1377,23,3,False,0,pistol,4,1,,,,,,,906.0020668974514,1667.563933134079
889167,618,121.63274747838183,624,9,1,False,0,pistol,4,2,,,,,,,285.44004146071813,1669.750278711319
890265,619,323.9432909478466,1098,17,2,False,0,pistol,4,1,,,,,,,876.680876904401,1671.0031170845032
892185,620,728.4317859430689,1920,32,3,False,0,pistol,4,4,,,,,,,547.2032772413073,1674.5121805667877
893775,621,1207.6150000000052,1590,24,3,False,0,pistol,4,1,,,,,,,487.70473845486896,1677.772782087326
894865,622,1212.8018548379628,1090,19,2,True,6,machinegun,4,1,,,,,,,918.7342030089316,1678.959490776062
896089,623,328.57067228710196,1224,18,2,False,0,pistol,4,1,,,,,,,421.2504497372471,1681.8654444217682
897990,624,1515.883450818893,1901,30,3,False,0,pistol,4,1,,,,,,,516.8359514880071,1685.544041633606
899680,625,612.5949999999964,1690,26,3,False,0,pistol,4,2,,,,,,,486.34022480248274,1689.0192148685455
901621,626,1449.1750000000009,1941,31,4,False,0,pistol,4,1,,,,,,,513.2765519925887,1692.801174402237
903552,627,809.8429076995568,1931,30,4,False,0,pistol,4,2,,,,,,,522.9263199026151,1696.4941987991333
904430,628,182.89269515631992,878,12,1,False,0,pistol,4,3,,,,,,,925.8297454256566,1697.44296169281
905591,629,1182.5939604370942,1161,19,2,False,0,pistol,4,1,,,,,,,419.1117162591614,1700.2134857177734
908221,630,2008.7044019651062,2630,48,5,False,0,pistol,4,1,,,,,,,573.1920719534305,1704.8022742271423
908513,631,18.55877135789924,292,4,1,False,0,pistol,4,1,,,,,,,897.4672559225418,1705.1280813217163
911890,632,2134.4399964575136,3377,57,6,False,0,pistol,4,2,,,,,,,489.02255208803024,1712.0339982509613
912732,633,655.4200000000018,842,12,2,True,23,machinegun,4,1,,,,,,,854.3821432494065,1713.020007133484
913983,634,1100.449443668599,1251,20,2,True,62,pistol,4,4,,,,,,,409.61368550920184,1716.07448554039
915919,635,2993.4609638057977,1936,30,4,True,24,pistol,4,1,,,,,,,530.4977487970141,1719.7241215705872
916806,636,308.0099999999996,887,13,2,False,0,pistol,4,1,,,,,,,926.2326264830474,1720.6820561885834
917812,637,194.40000000000038,1006,15,2,False,0,pistol,4,1,,,,,,,382.48549490777134,1723.3125915527344
919741,638,968.9290815052891,1929,33,4,False,0,pistol,4,1,,,,,,,519.0737174905787,1727.0291895866394
921527,639,690.9964034240156,1786,30,4,False,0,pistol,4,1,,,,,,,908.4663084638897,1728.9955236911774
922548,640,351.9136918318079,1021,15,2,False,0,pistol,4,1,,,,,,,376.9512769508735,1731.7044427394867
923873,641,418.97500000000133,1325,20,3,False,0,pistol,4,1,,,,,,,440.949256168026,1734.7097101211548
925384,642,1360.9350000000184,1511,24,2,False,0,pistol,4,1,,,,,,,888.1767711315339,1736.4113306999207
927404,643,2458.6675373197895,2020,34,4,False,0,pistol,4,1,,,,,,,532.7138787199692,1740.2036130428314
928651,644,274.3600000000003,1247,16,1,False,0,pistol,4,1,,,,,,,432.85591028689436,1743.0848414897919
929524,645,228.58499999999935,873,13,2,False,0,pistol,4,1,,,,,,,896.0696646371307,1744.059545993805
930737,646,303.585,1213,19,2,False,0,pistol,4,1,,,,,,,416.5447715009074,1746.9719519615173
932116,647,377.51681240957424,1379,22,3,False,0,pistol,4,1,,,,,,,448.26387678144727,1750.0487225055695
933570,648,1214.1083751216438,1454,21,3,False,0,pistol,4,2,,,,,,,866.7968148136041,1751.7265145778656
934748,649,366.8796959001118,1178,18,2,False,0,pistol,4,1,,,,,,,413.16751007896937,1754.5778856277466
936424,650,556.1182821047526,1676,27,3,False,0,pistol,4,1,,,,,,,487.45794888942174,1758.016651391983
937936,651,562.123848998148,1512,25,3,False,0,pistol,4,4,,,,,,,907.9073977889954,1759.6824066638947
939399,652,1017.9488909398258,1463,22,3,True,4,machinegun,4,1,,,,,,,453.5157175609749,1762.90869140625
942177,653,1087.7950000000037,2778,49,5,False,0,pistol,4,1,,,,,,,448.1838287464898,1769.1074259281158
943410,654,411.008438103165,1233,18,2,False,0,pistol,4,1,,,,,,,918.5874890296013,1770.450130224228
944182,655,211.62351881883149,772,12,2,False,0,pistol,4,1,,,,,,,312.6140925118753,1772.919951915741
945623,656,579.4823765930283,1441,25,3,False,0,pistol,4,10,,,,,,,881.7318122515658,1774.5544862747192
947199,657,549.4384073797667,1576,26,3,False,0,pistol,4,1,,,,,,,475.2833397672973,1777.8707110881805
948514,658,401.5563449043928,1315,21,3,False,0,pistol,4,1,,,,,,,439.39623057574147,1780.863841533661
951555,659,3735.079894222282,3041,61,7,False,0,pistol,4,1,,,,,,,613.2842757654334,1785.8227231502533
953721,660,810.4613307909775,2166,38,4,False,0,pistol,4,5,,,,,,,542.5662646479432,1789.8152723312378
956723,661,3042.301605460901,3002,55,6,False,0,pistol,4,2,,,,,,,465.24404417965184,1796.2682218551636
958728,662,732.5293131586404,2005,34,4,False,0,pistol,4,1,,,,,,,527.4752792403073,1800.069759607315
961845,663,3325.8883948432153,3117,64,7,False,0,pistol,4,4,,,,,,,627.2096711694352,1805.0398442745209
963285,664,410.388288959811,1440,24,3,False,0,pistol,4,2,,,,,,,452.18220857977093,1808.2248275279999
965535,665,1107.543812776086,2250,41,5,False,0,pistol,4,1,,,,,,,562.3388119133418,1812.226273059845
968053,666,1128.7567204487311,2518,47,5,True,46,machinegun,4,1,,,,,,,584.2416197586463,1816.5365357398987
971042,667,2259.402781837649,2989,59,6,False,0,pistol,4,1,,,,,,,459.90033721495166,1823.036135673523
972884,668,684.4870650031619,1842,30,3,False,0,pistol,4,1,,,,,,,499.70467321926185,1826.7227230072021
976000,669,2622.0549999999757,3116,56,6,False,0,pistol,4,5,,,,,,,622.6503438084161,1831.7275741100311
978080,670,2151.990904963148,2080,36,4,False,0,pistol,4,1,,,,,,,521.2663779436712,1835.7182240486145
979095,671,276.2530679957353,1015,17,2,False,0,pistol,4,3,,,,,,,388.22679561177597,1838.3330459594727
981977,672,2767.549654398953,2882,56,5,False,0,pistol,4,5,,,,,,,617.2134526362346,1843.002774477005
983346,673,537.3865860420213,1369,21,3,False,0,pistol,4,1,,,,,,,443.95195145879757,1846.0869393348694
986292,674,2983.117617421384,2946,56,6,False,0,pistol,4,4,,,,,,,614.9467182389511,1850.8780138492584
987697,675,403.33972893544245,1405,22,2,False,0,pistol,4,7,,,,,,,454.01395140176203,1853.9729595184326
988373,676,145.24353784550598,676,10,2,False,0,pistol,4,1,,,,,,,889.173554377315,1854.7336041927338
988931,677,39.27000000000048,558,6,1,False,0,pistol,4,2,,,,,,,886.981955442871,1855.3630793094635
989145,678,24.45157086621228,214,2,1,False,0,pistol,4,1,,,,,,,858.83308376,1855.612603187561
989386,679,5.489999999999988,241,1,1,False,0,pistol,4,1,,,,,,,133.43917849728146,1857.4190130233765
989756,680,65.76832005860805,370,4,1,False,0,pistol,4,2,,,,,,,901.0095140888287,1857.8300995826721
992353,681,2533.849340793564,2597,47,5,False,0,pistol,4,1,,,,,,,587.6479686490137,1862.2497663497925
994082,682,1461.3667132195612,1729,31,4,False,0,pistol,4,3,,,,,,,493.87824675866403,1865.7510135173798
994510,683,93.38087583166154,428,7,1,False,0,pistol,4,2,,,,,,,887.2433402214102,1866.233769416809
997108,684,1968.0834251031142,2598,45,5,False,0,pistol,4,5,,,,,,,577.5070961209865,1870.7327563762665
998672,685,604.8949999999991,1564,27,3,True,49,machinegun,4,6,,,,,,,463.8218589142274,1874.1052296161652
1000443,686,663.4333003820323,1771,31,4,False,0,pistol,4,5,,,,,,,506.37236143123425,1877.6030967235565
1001754,687,682.6037746278901,1311,22,3,True,41,machinegun,4,1,,,,,,,433.8650334011055,1880.6251888275146
1003263,688,454.97441257070057,1509,25,3,False,0,pistol,4,1,,,,,,,909.9105208361187,1882.2839939594269
1004521,689,1196.2914279253098,1258,19,2,True,52,machinegun,4,2,,,,,,,420.6315739796219,1885.275118112564
1006402,690,1552.0637563470468,1881,30,4,False,0,pistol,4,1,,,,,,,509.60331055751135,1888.9666683673859
1007809,691,487.8283295270145,1407,23,3,False,0,pistol,4,2,,,,,,,457.71868157403674,1892.0409240722656
1009282,692,858.0215747531979,1473,25,3,True,20,pistol,4,1,,,,,,,853.678998302925,1893.7667651176453
1010318,693,1162.7399999999973,1036,16,1,True,2,machinegun,4,1,,,,,,,383.64976395905677,1896.467405796051
1012535,694,2412.446832759491,2217,40,4,True,44,machinegun,4,1,,,,,,,551.2265561728395,1900.4897863864899
1013437,695,210.71764746220788,902,12,2,False,0,pistol,4,1,,,,,,,895.2614791638368,1901.4978103637695
1014721,696,872.080692650318,1284,20,3,True,20,machinegun,4,2,,,,,,,424.18697639102646,1904.525220632553
1016069,697,462.495,1348,22,3,True,50,machinegun,4,1,,,,,,,458.585542675852,1907.4650204181671
1016561,698,158.4314880234562,492,7,1,False,0,pistol,4,3,,,,,,,886.6193057757498,1908.020341873169
1017496,699,232.69000000000023,935,15,2,False,0,pistol,4,1,,,,,,,870.6767243140132,1909.0946989059448
1018551,700,290.94767237675,1055,17,2,True,50,pistol,4,1,,,,,,,390.2536327618303,1911.7983787059784
1020802,701,958.0111502655166,2251,41,5,False,0,pistol,4,4,,,,,,,552.4683334691872,1915.8732407093048
1022446,702,796.9952384738831,1644,26,3,True,32,machinegun,4,4,,,,,,,493.7534841433517,1919.2032165527344
1024564,703,859.0639048834641,2118,38,4,False,0,pistol,4,3,,,,,,,545.4201665828704,1923.0868611335754
1026710,704,1302.5700000000177,2146,34,4,True,7,machinegun,4,1,,,,,,,541.7693063077558,1927.048425912857
1026997,705,-16.28493040204496,287,2,1,False,0,pistol,4,1,,,,,,,884.89897981537,1927.373185634613
1029123,706,1776.5402985244777,2126,39,3,True,44,machinegun,4,5,,,,,,,534.2314327999441,1931.35311961174
1030352,707,491.49029122346576,1229,21,3,False,0,pistol,4,3,,,,,,,413.31349479725924,1934.3269684314728
1031425,708,267.3471879908336,1073,16,2,False,0,pistol,4,1,,,,,,,886.4608564607221,1935.5377612113953
1032551,709,1163.4341495508181,1126,16,2,False,0,pistol,4,1,,,,,,,403.01938616934973,1938.332082748413
1033251,710,775.4389333989484,700,10,2,True,15,machinegun,4,2,,,,,,,885.419977050352,1939.1231064796448
1034536,711,425.9099999999974,1285,20,3,True,50,machinegun,4,3,,,,,,,431.1715882206542,1942.1037430763245
1035571,712,248.07615872355896,1035,14,2,False,0,pistol,4,1,,,,,,,924.2225285148031,1943.2239191532135
1036788,713,397.7825396966753,1217,18,2,False,0,pistol,4,3,,,,,,,404.26315720696556,1946.2345974445343
1037245,714,50.6750000000003,457,6,1,False,0,pistol,4,4,,,,,,,897.8640226602356,1946.7439556121826
1038907,715,1298.8982738108102,1662,28,3,False,0,pistol,4,2,,,,,,,485.92699481703113,1950.164584159851
1040305,716,338.99000000000143,1398,20,3,False,0,pistol,4,1,,,,,,,917.9596351416828,1951.6879642009735
1041677,717,447.8149999999997,1372,21,3,False,0,pistol,4,2,,,,,,,435.8333634765454,1954.8363897800446
1042896,718,1265.4449745775948,1219,17,2,True,47,machinegun,4,4,,,,,,,420.9496518402553,1957.732575893402
1044509,719,631.7449999999984,1613,23,3,True,93,machinegun,4,3,,,,,,,488.6845790009613,1961.0337147712708
1046046,720,1029.748861875328,1537,23,3,True,60,pistol,4,1,,,,,,,919.3674837180143,1962.7057778835297
1047352,721,1217.4999999999918,1306,19,2,True,46,pistol,4,4,,,,,,,442.5684620583999,1965.6570451259613
1048107,722,142.0512585739738,755,10,2,False,0,pistol,4,2,,,,,,,901.103286137827,1966.4953644275665
1049383,723,535.4922990003636,1276,20,3,False,0,pistol,4,5,,,,,,,436.9812948070742,1969.415757894516
1050265,724,221.6487166299123,882,13,2,False,0,pistol,4,1,,,,,,,901.7524072318114,1970.394249677658
1050561,725,70.99000000000012,296,3,1,False,0,pistol,4,2,,,,,,,896.0609733212849,1970.7249410152435
1051276,726,122.11000000000094,715,9,1,False,0,pistol,4,2,,,,,,,303.531962821444,1973.0809326171875
1052316,727,1146.9117555139674,1040,17,1,False,0,pistol,4,1,,,,,,,899.3214921301466,1974.2376720905304
1053396,728,993.754999999989,1080,14,1,False,0,pistol,4,1,,,,,,,401.77862799623364,1976.9260420799255
1055049,729,727.1132627227876,1653,25,3,False,0,pistol,4,1,,,,,,,490.7048488530566,1980.2952075004578
1055861,730,979.3449999999926,812,14,1,True,2,machinegun,4,1,,,,,,,909.7286628348336,1981.1881699562073
1058269,731,887.3723937801203,2408,42,5,False,0,pistol,4,5,,,,,,,564.839481234279,1985.4516677856445
1059948,732,647.8099999999979,1679,28,3,False,0,pistol,4,4,,,,,,,500.9742359776918,1988.8036031723022
1061435,733,499.7876762356959,1487,25,3,False,0,pistol,4,2,,,,,,,463.58849826786025,1992.0116460323334
1062693,734,344.6137358290749,1258,20,2,False,0,pistol,4,3,,,,,,,902.1532316858822,1993.406575202942
1064351,735,937.6160857519451,1658,26,3,True,29,machinegun,4,3,,,,,,,494.36585792909426,1996.7607531547546
1065894,736,511.5100325696285,1543,25,3,False,0,pistol,4,1,,,,,,,471.0492121049789,2000.0368466377258
1067808,737,708.3643338221384,1914,32,2,True,49,machinegun,4,5,,,,,,,519.264442080515,2003.7231674194336
1069092,738,340.00500000000034,1284,18,1,False,0,pistol,4,1,,,,,,,411.47634434793343,2006.8439886569977
1070411,739,1475.5055373404155,1319,23,3,True,33,machinegun,4,1,,,,,,,918.4670325291796,2008.2803659439087
1072550,740,1826.3405204451572,2139,39,4,False,0,pistol,4,6,,,,,,,539.5882207640528,2012.244903087616
1074872,741,2101.4296137894107,2322,41,5,False,0,pistol,4,5,,,,,,,548.9511431496303,2016.4751915931702
1075509,742,79.6750000000012,637,8,1,False,0,pistol,4,1,,,,,,,281.15788101227594,2018.7412176132202
1076405,743,247.2800000000011,896,13,2,False,0,pistol,4,1,,,,,,,892.1184811205936,2019.7459008693695
1077847,744,444.5865836537371,1442,21,3,False,0,pistol,4,3,,,,,,,462.06273698798316,2022.8669965267181
1078301,745,71.84000000000036,454,6,1,False,0,pistol,4,1,,,,,,,896.4006385195235,2023.3738090991974
1079102,746,214.97527860693575,801,11,2,False,0,pistol,4,1,,,,,,,916.7654944627939,2024.2478420734406
1080357,747,973.0899999999914,1255,18,2,True,1,pistol,4,3,,,,,,,428.50800927179426,2027.1769914627075
1080690,748,34.205863406354716,333,5,1,False,0,pistol,4,4,,,,,,,888.2123310320969,2027.5523104667664
1081345,749,171.67625777213308,655,9,1,False,0,pistol,4,1,,,,,,,283.1859014242639,2029.8656387329102
1082149,750,147.64991481870968,804,9,1,False,0,pistol,4,1,,,,,,,867.4550978562758,2030.7927610874176
1082562,751,40.025630120409545,413,6,1,False,0,pistol,4,1,,,,,,,918.998833377809,2031.2426960468292
1083329,752,173.4600000000018,767,11,2,False,0,pistol,4,3,,,,,,,891.3947485526405,2032.1035416126251
1083580,753,0.07029586423085021,251,3,1,False,0,pistol,4,1,,,,,,,137.4012862417861,2033.9306490421295
1084820,754,984.1096515689297,1240,21,3,False,0,pistol,4,1,,,,,,,873.7706137015142,2035.3502883911133
1085742,755,193.12960251108382,922,13,2,False,0,pistol,4,3,,,,,,,358.465855374075,2037.9227068424225
1086421,756,112.7750000000011,679,8,1,False,0,pistol,4,1,,,,,,,888.9773914074925,2038.6868827342987
1086728,757,-4.495000000000072,307,3,1,False,0,pistol,4,1,,,,,,,880.2635818107988,2039.0360054969788
1087383,758,108.41500000000097,655,9,1,False,0,pistol,4,1,,,,,,,893.1347584594853,2039.7696166038513
1088678,759,415.7003164670466,1295,19,2,False,0,pistol,4,1,,,,,,,433.30288462343873,2042.758668422699
1090442,760,1222.7108787357429,1764,29,3,False,0,pistol,4,1,,,,,,,508.7528328043589,2046.226330757141
1091617,761,322.61433919897695,1175,17,2,False,0,pistol,4,1,,,,,,,422.3832000697986,2049.0085940361023
1093383,762,1296.189672265023,1766,29,3,False,0,pistol,4,2,,,,,,,892.611262353911,2050.987348794937
1094574,763,406.1770554067966,1191,19,2,False,0,pistol,4,1,,,,,,,413.76755158058876,2053.866161584854
1096181,764,513.098000644495,1607,25,3,False,0,pistol,4,1,,,,,,,479.1227092161356,2057.2205848693848
1098442,765,824.2692066550737,2261,39,4,False,0,pistol,4,2,,,,,,,559.0337987939121,2061.2655050754547
1098981,766,140.04862694500252,539,8,1,False,0,pistol,4,1,,,,,,,881.6122899193663,2061.8772168159485
1099691,767,143.50880724596425,710,10,2,False,0,pistol,4,1,,,,,,,892.5642540399023,2062.673039674759
1101442,768,671.9166410436311,1751,30,4,False,0,pistol,4,6,,,,,,,493.2559074373096,2066.2287504673004
1103416,769,774.2577628525452,1974,34,4,False,0,pistol,4,2,,,,,,,530.1404592812049,2069.952674150467
1104508,770,628.2476896716208,1092,20,3,True,29,machinegun,4,2,,,,,,,388.91681311328415,2072.760886192322
1106127,771,1786.0500000000125,1619,25,2,True,47,machinegun,4,2,,,,,,,481.36429397668184,2076.1246592998505
1107522,772,471.77325179710425,1395,20,3,False,0,pistol,4,1,,,,,,,902.616867440885,2077.670496940613
1108921,773,1462.8603246742084,1399,23,3,True,19,machinegun,4,2,,,,,,,449.9825765540681,2080.7798676490784
1109165,774,9.924043220982668,244,3,1,False,0,pistol,4,3,,,,,,,857.9717695387002,2081.0646855831146
1111319,775,1390.7142513264705,2154,37,4,True,3,machinegun,4,1,,,,,,,553.1982591627493,2084.958760499954
1112854,776,1030.6168930635374,1535,26,3,True,10,machinegun,4,1,,,,,,,466.8264534886672,2088.24724650383
1115180,777,1476.7126047826225,2326,39,4,True,7,machinegun,4,3,,,,,,,562.3593794186734,2092.383740901947
1117075,778,688.3419918417703,1895,32,4,False,0,pistol,4,3,,,,,,,520.1846830264042,2096.0269730091095
1119530,779,2190.842868200664,2455,43,5,False,0,pistol,4,3,,,,,,,591.3812575570129,2100.1786465644836
1119838,780,6.751949303207212,308,3,1,False,0,pistol,4,2,,,,,,,863.5539571807877,2100.5357308387756
1120496,781,446.72555665412926,658,7,1,True,18,machinegun,4,2,,,,,,,287.92120718063916,2102.8213336467743
1121209,782,158.41517851434773,713,11,2,False,0,pistol,4,1,,,,,,,901.6592824326304,2103.6124351024628
1121525,783,53.78587242552108,316,4,1,False,0,pistol,4,3,,,,,,,918.6444927771286,2103.9568343162537
1121731,784,15.184999999999967,206,3,1,True,50,pistol,4,1,,,,,,,882.1585100148451,2104.190639257431
1124058,785,1290.7357706546484,2327,41,5,True,18,machinegun,4,7,,,,,,,556.2291354065516,2108.3744971752167
1127546,786,2185.9999999999777,3488,61,7,False,0,pistol,4,1,,,,,,,494.2168427384384,2115.432601451874
1129239,787,552.9049999999926,1693,27,3,False,0,pistol,4,1,,,,,,,489.80313270366014,2118.8895037174225
1130412,788,473.3739034477291,1173,17,2,False,0,pistol,4,2,,,,,,,916.5778500453825,2120.1696186065674
1132272,789,1422.0329184647073,1860,33,4,False,0,pistol,4,1,,,,,,,514.1494090225269,2123.7875962257385
1133479,790,1131.0548899738935,1207,17,2,False,0,pistol,4,1,,,,,,,406.736383256025,2126.755430698395
1135666,791,1580.409518859683,2187,38,4,False,0,pistol,4,2,,,,,,,551.6827238633645,2130.720059156418
1137091,792,447.6485988848681,1425,21,3,False,0,pistol,4,1,,,,,,,438.2528204323514,2133.972047328949
1137990,793,313.1198192107583,899,14,1,False,0,pistol,4,1,,,,,,,911.986494389512,2134.9581291675568
1138732,794,259.964099373298,742,12,2,True,50,machinegun,4,6,,,,,,,316.52085361482864,2137.3026628494263
1139711,795,296.0477412030355,979,15,2,False,0,pistol,4,2,,,,,,,880.3645479822933,2138.415001153946
1141240,796,523.1100000000001,1529,26,3,False,0,pistol,4,1,,,,,,,471.7058685984194,2141.6567537784576
1142857,797,565.6341641417876,1617,27,3,False,0,pistol,4,2,,,,,,,486.90721891209074,2144.9780337810516
1143815,798,252.71499999999986,958,14,2,False,0,pistol,4,1,,,,,,,899.2319275483914,2146.0437202453613
1145670,799,946.3209914914247,1855,32,4,False,0,pistol,4,2,,,,,,,517.6230796456409,2149.627694129944
1146475,800,668.6698857710124,805,12,2,True,15,pistol,4,3,,,,,,,902.3967021665551,2150.520154953003
1148779,801,1528.1824628050977,2304,41,5,True,5,machinegun,4,1,,,,,,,549.315189863704,2154.714846134186
1151335,802,1531.6449395764114,2556,46,5,False,0,pistol,4,3,,,,,,,435.29663891099193,2160.5871131420135
1153267,803,617.1233555616805,1932,31,4,False,0,pistol,4,1,,,,,,,520.6887257081612,2164.2980403900146
1153546,804,7.179189135961472,279,3,1,False,0,pistol,4,3,,,,,,,878.6949720670391,2164.6158566474915
1154756,805,304.1839029761606,1210,18,2,False,0,pistol,4,1,,,,,,,902.79848062689,2165.956519126892
1156541,806,805.957934139698,1785,29,3,True,42,pistol,4,1,,,,,,,499.92792650340976,2169.527413368225
1157245,807,184.55304966952116,704,10,1,False,0,pistol,4,1,,,,,,,293.67731489230886,2171.9250309467316
1159839,808,2547.947845675197,2594,48,5,True,50,machinegun,4,3,,,,,,,575.3747146335598,2176.433906316757
1161797,809,1387.5282821953208,1958,34,4,False,0,pistol,4,2,,,,,,,525.7736529400395,2180.1583218574524
1163095,810,1156.7749936106397,1298,21,3,False,0,pistol,4,1,,,,,,,911.4925730572752,2181.5827672481537
1163625,811,94.91999999999993,530,7,1,False,0,pistol,4,1,,,,,,,244.44881711829234,2183.7512695789337
1165132,812,1187.192694952444,1507,24,1,False,0,pistol,4,2,,,,,,,855.2847646633306,2185.513639688492
1168262,813,2135.154697672939,3130,53,6,False,0,pistol,4,1,,,,,,,482.8838174571475,2191.995851278305
1169347,814,342.52862904352287,1085,17,2,False,0,pistol,4,1,,,,,,,825.0646543792253,2193.311291694641
1170483,815,354.28341016503975,1136,17,2,False,0,pistol,4,2,,,,,,,400.686490548013,2196.1467304229736
1172958,816,2961.9709560418087,2475,44,5,False,0,pistol,4,3,,,,,,,578.8698420586659,2200.422705411911
1174165,817,1600.4451312467613,1207,18,1,True,21,machinegun,4,1,,,,,,,416.45349929859293,2203.321296453476
1175820,818,2210.2518995402006,1655,29,3,False,0,pistol,4,1,,,,,,,488.24566104945654,2206.711368560791
1176366,819,129.4449999999996,546,8,1,False,0,pistol,4,1,,,,,,,888.5813188744717,2207.3262226581573
1176942,820,64.6893532433404,576,7,1,False,0,pistol,4,1,,,,,,,894.5983130184336,2207.970433950424
1177333,821,30.685000000000457,391,5,1,False,0,pistol,4,1,,,,,,,863.5917713086897,2208.4236404895782
1177819,822,95.04500000000029,486,7,1,True,50,pistol,4,2,,,,,,,230.83605810536872,2210.529354572296
1179149,823,464.05979301479016,1330,20,3,False,0,pistol,4,2,,,,,,,900.1885475615347,2212.007208108902
1179748,824,97.08303449263896,599,8,1,False,0,pistol,4,1,,,,,,,265.13708340228084,2214.26682472229
1180914,825,1612.307046923194,1166,20,3,True,25,pistol,4,2,,,,,,,920.1018475943496,2215.5344507694244
1181342,826,57.64710806935363,428,4,1,False,0,pistol,4,1,,,,,,,861.9770922064141,2216.031483411789
1183933,827,2365.3419548924185,2591,44,3,True,19,machinegun,4,5,,,,,,,439.37044150467284,2221.9289338588715
1184269,828,18.484759584183443,336,4,1,False,0,pistol,4,2,,,,,,,880.7091637648953,2222.310779809952
1184583,829,53.53655021125341,314,4,1,False,0,pistol,4,1,,,,,,,899.6631286145035,2222.6601841449738
1185976,830,476.5571226528904,1393,21,3,False,0,pistol,4,6,,,,,,,439.9722727047502,2225.8266019821167
1186957,831,358.0414543942002,981,16,2,False,0,pistol,4,3,,,,,,,896.232663451542,2226.9216384887695
1189988,832,2141.9541596998747,3031,52,6,True,1,machinegun,4,5,,,,,,,469.99073485437646,2233.371101617813
1190530,833,67.7850000000006,542,7,1,False,0,pistol,4,1,,,,,,,868.6165251331116,2233.995451450348
1193409,834,3693.1203425133203,2879,56,5,False,0,pistol,4,1,,,,,,,614.6062449656132,2238.680133342743
1196304,835,2690.7031163812703,2895,52,6,False,0,pistol,4,2,,,,,,,454.5663706219455,2245.0492734909058
1196827,836,125.04927609596521,523,8,1,False,0,pistol,4,1,,,,,,,906.1539025877353,2245.626849412918
1197105,837,49.31812056944976,278,4,1,True,50,machinegun,4,2,,,,,,,887.2159860969289,2245.940418243408
1198284,838,951.565599240918,1179,19,2,False,0,pistol,4,2,,,,,,,416.46077680188847,2248.771782875061
1199424,839,343.8812543298113,1140,15,1,True,49,pistol,4,1,,,,,,,898.451966473122,2250.041056871414
1200067,840,145.4229558469355,643,8,1,False,0,pistol,4,1,,,,,,,892.8033390361076,2250.7615764141083
1201442,841,1272.8873747549444,1375,22,3,False,0,pistol,4,2,,,,,,,451.77509854042586,2253.8054411411285
1202527,842,302.24337028767206,1085,15,2,False,0,pistol,4,1,,,,,,,393.42953070497134,2256.5636937618256
1203089,843,152.54000000000067,562,7,1,False,0,pistol,4,2,,,,,,,890.343570350472,2257.1953172683716
1204083,844,224.9550000000013,994,14,2,False,0,pistol,4,1,,,,,,,879.4019370669448,2258.3259665966034
1204532,845,110.45012855752665,449,6,1,False,0,pistol,4,2,,,,,,,219.94635494910762,2260.367812395096
1206860,846,986.228807331107,2328,40,5,False,0,pistol,4,3,,,,,,,548.6726148335931,2264.6111536026
1207835,847,233.44468608020483,975,14,2,False,0,pistol,4,2,,,,,,,905.471960888944,2265.688313484192
1210458,848,1304.239850671047,2623,45,5,False,0,pistol,4,3,,,,,,,435.9577874231438,2271.7052898406982
1211918,849,1788.579889551699,1460,26,2,True,16,machinegun,4,1,,,,,,,825.7305530684674,2273.473733186722
1214808,850,2010.9312928110285,2890,50,6,False,0,pistol,4,7,,,,,,,460.6671734629189,2279.7475481033325
1216583,851,1391.4318871053908,1775,28,3,False,0,pistol,4,2,,,,,,,500.5489042186645,2283.2941131591797
1217227,852,128.5509467778677,644,9,1,False,0,pistol,4,1,,,,,,,897.0083941410709,2284.012312412262
1219091,853,1553.4500847270224,1864,31,4,False,0,pistol,4,1,,,,,,,522.719490990888,2287.578644514084
1219739,854,192.61883187753676,648,10,1,True,49,machinegun,4,2,,,,,,,859.6793687123165,2288.3327407836914
1220678,855,283.7104222612609,939,13,2,False,0,pistol,4,3,,,,,,,361.42154862485137,2290.931102514267
1221514,856,281.9707079932773,836,13,2,False,0,pistol,4,2,,,,,,,909.8275679632295,2291.8503079414368
1222804,857,397.7961398650366,1290,20,2,True,50,machinegun,4,1,,,,,,,425.719665523814,2294.8808283805847
1223101,858,20.48643176575868,297,4,1,False,0,pistol,4,3,,,,,,,905.7865304323926,2295.2091584205627
1224098,859,283.9874514718616,997,16,2,False,0,pistol,4,2,,,,,,,899.743374869451,2296.3176209926605
1225117,860,346.12440471555266,1019,15,2,False,0,pistol,4,3,,,,,,,390.12019857995745,2298.9299914836884
1225896,861,223.33568190958192,779,10,1,False,0,pistol,4,2,,,,,,,896.5242254171928,2299.799250125885
1227257,862,382.1355698085736,1361,21,3,False,0,pistol,4,1,,,,,,,465.7415343756053,2302.721800804138
1228403,863,289.8400000000017,1146,17,2,False,0,pistol,4,1,,,,,,,879.0099234128464,2304.025921344757
1229222,864,209.1680863958464,819,12,2,False,0,pistol,4,2,,,,,,,323.99744660430065,2306.5541360378265
1230388,865,359.4749843185991,1166,18,2,False,0,pistol,4,1,,,,,,,900.1467428716151,2307.8499989509583
1231390,866,442.6572252092086,1002,15,2,True,49,machinegun,4,1,,,,,,,376.31445319740254,2310.513063430786
1232416,867,423.07532524188895,1026,17,2,False,0,pistol,4,1,,,,,,,896.1066426558546,2311.6583776474
1233827,868,497.52252620026354,1411,21,3,False,0,pistol,4,1,,,,,,,433.2926002646102,2314.9151277542114
1234727,869,217.90519740549405,900,13,2,False,0,pistol,4,1,,,,,,,898.445292488841,2315.917340040207
1236968,870,1698.5577683089741,2241,40,5,True,38,machinegun,4,4,,,,,,,556.3654406457068,2319.9455919265747
1238846,871,1459.2372964825533,1878,31,4,False,0,pistol,4,1,,,,,,,517.9851917670312,2323.5714917182922
1240116,872,366.8200000000014,1270,19,2,False,0,pistol,4,1,,,,,,,430.37570127980786,2326.52276802063
1242261,873,2842.0853074857146,2145,38,3,True,34,machinegun,4,3,,,,,,,543.0206622646544,2330.473235607147
1242650,874,41.48496367002013,389,5,1,False,0,pistol,4,1,,,,,,,863.1711614673628,2330.924337863922
1243046,875,56.67695216435313,396,5,1,False,0,pistol,4,1,,,,,,,893.4443859314107,2331.3679010868073
1245912,876,3031.8991536286703,2866,57,5,False,0,pistol,4,12,,,,,,,460.10991171853277,2337.597272157669
1247060,877,271.38500000000084,1148,15,2,False,0,pistol,4,1,,,,,,,908.5157874081118,2338.861252784729
1251308,878,5821.0987582535245,4248,84,9,False,0,pistol,4,2,,,,,,,540.0269801882145,2346.7279131412506
1252365,879,379.08436514235405,1057,16,1,False,0,pistol,4,3,,,,,,,383.6811535378252,2349.483190059662
1253284,880,250.64999999999984,919,14,2,False,0,pistol,4,1,,,,,,,907.7754793383019,2350.4959185123444
1254747,881,1211.8400000000067,1463,24,3,False,0,pistol,4,1,,,,,,,465.7747310431056,2353.6372566223145
1255372,882,109.50443044657135,625,9,1,False,0,pistol,4,1,,,,,,,840.0161245770984,2354.3816480636597
1256029,883,227.3476076735109,657,10,1,False,0,pistol,4,2,,,,,,,286.8748677749643,2356.672260284424
1258223,884,1591.3443990191272,2194,37,4,False,0,pistol,4,2,,,,,,,550.836353954518,2360.6557171344757
1259959,885,1086.100749817175,1736,29,3,True,17,machinegun,4,5,,,,,,,481.64924457863515,2364.260468482971
1261542,886,732.7413315953368,1583,25,3,False,0,pistol,4,2,,,,,,,878.0922766275385,2366.063843011856
1263953,887,1822.0951540433095,2411,40,5,False,0,pistol,4,1,,,,,,,424.1589720726948,2371.748351097107
1266177,888,1722.1169344962195,2224,40,5,False,0,pistol,4,2,,,,,,,544.2209804601881,2375.835369825363
1267987,889,936.3450529127389,1810,32,4,True,49,machinegun,4,4,,,,,,,519.9019021776163,2379.3172104358673
1269452,890,442.95500000000055,1465,23,3,False,0,pistol,4,3,,,,,,,898.0956323064798,2380.948719263077
1272196,891,2639.1381953700075,2744,50,6,False,0,pistol,4,3,,,,,,,449.1969148445852,2387.057780265808
1273713,892,596.2663778284663,1517,24,3,True,48,machinegun,4,2,,,,,,,907.753744180091,2388.7292997837067
1275824,893,2435.22488427718,2111,37,4,False,0,pistol,4,1,,,,,,,542.7677173760258,2392.618982553482
1276930,894,1064.5576226310322,1106,16,2,False,0,pistol,4,1,,,,,,,399.5475277992528,2395.3875374794006
1277455,895,196.8493075509818,525,8,1,False,0,pistol,4,6,,,,,,,900.5787481519199,2395.970876455307
1278219,896,290.13248844583717,764,12,2,False,0,pistol,4,5,,,,,,,320.19203398916557,2398.3572776317596
1279826,897,527.8600000000002,1607,23,3,False,0,pistol,4,1,,,,,,,886.2871446910777,2400.170806646347
1280823,898,307.5957183877309,997,15,2,False,0,pistol,4,4,,,,,,,389.17647650066993,2402.7329964637756
1282258,899,564.0028194437497,1435,23,3,True,46,pistol,4,3,,,,,,,453.30859984905345,2405.898957014084
1283008,900,148.34454295001441,750,11,2,False,0,pistol,4,2,,,,,,,905.9024098050961,2406.727228164673
1285087,901,1470.9852566102518,2079,37,4,True,10,machinegun,4,1,,,,,,,526.9254468811574,2410.6731972694397
1286711,902,538.4899999999991,1624,25,3,False,0,pistol,4,2,,,,,,,490.97292485894945,2413.981271505356
1287819,903,717.5928864567659,1108,18,2,True,27,machinegun,4,6,,,,,,,878.0858789061245,2415.2435381412506
1289113,904,1066.6704512917609,1294,21,3,False,0,pistol,4,1,,,,,,,439.76344397231435,2418.1864664554596
1290248,905,265.9076338219551,1135,17,2,False,0,pistol,4,2,,,,,,,410.3168470866684,2420.95313000679
1292352,906,2433.897887688426,2104,36,4,False,0,pistol,4,4,,,,,,,529.9608989381584,2424.9236266613007
1295326,907,2006.6688921811092,2974,54,6,True,90,machinegun,4,1,,,,,,,617.9062203603919,2429.7369310855865
1296613,908,477.9749999999993,1287,20,3,True,44,machinegun,4,1,,,,,,,425.500275491735,2432.7619805336
1298546,909,902.2323191412979,1933,33,4,True,49,pistol,4,3,,,,,,,523.2340879867685,2436.456760406494
1300737,910,965.823632878343,2191,35,4,False,0,pistol,4,2,,,,,,,558.7003458332816,2440.378765821457
1301953,911,662.1850000000006,1216,20,3,True,39,pistol,4,2,,,,,,,896.5920368265088,2441.7353496551514
1303976,912,828.0011014439964,2023,36,4,False,0,pistol,4,5,,,,,,,534.7874667375928,2445.5185437202454
1307005,913,1285.5039598077312,3029,55,6,False,0,pistol,4,7,,,,,,,478.02479865144414,2451.855432033539
1309149,914,1146.7017538690955,2144,35,4,True,36,machinegun,4,4,,,,,,,552.9682298333056,2455.7331097126007
1310513,915,472.7593179894958,1364,21,2,False,0,pistol,4,2,,,,,,,912.5768003196633,2457.228234052658
1311965,916,435.7600000000008,1452,23,3,False,0,pistol,4,3,,,,,,,464.80159827295915,2460.352507352829
1312734,917,231.4526235687515,769,11,2,True,50,machinegun,4,1,,,,,,,854.9020531677221,2461.2524309158325
1314978,918,808.2828842950204,2244,40,5,False,0,pistol,4,5,,,,,,,412.84419210447095,2466.6883640289307
1317603,919,1736.6947494347355,2625,47,5,False,0,pistol,4,2,,,,,,,593.5201787086319,2471.1115839481354
1319048,920,629.2239308559767,1445,25,3,False,0,pistol,4,2,,,,,,,456.84247945035105,2474.2749705314636
1320411,921,511.85761303857817,1363,23,3,False,0,pistol,4,1,,,,,,,871.3278966118595,2475.8396241664886
1321391,922,332.88529478887216,980,15,2,True,48,machinegun,4,4,,,,,,,389.45706866614375,2478.356293439865
1323373,923,2084.8250000000207,1982,33,4,True,16,machinegun,4,5,,,,,,,531.7082406709886,2482.0843048095703
1325987,924,2391.6708455443254,2614,48,5,True,28,machinegun,4,2,,,,,,,579.5260742608141,2486.5953183174133
1328138,925,1593.0126328305525,2151,38,4,False,0,pistol,4,2,,,,,,,549.5375716353649,2490.509929895401
1328352,926,-35.34945684115314,214,1,1,False,0,pistol,4,1,,,,,,,835.0935136538252,2490.7666347026825
1329050,927,113.96411943236642,698,9,1,False,0,pistol,4,1,,,,,,,889.3798701545284,2491.5517604351044
1330575,928,463.36050163411886,1525,22,3,False,0,pistol,4,2,,,,,,,460.52757918079647,2494.8635087013245
1331696,929,292.9160568512526,1121,18,2,False,0,pistol,4,2,,,,,,,396.3283798482598,2497.6923880577087
1332440,930,254.05499999999967,744,12,2,True,50,machinegun,4,4,,,,,,,898.2480341410928,2498.521110057831
1332907,931,50.16500000000049,467,6,1,False,0,pistol,4,1,,,,,,,877.7411623839549,2499.0535020828247
1333332,932,147.8154277307748,425,6,1,True,47,machinegun,4,3,,,,,,,208.733294028034,2501.089832544327
1334900,933,466.85499999999513,1568,23,3,False,0,pistol,4,2,,,,,,,918.2861061213548,2502.7977888584137
1336801,934,748.5344105600932,1901,32,4,False,0,pistol,4,2,,,,,,,517.9254991158067,2506.4685459136963
1339213,935,2561.80188966652,2412,43,5,False,0,pistol,4,3,,,,,,,582.6216657513646,2510.6090638637543
1342450,936,2928.7553179492133,3237,57,6,False,0,pistol,4,1,,,,,,,488.41520812006854,2517.2369561195374
1343224,937,187.2850000000015,774,10,2,False,0,pistol,4,1,,,,,,,911.0112425891041,2518.086918115616
1343942,938,200.08700691888455,718,11,2,False,0,pistol,4,1,,,,,,,304.5063830346589,2520.44513130188
1345500,939,1218.9177608496839,1558,25,3,False,0,pistol,4,2,,,,,,,884.531464518038,2522.2068338394165
1347098,940,592.2571038520659,1598,26,3,False,0,pistol,4,1,,,,,,,492.2687734773356,2525.4534454345703
1349079,941,2255.9368409221247,1981,32,4,False,0,pistol,4,3,,,,,,,524.2458234840395,2529.2325870990753
1351005,942,1351.235031383105,1926,31,4,False,0,pistol,4,2,,,,,,,520.5565340039159,2532.9328162670135
1351905,943,189.29500000000144,900,13,2,False,0,pistol,4,1,,,,,,,354.0611185291874,2535.4751427173615
1352137,944,-8.441126783262668,232,3,1,False,0,pistol,4,1,,,,,,,820.7006750624964,2535.7582540512085
1354183,945,1534.3465752627096,2046,36,4,False,0,pistol,4,1,,,,,,,542.5234570042902,2539.5299055576324
1355233,946,367.3084910049797,1050,15,2,False,0,pistol,4,2,,,,,,,921.269882576256,2540.6700778007507
1357690,947,1812.7529974595534,2457,46,5,False,0,pistol,4,1,,,,,,,564.1978816338003,2545.0252804756165
1358207,948,151.58500753479004,517,7,1,True,50,machinegun,4,2,,,,,,,241.33498433543863,2547.1678805351257
1358698,949,63.855000000000146,491,7,1,False,0,pistol,4,4,,,,,,,897.3391691804527,2547.715409755707
1360140,950,2078.400000000011,1442,22,3,True,8,machinegun,4,1,,,,,,,476.52027130249036,2550.741834640503
1361902,951,1539.2131563585192,1762,28,3,False,0,pistol,4,3,,,,,,,855.7045822404532,2552.801328420639
1362219,952,0.9149999999999991,317,4,1,False,0,pistol,4,1,,,,,,,170.8783730500428,2554.6567952632904
1362732,953,69.53624027831712,513,6,1,False,0,pistol,4,1,,,,,,,901.5496035437208,2555.2262029647827
1363824,954,410.0600640019358,1092,18,2,False,0,pistol,4,3,,,,,,,893.1840581100656,2556.449163198471
1364498,955,125.21182527215944,674,9,1,False,0,pistol,4,1,,,,,,,296.5250699838215,2558.722451210022
1365860,956,410.2056332245834,1362,21,3,False,0,pistol,4,1,,,,,,,903.9458288427265,2560.229592323303
1366243,957,122.65500000000021,383,5,1,False,0,pistol,4,2,,,,,,,195.6129134701642,2562.187921524048
1367661,958,1925.4538976032616,1418,22,3,True,26,machinegun,4,1,,,,,,,904.7178815369512,2563.755614757538
1368269,959,128.87500000000063,608,7,1,False,0,pistol,4,1,,,,,,,277.0645286689904,2565.950389146805
1369007,960,135.62000000000094,738,10,2,False,0,pistol,4,3,,,,,,,874.3012775592069,2566.794938802719
1370210,961,2019.5595205778684,1203,17,2,True,70,machinegun,4,1,,,,,,,426.21576921770884,2569.617845773697
1371590,962,1405.5510303469057,1380,21,3,False,0,pistol,4,4,,,,,,,916.7122562171169,2571.1236011981964
1372692,963,290.3100000000005,1102,15,2,True,47,machinegun,4,1,,,,,,,409.3819673016849,2573.815716266632
1373914,964,355.81469560772774,1222,17,2,False,0,pistol,4,1,,,,,,,910.2627970643211,2575.1585896015167
1374764,965,209.0100000000027,850,12,2,False,0,pistol,4,1,,,,,,,341.58930946740975,2577.6473298072815
1376285,966,462.2068360393213,1521,22,3,False,0,pistol,4,1,,,,,,,473.5291608275338,2580.8599936962128
1378410,967,1575.1879246381795,2125,38,4,False,0,pistol,4,3,,,,,,,545.6649040866266,2584.7545692920685
1379883,968,549.474999999995,1473,22,3,False,0,pistol,4,1,,,,,,,871.9468313966412,2586.4442291259766
1381543,969,537.7233618697621,1660,27,3,False,0,pistol,4,2,,,,,,,497.70034535357445,2589.780081510544
1382836,970,1332.8500000000097,1293,18,1,True,50,pistol,4,1,,,,,,,442.48958277154225,2592.702600955963
1383706,971,243.24999999999858,870,13,2,False,0,pistol,4,1,,,,,,,884.0624025611089,2593.6871089935303
1385622,972,1402.8300445398368,1916,34,4,True,19,machinegun,4,1,,,,,,,532.4732476847913,2597.28582239151
1387393,973,1516.9288872987056,1771,32,4,False,0,pistol,4,2,,,,,,,515.8150962795143,2600.7195887565613
1390172,974,3451.3780565940497,2779,55,6,True,70,machinegun,4,3,,,,,,,595.8299982752784,2605.384086370468
1393509,975,3869.0193291486903,3337,69,7,True,44,pistol,4,3,,,,,,,493.89105540246476,2612.140944480896
1397071,976,3382.564255842792,3562,65,7,False,0,pistol,4,1,,,,,,,499.85070995337236,2619.2674329280853
1399296,977,3117.7774566007874,2225,40,5,False,0,pistol,4,3,,,,,,,557.6951954554092,2623.2574956417084
1401368,978,1129.9094545890255,2072,37,4,False,0,pistol,4,2,,,,,,,537.3291230402748,2627.1140582561493
1403114,979,1799.374188298658,1746,29,3,True,43,machinegun,4,2,,,,,,,506.9115805434958,2630.558741092682
1405297,980,1799.2009389152067,2183,38,4,False,0,pistol,4,2,,,,,,,546.832307911904,2634.5512430667877
1405871,981,97.62122627092187,574,8,1,False,0,pistol,4,1,,,,,,,884.2535070353733,2635.2007253170013
1406208,982,63.26379399345454,337,5,1,False,0,pistol,4,2,,,,,,,848.4475014721233,2635.598279953003
1407969,983,670.5073305489204,1761,30,4,False,0,pistol,4,8,,,,,,,507.85331447823876,2639.0661339759827
1408485,984,77.71500000000036,516,8,1,False,0,pistol,4,1,,,,,,,879.9146146609281,2639.652938604355
1409016,985,54.76000000000047,531,7,1,False,0,pistol,4,2,,,,,,,899.2068965795685,2640.2438037395477
1411080,986,1876.3888420638982,2064,36,4,False,0,pistol,4,1,,,,,,,387.6451851324466,2645.5686230659485
1413104,987,888.5639520125819,2024,34,4,False,0,pistol,4,1,,,,,,,854.4713670652026,2647.9378883838654
1415100,988,1539.226035900553,1996,33,4,False,0,pistol,4,3,,,,,,,527.0966514079217,2651.725006341934
1415458,989,29.66780162766881,358,5,1,False,0,pistol,4,1,,,,,,,185.68295070468864,2653.6534037590027
1415823,990,22.192987066984415,365,4,1,False,0,pistol,4,2,,,,,,,907.2812397029227,2654.0561287403107
1417598,991,599.168409454054,1775,27,2,False,0,pistol,4,1,,,,,,,504.1621658775684,2657.577133655548
1419086,992,579.5816456311147,1488,25,3,False,0,pistol,4,3,,,,,,,910.7420994952421,2659.211351633072
1419372,993,1.9230048112166855,286,3,1,False,0,pistol,4,1,,,,,,,154.2676358825233,2661.0656270980835
1419742,994,87.2400000000004,370,5,1,True,49,machinegun,4,1,,,,,,,876.6624864141794,2661.4880850315094
1420216,995,94.45000000000041,474,7,1,True,50,pistol,4,2,,,,,,,885.3364826212478,2662.0238287448883
1420548,996,67.16030750755519,332,4,1,False,0,pistol,4,2,,,,,,,905.322957997835,2662.3908660411835
1421797,997,453.07071833818634,1249,20,3,False,0,pistol,4,2,,,,,,,412.4659991176997,2665.4193336963654
1422213,998,206.9450000000005,416,6,1,False,0,pistol,4,2,,,,,,,818.0868991165678,2665.9282574653625
1423384,999,468.9447138041547,1171,18,2,False,0,pistol,4,3,,,,,,,419.0070633163027,2668.72332239151
1425587,1000,1746.266674751965,2203,38,4,True,50,pistol,4,3,,,,,,,546.0337701086595,2672.7581396102905
1427160,1001,1814.5954737895947,1573,25,3,False,0,pistol,4,1,,,,,,,904.0904983923358,2674.4984176158905
1428419,1002,1355.6048866422345,1259,20,2,False,0,pistol,4,2,,,,,,,430.7581416239182,2677.421565771103
1429641,1003,295.4350000000009,1222,18,2,False,0,pistol,4,1,,,,,,,427.17919284807493,2680.282586336136
1430868,1004,360.3670104206991,1227,18,2,False,0,pistol,4,3,,,,,,,855.4596453433866,2681.7172672748566
1432256,1005,660.9713957445274,1388,23,3,False,0,pistol,4,4,,,,,,,446.6887095833653,2684.824977874756
1433769,1006,452.75091607703126,1513,21,3,False,0,pistol,4,2,,,,,,,469.5457677091436,2688.0475883483887
1436185,1007,2670.541906821887,2416,43,4,False,0,pistol,4,2,,,,,,,567.1572281769071,2692.3077776432037
1437794,1008,838.0230108491287,1609,27,3,True,36,pistol,4,5,,,,,,,485.0335895116111,2695.62549495697
1439222,1009,448.42624881113596,1428,22,3,False,0,pistol,4,2,,,,,,,883.6999065319211,2697.2418024539948
1440179,1010,233.3452948477212,957,13,2,False,0,pistol,4,1,,,,,,,378.7350962446626,2699.7689397335052
1440486,1011,-10.484999999999964,307,3,1,False,0,pistol,4,1,,,,,,,902.941404412007,2700.1093010902405
1440993,1012,147.87500000000009,507,7,1,False,0,pistol,4,3,,,,,,,916.4215109814812,2700.662905693054
1442258,1013,320.8104927815259,1265,18,2,False,0,pistol,4,2,,,,,,,437.7420677010078,2703.5530915260315
1443362,1014,337.8949999999984,1104,16,2,False,0,pistol,4,2,,,,,,,906.3512970059066,2704.7715260982513
1444634,1015,500.02499999999867,1272,20,3,True,49,machinegun,4,2,,,,,,,430.05020583774416,2707.729652404785
1446100,1016,1379.9899999999973,1466,24,3,True,50,pistol,4,1,,,,,,,478.7424038174509,2710.792235136032
1446804,1017,326.11964059868933,704,11,2,False,0,pistol,4,2,,,,,,,876.692054639643,2711.595669031143
1447940,1018,316.4074156866885,1136,16,1,False,0,pistol,4,2,,,,,,,412.3388612379713,2714.3510060310364
1449929,1019,1450.8912481799534,1989,32,4,False,0,pistol,4,1,,,,,,,896.8877703210972,2716.5690183639526
1452817,1020,3842.682581453234,2888,53,6,True,50,pistol,4,1,,,,,,,465.23266903017145,2722.7769696712494
1454713,1021,1524.9891764991228,1896,31,3,False,0,pistol,4,3,,,,,,,509.75634809246816,2726.496807575226
1455157,1022,184.25235959616415,444,7,1,True,50,machinegun,4,2,,,,,,,853.7624153467825,2727.017157316208
1455585,1023,92.34555576051812,428,5,1,False,0,pistol,4,1,,,,,,,899.581725758086,2727.4933030605316
1456376,1024,237.11916660493887,791,13,1,False,0,pistol,4,1,,,,,,,331.3342057872778,2729.8810243606567
1456740,1025,94.61841948392367,364,5,1,True,47,pistol,4,3,,,,,,,906.7946677817031,2730.282792568207
1457201,1026,78.39339409915682,461,7,1,False,0,pistol,4,3,,,,,,,886.0993117240627,2730.8034312725067
1457724,1027,91.31028853665275,523,7,1,False,0,pistol,4,2,,,,,,,888.2034750385468,2731.392612218857
1459103,1028,373.3068786308237,1379,20,3,False,0,pistol,4,1,,,,,,,438.1367419240309,2734.5403282642365
1461024,1029,1422.690000000006,1921,31,4,False,0,pistol,4,1,,,,,,,520.5793127616865,2738.230851173401
1462310,1030,819.7049999999936,1286,21,3,True,25,machinegun,4,1,,,,,,,442.1665271850595,2741.1396260261536
1463457,1031,366.60171217214383,1147,19,2,False,0,pistol,4,5,,,,,,,886.2856597548839,2742.4340670108795
1466403,1032,2921.049768349104,2946,56,6,False,0,pistol,4,2,,,,,,,462.1306613244441,2748.809235572815
1469189,1033,3153.529489198224,2786,54,6,False,0,pistol,4,6,,,,,,,600.8030194676774,2753.446629524231
1471286,1034,1533.4429079052243,2097,35,4,False,0,pistol,4,1,,,,,,,546.8416656724135,2757.281788110733
1473764,1035,2924.052393804567,2478,48,5,False,0,pistol,4,2,,,,,,,585.4241604698135,2761.515058994293
1475588,1036,1383.7709709798012,1824,29,3,False,0,pistol,4,2,,,,,,,516.2710103266207,2765.0484347343445
1476946,1037,507.2604468882789,1358,20,3,False,0,pistol,4,1,,,,,,,435.1154799901333,2768.169869184494
1479017,1038,1925.010704789453,2071,37,4,False,0,pistol,4,1,,,,,,,536.6408120284494,2772.029394388199
1480060,1039,297.62500000000097,1043,15,2,False,0,pistol,4,2,,,,,,,897.2089749219265,2773.1922566890717
1482427,1040,1967.5566085875662,2367,41,5,False,0,pistol,4,3,,,,,,,575.4833461457888,2777.3057038784027
1485051,1041,2675.6511415512273,2624,48,5,False,0,pistol,4,1,,,,,,,444.82355256832636,2783.204925775528
1485919,1042,1095.1928785434088,868,14,1,False,0,pistol,4,1,,,,,,,917.4420356689619,2784.1515192985535
1487509,1043,1355.3450000000116,1590,23,3,False,0,pistol,4,2,,,,,,,471.44785063127114,2787.5245888233185
1488658,1044,290.4514721586036,1149,14,2,False,0,pistol,4,1,,,,,,,915.3379640383735,2788.780238866806
1488946,1045,4.105445811603126,288,3,1,False,0,pistol,4,2,,,,,,,156.31110419247406,2790.623062133789
1490877,1046,1549.526866542672,1931,30,4,False,0,pistol,4,3,,,,,,,855.3038052629606,2792.8810300827026
1491188,1047,10.03845091671144,311,3,1,False,0,pistol,4,2,,,,,,,163.15488718494186,2794.787537574768
1491671,1048,79.5077058854534,483,7,1,False,0,pistol,4,4,,,,,,,899.0083685907591,2795.3251690864563
1492305,1049,203.13222318413392,634,9,1,False,0,pistol,4,5,,,,,,,909.9051616943086,2796.022300004959
1493302,1050,334.2888394256205,997,15,2,False,0,pistol,4,3,,,,,,,379.2766785699644,2798.651333808899
1493677,1051,75.27226460895733,375,4,1,False,0,pistol,4,3,,,,,,,889.5363830913525,2799.0733454227448
1494116,1052,105.03231109288356,439,6,1,False,0,pistol,4,2,,,,,,,873.6226222445746,2799.576174259186
1494594,1053,173.6175104812035,478,6,1,False,0,pistol,4,2,,,,,,,863.3012558895389,2800.1301674842834
1496100,1054,1431.2022202738317,1506,23,3,False,0,pistol,4,1,,,,,,,472.1900504937959,2803.319932460785
1497001,1055,286.75875253411715,901,14,2,False,0,pistol,4,6,,,,,,,885.900234282293,2804.3372938632965
1497866,1056,979.6812893406905,865,13,2,True,14,machinegun,4,11,,,,,,,350.2826254718897,2806.8069677352905
1499020,1057,554.7039117145788,1154,18,2,False,0,pistol,4,3,,,,,,,874.1095319886523,2808.1275675296783
1502086,1058,4421.620617215693,3066,61,7,False,0,pistol,4,1,,,,,,,467.60671838832803,2814.684761762619
1502407,1059,6.732248265803946,321,4,1,False,0,pistol,4,2,,,,,,,885.3630459656737,2815.04775595665
1503565,1060,489.1674073156211,1158,19,2,False,0,pistol,4,2,,,,,,,411.543408684889,2817.861913204193
1504254,1061,204.39112017675507,689,10,2,False,0,pistol,4,1,,,,,,,885.458266155101,2818.640375852585
1506873,1062,2174.0228665321188,2619,48,5,False,0,pistol,4,12,,,,,,,586.0845327031474,2823.1093888282776
1508731,1063,557.4449999999913,1858,31,4,False,0,pistol,4,1,,,,,,,514.1029238031581,2826.72389793396
1510041,1064,484.9504847506356,1310,22,3,False,0,pistol,4,6,,,,,,,430.84219280487173,2829.764821767807
1512283,1065,1838.9466314430217,2242,40,5,False,0,pistol,4,3,,,,,,,550.4513169147522,2833.838219642639
1514309,1066,2161.6763785074095,2026,34,4,True,5,machinegun,4,1,,,,,,,541.738269379776,2837.5783863067627
1515755,1067,578.1308253555811,1446,23,3,False,0,pistol,4,3,,,,,,,463.66344360664283,2840.697412252426
1517339,1068,548.6001625012004,1584,25,3,False,0,pistol,4,1,,,,,,,918.4439700005474,2842.422462463379
1518738,1069,451.99935894078874,1399,21,3,False,0,pistol,4,1,,,,,,,432.0643125749719,2845.660879135132
1522214,1070,2033.3281002245778,3476,64,7,False,0,pistol,4,4,,,,,,,493.1336002880993,2852.710040330887
1524896,1071,2161.0982715114333,2682,49,5,False,0,pistol,4,2,,,,,,,591.9590191406053,2857.24125289917
1526266,1072,753.3862441655583,1370,24,3,False,0,pistol,4,2,,,,,,,451.15587899762966,2860.2783131599426
1526816,1073,135.81000000000108,550,8,1,False,0,pistol,4,3,,,,,,,914.8988774294105,2860.879830598831
1527776,1074,312.07499999999874,960,14,2,True,49,machinegun,4,1,,,,,,,899.3037547784556,2861.9476866722107
1528530,1075,219.4978185556524,754,12,2,False,0,pistol,4,1,,,,,,,317.18259437182104,2864.3252189159393
1530256,1076,682.1217549915744,1726,29,3,False,0,pistol,4,4,,,,,,,505.0265126461923,2867.7431948184967
1531479,1077,419.981392852947,1223,19,2,False,0,pistol,4,1,,,,,,,904.3526430226505,2869.0959627628326
1533309,1078,1318.2460645554327,1830,28,3,True,2,machinegun,4,2,,,,,,,516.796289418665,2872.637380361557
1535521,1079,846.3757701415876,2212,38,4,False,0,pistol,4,5,,,,,,,557.3490405256375,2876.6065492630005
1536578,1080,359.32102497064136,1057,17,2,False,0,pistol,4,2,,,,,,,387.9708461311336,2879.3314037323
1538228,1081,682.0305722609424,1650,28,3,False,0,pistol,4,8,,,,,,,483.59518691320704,2882.743647813797
1541579,1082,2131.763592801911,3351,58,6,False,0,pistol,4,4,,,,,,,631.8052341913079,2888.047883749008
1543090,1083,576.9260148200332,1511,26,3,False,0,pistol,4,2,,,,,,,471.1692068415363,2891.2551970481873
1543358,1084,7.826925023936717,268,3,1,False,0,pistol,4,3,,,,,,,882.6494336179509,2891.5591580867767
1545774,1085,1942.8286761334368,2416,44,5,False,0,pistol,4,1,,,,,,,583.4281037587714,2895.700422525406
1547003,1086,469.98039917966116,1229,20,3,False,0,pistol,4,1,,,,,,,435.6599931610132,2898.5218238830566
1549007,1087,1747.932418064565,2004,32,4,False,0,pistol,4,4,,,,,,,525.5774218535644,2902.3351349830627
1550136,1088,1361.538557234721,1129,19,2,False,0,pistol,4,3,,,,,,,895.0526661984152,2903.596981048584
1551417,1089,371.69382699873086,1281,21,3,False,0,pistol,4,1,,,,,,,412.7448041270613,2906.7011201381683
1553065,1090,1540.7740648061654,1648,27,3,False,0,pistol,4,3,,,,,,,494.4364022161971,2910.0346355438232
1554302,1091,422.2380112038229,1237,21,2,False,0,pistol,4,2,,,,,,,899.2099257127893,2911.410664796829
1555522,1092,346.34608424936846,1220,19,2,False,0,pistol,4,1,,,,,,,406.9766477101369,2914.408720254898
1556685,1093,391.2067816484322,1163,18,2,False,0,pistol,4,2,,,,,,,420.22304255240516,2917.1765966415405
1559305,1094,1112.1180648742209,2620,48,5,False,0,pistol,4,2,,,,,,,586.9958164887254,2921.6404645442963
1561460,1095,751.9949909443637,2155,37,4,False,0,pistol,4,3,,,,,,,547.647351397137,2925.575826406479
1563568,1096,2947.7073125782417,2108,35,4,False,0,pistol,4,2,,,,,,,561.3201517119784,2929.331650018692
1564653,1097,457.82439235631796,1085,17,2,False,0,pistol,4,2,,,,,,,884.8649705986093,2930.5581138134003
1566398,1098,747.4060748705363,1745,30,2,False,0,pistol,4,1,,,,,,,511.3682589588268,2933.970901966095
1567793,1099,2134.7450000000126,1395,24,3,True,23,machinegun,4,2,,,,,,,456.5898058820647,2937.0265653133392
1569999,1100,1986.9917503670272,2206,37,4,False,0,pistol,4,1,,,,,,,562.5549322262649,2940.9483408927917
1571025,1101,235.00539882620245,1026,13,2,False,0,pistol,4,3,,,,,,,384.97657267323586,2943.6139166355133
1572047,1102,319.4141593467484,1022,16,2,False,0,pistol,4,1,,,,,,,890.2788460420131,2944.7621891498566
1573224,1103,352.6427105099902,1177,18,2,False,0,pistol,4,1,,,,,,,399.94674134311475,2947.7054450511932
1574188,1104,388.4841932732884,964,16,2,False,0,pistol,4,1,,,,,,,917.06889171748,2948.757032394409
1576051,1105,1696.5534368158412,1863,31,4,False,0,pistol,4,2,,,,,,,520.08485316167,2952.339487552643
1576881,1106,266.9618184170075,830,13,2,True,47,machinegun,4,4,,,,,,,899.92563333678,2953.262162208557
1577280,1107,44.8312025268409,399,6,1,False,0,pistol,4,2,,,,,,,202.5637600643255,2955.2322866916656
1579840,1108,2923.4567286088345,2560,45,5,True,48,pistol,4,1,,,,,,,584.9834299287484,2959.6092042922974
1583332,1109,3275.179615340867,3492,63,5,False,0,pistol,4,1,,,,,,,495.63264117729466,2966.655136823654
1585982,1110,1282.8705678703734,2650,50,6,True,97,machinegun,4,6,,,,,,,595.4234024008919,2971.106228351593
1587187,1111,296.7266736643161,1205,19,2,False,0,pistol,4,2,,,,,,,897.9973138984523,2972.448410511017
1588023,1112,219.41000000000167,836,13,2,False,0,pistol,4,1,,,,,,,329.1768119501223,2974.988468170166
1589221,1113,480.52642273997907,1198,19,2,False,0,pistol,4,3,,,,,,,876.0923862698613,2976.356370449066
1590433,1114,368.5098522188925,1212,18,2,False,0,pistol,4,1,,,,,,,417.346148541344,2979.2607803344727
1591977,1115,523.3066524355718,1544,25,3,False,0,pistol,4,2,,,,,,,462.30229033616257,2982.600925207138
1594120,1116,796.133265008906,2143,37,4,False,0,pistol,4,2,,,,,,,541.7818920645085,2986.5566911697388
1596790,1117,2400.792814186939,2670,52,6,False,0,pistol,4,7,,,,,,,594.8583016811554,2991.0456008911133
1599687,1118,3210.0318364539085,2897,52,6,False,0,pistol,4,4,,,,,,,474.3100173268444,2997.1539645195007
1600621,1119,354.31000000000154,934,15,2,False,0,pistol,4,3,,,,,,,904.9649010424187,2998.186423063278
1601957,1120,498.2798680009863,1336,22,3,False,0,pistol,4,3,,,,,,,432.1766346556972,3001.2781205177307
1603877,1121,1927.4432943364513,1920,33,4,True,40,pistol,4,8,,,,,,,520.027632989574,3004.970593690872
1605588,1122,1519.6899032867352,1711,29,3,False,0,pistol,4,1,,,,,,,884.6389800570664,3006.905175924301
1606441,1123,779.4439263039712,853,14,1,True,24,machinegun,4,1,,,,,,,356.99057259221735,3009.2949147224426
1608152,1124,589.1302257252357,1711,26,3,False,0,pistol,4,2,,,,,,,496.82808523800895,3012.739141225815
1609173,1125,385.0424180484106,1021,15,1,False,0,pistol,4,1,,,,,,,897.1122959341752,3013.8777413368225
1610763,1126,589.5840341288905,1590,25,3,True,50,machinegun,4,1,,,,,,,480.5612691998252,3017.1867756843567
1611673,1127,335.5449500229116,910,15,2,False,0,pistol,4,5,,,,,,,911.2973204375106,3018.1857590675354
1612702,1128,305.5600000000004,1029,16,1,False,0,pistol,4,2,,,,,,,394.15085141352483,3020.7967681884766
1615322,1129,2448.7809973805706,2620,47,5,False,0,pistol,4,3,,,,,,,577.4150617531363,3025.334599018097
1615769,1130,52.69000000000037,447,5,1,False,0,pistol,4,2,,,,,,,863.5617573077988,3025.852614402771
1617150,1131,461.6528196412361,1381,21,3,False,0,pistol,4,1,,,,,,,450.20772127032717,3028.920551776886
1617997,1132,213.27239687186852,847,12,2,False,0,pistol,4,1,,,,,,,347.40168501638743,3031.359057188034
1618518,1133,170.18500000000114,521,7,1,True,50,machinegun,4,1,,,,,,,867.9933904466533,3031.959659576416
1619204,1134,156.22829545326215,686,10,2,False,0,pistol,4,1,,,,,,,849.9580806784321,3032.767191171646
1621017,1135,1906.3703980034395,1813,30,4,True,75,machinegun,4,6,,,,,,,498.5744948049538,3036.4039018154144
1622571,1136,496.6999999999993,1554,26,3,False,0,pistol,4,4,,,,,,,469.9659539490287,3039.7108731269836
1624220,1137,537.3338125046251,1649,27,3,False,0,pistol,4,1,,,,,,,486.42830288998476,3043.1012840270996
1624896,1138,189.6973771088781,676,10,2,False,0,pistol,4,1,,,,,,,885.5571729253422,3043.8650693893433
1625941,1139,395.0888629399739,1045,17,2,False,0,pistol,4,1,,,,,,,894.0940822345459,3045.0341765880585
1627485,1140,537.5281125731877,1544,19,2,False,0,pistol,4,1,,,,,,,473.7436349713223,3048.293692111969
1629235,1141,570.9689624573361,1750,25,3,False,0,pistol,4,2,,,,,,,498.26703616106334,3051.8062472343445
1629541,1142,13.3752859449583,306,4,1,False,0,pistol,4,2,,,,,,,870.5936541874006,3052.1581723690033
1630123,1143,143.33000000000078,582,8,1,False,0,pistol,4,1,,,,,,,896.8084970842798,3052.8074219226837
1631571,1144,440.02067005927694,1448,19,2,False,0,pistol,4,2,,,,,,,465.1892123416204,3055.920505285263
1632031,1145,91.68579418061788,460,6,1,False,0,pistol,4,1,,,,,,,851.2599564350128,3056.461183309555
1632735,1146,209.36940791040436,704,10,1,True,50,machinegun,4,1,,,,,,,301.8493874004851,3058.7938663959503
1634392,1147,612.3121577281695,1657,27,3,True,48,machinegun,4,2,,,,,,,490.2072091186096,3062.1744391918182
1637040,1148,1242.1321101223973,2648,48,5,False,0,pistol,4,3,,,,,,,591.7488808389592,3066.6497094631195
1639351,1149,2680.386103900994,2311,41,5,False,0,pistol,4,4,,,,,,,561.8686164491069,3070.7630105018616
1640974,1150,489.46804499428333,1623,24,2,False,0,pistol,4,5,,,,,,,475.5929452715206,3074.1759848594666
1642533,1151,562.1785133351768,1559,27,3,False,0,pistol,4,5,,,,,,,473.3176955378313,3077.4701824188232
1645463,1152,3061.2749999999664,2930,51,6,True,15,machinegun,4,1,,,,,,,609.3449665084429,3082.278887987137
1647113,1153,598.0784658701855,1650,26,3,False,0,pistol,4,2,,,,,,,470.11628660525525,3085.788955450058
1648632,1154,545.5520149679598,1519,22,3,False,0,pistol,4,1,,,,,,,886.0204179093519,3087.503648042679
1649017,1155,138.22361928686206,385,6,1,True,46,machinegun,4,5,,,,,,,194.30200425710612,3089.4854340553284
1650487,1156,447.45499999999953,1470,21,3,False,0,pistol,4,2,,,,,,,904.474718651145,3091.111171722412
1652566,1157,1556.4164009491558,2079,34,4,False,0,pistol,4,2,,,,,,,520.4493418910259,3095.106164932251
1653198,1158,161.4457524050735,632,10,2,False,0,pistol,4,3,,,,,,,292.2888936180066,3097.268758535385
1655137,1159,782.1857623236197,1939,32,4,False,0,pistol,4,1,,,,,,,541.9227070909317,3100.8471279144287
1658496,1160,4062.0828916676637,3359,68,7,False,0,pistol,4,2,,,,,,,647.6620835067567,3106.033844232559
1661564,1161,2548.9541802846043,3068,59,6,False,0,pistol,4,8,,,,,,,471.54773718643366,3112.5404357910156
1663057,1162,476.1191568430629,1493,22,3,False,0,pistol,4,2,,,,,,,474.1039895065783,3115.6899030208588
1663757,1163,285.15777397165874,700,11,2,False,0,pistol,4,2,,,,,,,903.7152816787608,3116.4648745059967
1664370,1164,134.38379092089696,613,8,1,False,0,pistol,4,1,,,,,,,847.2523298457182,3117.1887261867523
1666444,1165,1422.2738543103487,2074,36,4,False,0,pistol,4,4,,,,,,,551.325721828077,3120.950804233551
1667870,1166,622.8419573415464,1426,21,3,False,0,pistol,4,7,,,,,,,448.0823771657003,3124.133695602417
1669544,1167,686.5499999999882,1674,26,2,False,0,pistol,4,3,,,,,,,480.54011848723655,3127.6177566051483
1671712,1168,875.7426293160381,2168,40,5,False,0,pistol,4,5,,,,,,,560.4480818018355,3131.4864242076874
1673972,1169,1002.9870191759893,2260,40,5,False,0,pistol,4,6,,,,,,,551.312016027209,3135.586195707321
1676102,1170,1053.4338115752457,2130,37,4,True,49,pistol,4,7,,,,,,,560.529382489992,3139.386533975601
1678046,1171,1773.052333089903,1944,35,4,False,0,pistol,4,5,,,,,,,542.0286334185603,3142.9733831882477
1678632,1172,209.20874035084304,586,9,1,False,0,pistol,4,1,,,,,,,893.9094525861364,3143.629364013672
1681962,1173,1105.775122109157,3330,56,6,False,0,pistol,4,2,,,,,,,492.54577302582686,3150.39053440094
1685015,1174,3274.6080365821394,3053,60,7,True,24,machinegun,4,7,,,,,,,600.0912382399512,3155.4784433841705
1687379,1175,1751.8409005813912,2364,44,5,False,0,pistol,4,1,,,,,,,560.8746303386788,3159.693675518036
1689594,1176,1703.5259087981283,2215,40,5,False,0,pistol,4,10,,,,,,,554.0525338210067,3163.691931962967
1692325,1177,2115.95195197036,2731,47,5,False,0,pistol,4,4,,,,,,,454.1742656749408,3169.7053666114807
1695197,1178,2905.521297091816,2872,52,6,False,0,pistol,4,1,,,,,,,611.0564462354592,3174.405827522278
1697128,1179,2515.820101092417,1931,35,4,False,0,pistol,4,2,,,,,,,533.515630816347,3178.025571346283
1698383,1180,314.51211207413604,1255,17,2,False,0,pistol,4,1,,,,,,,438.6764099356676,3180.8867738246918
1700501,1181,2055.9461502855615,2118,37,4,True,25,machinegun,4,5,,,,,,,551.0306792000234,3184.7308905124664
1701612,1182,390.1000031960199,1111,18,2,False,0,pistol,4,1,,,,,,,898.4140904511955,3185.967807531357
1703013,1183,496.585000000001,1401,23,3,False,0,pistol,4,2,,,,,,,438.4586608872277,3189.1634182929993
1704680,1184,921.1877280126935,1667,28,3,True,31,pistol,4,6,,,,,,,494.69996399367267,3192.5337653160095
1706654,1185,1704.4276880766095,1974,34,2,False,0,pistol,4,1,,,,,,,541.9151349434486,3196.1767902374268
1708357,1186,677.1283876582607,1703,29,3,False,0,pistol,4,1,,,,,,,498.3231822250376,3199.5946621894836
1710703,1187,1665.925000000012,2346,40,4,False,0,pistol,4,1,,,,,,,561.7680906448365,3203.7711873054504
1713187,1188,1809.7274858703568,2484,45,5,True,3,pistol,4,2,,,,,,,570.7997960194873,3208.123448610306
1714653,1189,1322.4599999999937,1466,24,3,False,0,pistol,4,2,,,,,,,474.0237400038407,3211.216463327408
1718121,1190,3356.1345905549183,3468,68,7,False,0,pistol,4,2,,,,,,,638.5507454344412,3216.6479048728943
1721954,1191,4044.3419550163662,3833,75,8,True,10,machinegun,4,9,,,,,,,528.9391943070488,3223.894857406616
1723466,1192,468.0629473961422,1512,25,3,False,0,pistol,4,1,,,,,,,474.3499608210613,3227.082730770111
1724265,1193,180.33499999999964,799,13,2,False,0,pistol,4,1,,,,,,,903.7422549162112,3227.9672017097473
1726195,1194,699.6645347692696,1930,31,4,False,0,pistol,4,1,,,,,,,526.2008970304029,3231.6353828907013
1728621,1195,1699.088988243137,2426,39,4,False,0,pistol,4,1,,,,,,,425.0726524900888,3237.343090057373
1730232,1196,1455.9741705017327,1611,27,3,False,0,pistol,4,1,,,,,,,919.4083945487723,3239.0957129001617
1733483,1197,2516.711485372052,3251,61,7,False,0,pistol,4,15,,,,,,,493.981723627016,3245.677360057831
1735116,1198,1593.6000000000122,1633,27,2,False,0,pistol,4,1,,,,,,,494.17502283178163,3248.98224067688
1736262,1199,327.8537811069875,1146,17,2,False,0,pistol,4,1,,,,,,,912.212040843012,3250.2389738559723
1737371,1200,286.02500000000106,1109,17,2,False,0,pistol,4,1,,,,,,,388.32312641864934,3253.09521651268
1739314,1201,2025.7451321493913,1943,34,4,False,0,pistol,4,5,,,,,,,521.7421573975724,3256.819637298584
1740939,1202,537.769999999996,1625,24,3,False,0,pistol,4,1,,,,,,,491.35897363251127,3260.1271600723267
1744290,1203,4882.134570482956,3351,70,8,False,0,pistol,4,1,,,,,,,627.2381950411763,3265.4699449539185
1746578,1204,2669.6075378305704,2288,42,5,True,32,machinegun,4,4,,,,,,,569.0828814622312,3269.490731239319
1748135,1205,1892.5052025648238,1557,27,3,True,42,machinegun,4,1,,,,,,,470.8095057140305,3272.798180103302
1749683,1206,617.2519955859048,1548,25,3,False,0,pistol,4,4,,,,,,,469.3268134743303,3276.0969026088715
1751397,1207,1669.3010869656664,1714,29,3,False,0,pistol,4,3,,,,,,,503.0702632074682,3279.5044133663177
1754128,1208,2263.144820124899,2731,48,5,False,0,pistol,4,13,,,,,,,607.4378701946354,3284.000696659088
1755346,1209,547.387390722469,1218,20,3,False,0,pistol,4,1,,,,,,,425.5517771397365,3286.863203763962
1757577,1210,1020.3396938619223,2231,35,4,False,0,pistol,4,2,,,,,,,566.7050541048587,3290.800365447998
1757947,1211,111.52167600365718,370,4,1,False,0,pistol,4,3,,,,,,,856.6088084474545,3291.2327439785004
1758337,1212,60.20059690127243,390,4,1,False,0,pistol,4,2,,,,,,,862.4062599346992,3291.685332298279
1760709,1213,2220.5995803197843,2372,41,5,False,0,pistol,4,7,,,,,,,573.7012886481419,3295.820279598236
1760983,1214,-9.924999999999983,274,3,1,False,0,pistol,4,1,,,,,,,844.3565131590065,3296.14519071579
1761247,1215,-23.96000000000006,264,2,1,False,0,pistol,4,1,,,,,,,876.2542879074442,3296.4469640254974
1761673,1216,149.03980194702228,426,6,1,False,0,pistol,4,2,,,,,,,223.89228551326013,3298.35000872612
1765188,1217,5058.816696573867,3515,65,7,False,0,pistol,4,3,,,,,,,654.6314257198725,3303.71976685524
1766062,1218,279.4071527416848,874,13,2,True,49,machinegun,4,1,,,,,,,349.68190333887105,3306.219577550888
1767688,1219,1923.7440762748963,1626,27,3,False,0,pistol,4,4,,,,,,,486.02427435278014,3309.565340280533
1768985,1220,479.23907435837117,1297,19,2,False,0,pistol,4,2,,,,,,,886.6912649046108,3311.0284831523895
1770322,1221,645.684290931597,1337,22,3,False,0,pistol,4,7,,,,,,,449.1540871589456,3314.0056688785553
1772490,1222,3087.293411516173,2168,37,4,False,0,pistol,4,2,,,,,,,551.5520470489474,3317.93674659729
1773801,1223,423.46443741659505,1311,19,2,False,0,pistol,4,1,,,,,,,443.92830051798995,3320.890323162079
1775402,1224,577.7928007929116,1601,25,3,False,0,pistol,4,2,,,,,,,892.7967661335344,3322.6839270591736
1777263,1225,798.2421295780301,1861,32,2,True,45,machinegun,4,3,,,,,,,515.695034056711,3326.293041944504
1777934,1226,159.1822522183163,671,10,2,False,0,pistol,4,3,,,,,,,299.3188044596128,3328.5351600646973
1779878,1227,2525.1752875887128,1944,32,4,True,14,machinegun,4,5,,,,,,,530.0535249772197,3332.203084230423
1781429,1228,689.7808038276037,1551,25,2,False,0,pistol,4,1,,,,,,,859.6975176555165,3334.0075702667236
1782424,1229,351.7649999999972,995,15,2,False,0,pistol,4,3,,,,,,,382.8351671355634,3336.6069412231445
1782962,1230,136.52500000000077,538,8,1,False,0,pistol,4,1,,,,,,,883.0780614618909,3337.2165632247925
1785075,1231,2034.8078320115267,2113,40,4,True,15,pistol,4,6,,,,,,,540.9295517388264,3341.123159646988
1787743,1232,2742.5049999999424,2668,47,5,False,0,pistol,4,1,,,,,,,586.8679660717575,3345.669676065445
1789431,1233,1193.7730728110419,1688,28,3,True,18,machinegun,4,1,,,,,,,496.9582757027815,3349.0667731761932
1790891,1234,1182.1200185522416,1460,24,3,False,0,pistol,4,1,,,,,,,459.78635198957966,3352.2425076961517
1792779,1235,1904.316791121738,1888,30,4,True,18,machinegun,4,4,,,,,,,525.2295811287223,3355.8375718593597
1793550,1236,178.2650000000009,771,12,1,False,0,pistol,4,1,,,,,,,918.7375854406977,3356.6772565841675
1794344,1237,224.6630188347632,794,13,2,False,0,pistol,4,1,,,,,,,324.86771044894346,3359.121762275696
1795750,1238,1213.4395349099973,1406,23,3,False,0,pistol,4,2,,,,,,,910.4709598988927,3360.6663806438446
1797338,1239,522.3768156004695,1588,23,3,False,0,pistol,4,1,,,,,,,474.5494365942899,3364.013149499893
1798058,1240,169.92000000000124,720,10,2,False,0,pistol,4,2,,,,,,,895.860948232336,3364.817149400711
1800050,1241,658.1743757148888,1992,32,4,False,0,pistol,4,2,,,,,,,527.7981758199107,3368.591771364212
1801996,1242,1537.6529038002086,1946,35,3,True,59,machinegun,4,3,,,,,,,534.34419435922,3372.2339684963226
1803888,1243,657.0699999999913,1892,32,3,False,0,pistol,4,3,,,,,,,518.2322561348722,3375.8851642608643
1806587,1244,1789.4405012358357,2699,49,5,False,0,pistol,4,4,,,,,,,442.72025768164036,3381.981991291046
1807952,1245,980.3029436540199,1365,23,3,True,8,machinegun,4,3,,,,,,,893.2537357211785,3383.510523557663
1809644,1246,664.5513028469883,1692,29,3,False,0,pistol,4,2,,,,,,,482.0414604857785,3387.020986557007
1812120,1247,1907.5188093311776,2476,43,5,False,0,pistol,4,3,,,,,,,590.9155141503174,3391.211395263672
1814009,1248,1350.9785411791606,1889,32,3,True,7,machinegun,4,1,,,,,,,514.0058423671526,3394.8868174552917
1815089,1249,317.5718735087622,1080,17,2,False,0,pistol,4,2,,,,,,,403.6066643839406,3397.563163280487
1816362,1250,456.9850000000001,1273,22,3,False,0,pistol,4,1,,,,,,,871.2429783368555,3399.024585723877
1816852,1251,93.46137858287128,490,7,1,False,0,pistol,4,1,,,,,,,238.83454086490917,3401.076634168625
1818668,1252,702.9724044901662,1816,31,4,False,0,pistol,4,2,,,,,,,508.5647789033435,3404.647889852524
1821347,1253,2822.229752502936,2679,49,5,False,0,pistol,4,1,,,,,,,597.2875337107574,3409.133434534073
1822911,1254,1081.3166398560436,1564,24,3,True,18,machinegun,4,2,,,,,,,487.20182483868786,3412.344002008438
1823798,1255,230.23422948562626,887,13,2,False,0,pistol,4,1,,,,,,,889.3899828186868,3413.341690301895
1826520,1256,1012.3367417814025,2722,45,5,False,0,pistol,4,3,,,,,,,602.4884943539076,3417.860097885132
1828510,1257,717.0048201905704,1990,33,4,False,0,pistol,4,1,,,,,,,539.4728737083834,3421.5491836071014
1831390,1258,2329.4087252704794,2880,56,6,True,45,machinegun,4,4,,,,,,,465.4363241752331,3427.7373185157776
1832430,1259,362.69999999999874,1040,17,2,False,0,pistol,4,1,,,,,,,899.681334392637,3428.8936998844147
1834259,1260,673.0882154026706,1829,31,4,True,50,machinegun,4,3,,,,,,,514.0572351544299,3432.4520030021667
1836631,1261,786.4210976841653,2372,40,5,False,0,pistol,4,2,,,,,,,559.8678433795438,3436.689091205597
1838450,1262,789.2837065847716,1819,31,4,True,43,machinegun,4,4,,,,,,,516.968728884374,3440.208025455475
1842103,1263,3186.9872298423616,3653,71,8,True,19,machinegun,4,12,,,,,,,511.889908703155,3447.3446729183197
1843260,1264,1024.4276315977195,1157,19,2,True,5,machinegun,4,1,,,,,,,414.3770415359039,3450.137229681015
1845256,1265,1472.9877346469195,1996,33,4,False,0,pistol,4,1,,,,,,,523.6466902133134,3453.9492275714874
1846844,1266,931.4791623778171,1588,25,3,True,14,machinegun,4,4,,,,,,,890.4073089667243,3455.7331669330597
1848659,1267,1126.6524838292032,1815,28,3,True,21,pistol,4,4,,,,,,,532.4503688115282,3459.142296075821
1850743,1268,1511.893700972338,2084,34,4,False,0,pistol,4,3,,,,,,,539.6486628600992,3463.004353284836
1852512,1269,1962.7903817032634,1769,31,3,True,62,machinegun,4,4,,,,,,,497.9636605879505,3466.5573103427887
1854123,1270,1264.419999999998,1611,25,3,False,0,pistol,4,1,,,,,,,485.53759421674084,3469.875696659088
1854948,1271,239.0886159162432,825,12,2,False,0,pistol,4,2,,,,,,,892.5346994289564,3470.800351858139
1856558,1272,1407.2077284204213,1610,27,3,False,0,pistol,4,2,,,,,,,500.5854351089084,3474.016934156418
1857550,1273,421.7271851429865,992,15,2,False,0,pistol,4,3,,,,,,,377.88893937600886,3476.642449617386
1858500,1274,220.34820632549207,950,12,2,False,0,pistol,4,1,,,,,,,904.3557678318891,3477.6934113502502
1858972,1275,122.56500000000108,472,7,1,False,0,pistol,4,3,,,,,,,895.3748902101362,3478.220995903015
1860333,1276,551.6476711406924,1361,21,3,False,0,pistol,4,2,,,,,,,450.9258297830054,3481.2395310401917
1860654,1277,32.50765333390256,321,3,1,True,50,machinegun,4,1,,,,,,,900.2006398619984,3481.596512556076
1863319,1278,3017.824999999943,2665,44,5,False,0,pistol,4,1,,,,,,,586.2387834400246,3486.1428825855255
1865403,1279,3421.0265243589356,2084,37,4,True,74,machinegun,4,3,,,,,,,536.7581948395758,3490.0258786678314
1865709,1280,0.5700000000000571,306,3,1,False,0,pistol,4,1,,,,,,,872.0387392486288,3490.377194404602
1868156,1281,2848.5771546311453,2447,40,5,False,0,pistol,4,4,,,,,,,426.0143676146357,3496.1214683055878
1870216,1282,2682.4606984204847,2060,35,4,False,0,pistol,4,2,,,,,,,533.2977219939214,3499.9847168922424
1871518,1283,414.5066544944492,1302,20,2,False,0,pistol,4,1,,,,,,,909.4698908949321,3501.4167034626007
1874339,1284,3391.5567903024153,2821,53,6,True,50,machinegun,4,1,,,,,,,450.626775722821,3507.677264690399
1875708,1285,427.9850000000008,1369,21,3,False,0,pistol,4,1,,,,,,,900.2966769626366,3509.1983745098114
1878400,1286,2184.8820710573264,2692,49,4,False,0,pistol,4,2,,,,,,,440.37980040315324,3515.311690568924
1879913,1287,475.154858526307,1513,23,3,False,0,pistol,4,1,,,,,,,907.3169979588884,3516.9795184135437
1881527,1288,722.2392554296209,1614,28,3,False,0,pistol,4,1,,,,,,,478.4000197872657,3520.3535680770874
1883627,1289,889.874943048943,2100,37,3,False,0,pistol,4,2,,,,,,,556.1108122989608,3524.130071401596
1885254,1290,1280.584781255717,1627,26,3,True,11,machinegun,4,1,,,,,,,491.659006234092,3527.4396708011627
1886723,1291,1444.1998652134828,1469,24,3,False,0,pistol,4,3,,,,,,,479.6680547077465,3530.502651453018
1889571,1292,3158.358327718582,2848,50,6,False,0,pistol,4,7,,,,,,,616.6128358575376,3535.1218345165253
1890972,1293,1401.4000000000135,1401,20,2,False,0,pistol,4,1,,,,,,,456.58139501996806,3538.1908016204834
1891928,1294,251.8600000000011,956,14,2,False,0,pistol,4,2,,,,,,,893.3933029278802,3539.261321783066
1892930,1295,1359.9850000000147,1002,13,2,False,0,pistol,4,1,,,,,,,372.79520771880016,3541.9493687152863
1894593,1296,536.7065220350178,1663,27,3,False,0,pistol,4,1,,,,,,,496.9095676744972,3545.29652428627
1895899,1297,552.960198991901,1306,22,3,False,0,pistol,4,1,,,,,,,903.7100953671866,3546.742049217224
1896968,1298,248.66266378638173,1069,16,2,False,0,pistol,4,2,,,,,,,392.32517138207635,3549.4672269821167
1899863,1299,1809.1602925425432,2895,53,6,True,19,machinegun,4,16,,,,,,,609.9625005864777,3554.2137660980225
1902223,1300,2018.1632554677565,2360,43,5,False,0,pistol,4,7,,,,,,,565.5698672568344,3558.3869314193726
1903717,1301,1351.7974484471154,1494,26,2,True,59,machinegun,4,3,,,,,,,465.5193384018063,3561.5966608524323
1905586,1302,680.8719125826759,1869,30,4,False,0,pistol,4,3,,,,,,,509.57341996669476,3565.264835834503
1907413,1303,768.6759426771557,1827,30,4,False,0,pistol,4,2,,,,,,,514.3571693080941,3568.817093372345
1908401,1304,318.93711410721505,988,15,2,False,0,pistol,4,4,,,,,,,912.3046483817052,3569.900501012802
1911116,1305,2549.529709251326,2715,51,6,False,0,pistol,4,1,,,,,,,431.1232566868287,3576.1983919143677
1911988,1306,265.3886933008219,872,14,2,False,0,pistol,4,1,,,,,,,897.7069305715607,3577.170156478882
1914627,1307,2016.3446559558683,2639,50,6,False,0,pistol,4,9,,,,,,,599.5045849060119,3581.572441101074
1916932,1308,904.2965305456623,2305,42,5,False,0,pistol,4,2,,,,,,,414.01859322925804,3587.1402220726013
1919387,1309,870.1289696651147,2455,42,5,False,0,pistol,4,2,,,,,,,576.2259693110493,3591.4009294509888
1920776,1310,381.8468703629534,1389,21,3,False,0,pistol,4,2,,,,,,,917.495227153718,3592.9151623249054
1922577,1311,599.9331500147824,1801,29,3,False,0,pistol,4,1,,,,,,,501.351183361224,3596.5078032016754
1925208,1312,1843.4399610938146,2631,50,6,True,53,machinegun,4,7,,,,,,,444.07615394282686,3602.4328508377075
1927694,1313,792.0092221265691,2486,43,5,False,0,pistol,4,2,,,,,,,574.2100934592614,3606.762702703476
1930292,1314,2312.4230198402215,2598,49,5,True,88,pistol,4,7,,,,,,,587.9699807725948,3611.1816992759705
1932686,1315,1045.6144280640278,2394,43,5,False,0,pistol,4,1,,,,,,,577.2131605213332,3615.329630613327
1934578,1316,647.3472371117277,1892,33,4,False,0,pistol,4,3,,,,,,,523.298414210495,3618.945582151413
1937840,1317,3952.6943758141215,3262,66,7,True,23,machinegun,4,1,,,,,,,484.78751478174956,3625.674651145935
1941277,1318,2529.290153328048,3437,66,7,False,0,pistol,4,3,,,,,,,643.4890878470262,3631.0162076950073
1942802,1319,583.0915177283454,1525,25,3,False,0,pistol,4,1,,,,,,,467.8312382284518,3634.2763125896454
1944262,1320,383.24507163287456,1460,21,3,False,0,pistol,4,1,,,,,,,462.81513450371244,3637.4312987327576
1946676,1321,2994.752848116901,2414,43,5,False,0,pistol,4,4,,,,,,,571.0171107466019,3641.6592013835907
1948450,1322,612.0761331505304,1774,28,3,False,0,pistol,4,1,,,,,,,503.22424302431693,3645.1848423480988
1950518,1323,695.7236072378231,2068,34,4,False,0,pistol,4,4,,,,,,,541.0018303629179,3649.007721424103
1952456,1324,667.2122183780051,1938,33,4,False,0,pistol,4,2,,,,,,,517.7568302016876,3652.7511224746704
1954696,1325,898.2311885151439,2240,39,4,False,0,pistol,4,1,,,,,,,556.7330474542457,3656.7750174999237
1957243,1326,2050.840381005338,2547,45,5,False,0,pistol,4,1,,,,,,,572.4435493594066,3661.2247936725616
1958996,1327,2411.5800000000027,1753,31,2,True,66,machinegun,4,2,,,,,,,503.1590512057015,3664.709082841873
1961493,1328,1008.8985923362358,2497,43,5,False,0,pistol,4,1,,,,,,,584.6963272167268,3668.9800758361816
1963135,1329,556.2949999999939,1642,26,3,False,0,pistol,4,2,,,,,,,486.6231255828821,3672.354716539383
1965244,1330,823.6850000000042,2109,35,4,False,0,pistol,4,1,,,,,,,539.911941819945,3676.261343240738
1967783,1331,1858.9116188360865,2539,45,5,False,0,pistol,4,2,,,,,,,580.2300052703416,3680.63765001297
1968067,1332,-2.8699999999999903,284,3,1,False,0,pistol,4,2,,,,,,,887.8110764868932,3680.9578833580017
1969884,1333,652.6799999999976,1817,31,4,False,0,pistol,4,2,,,,,,,490.35787317734423,3684.6637003421783
1971337,1334,455.73999999999836,1453,22,3,False,0,pistol,4,2,,,,,,,453.4594583091697,3687.868307352066
1972379,1335,359.16360107253,1042,16,2,False,0,pistol,4,1,,,,,,,391.36172663684636,3690.531212568283
1974436,1336,788.6902437173953,2057,36,4,False,0,pistol,4,2,,,,,,,522.7008710243998,3694.4669291973114
1975707,1337,469.04565930058595,1271,21,3,False,0,pistol,4,4,,,,,,,917.1465852336754,3695.8530337810516
1977559,1338,1770.1579551732618,1852,30,4,False,0,pistol,4,1,,,,,,,506.77012386683197,3699.5078959465027
1980148,1339,1569.9938083163645,2589,47,4,True,16,machinegun,4,2,,,,,,,585.2533611347533,3703.9320101737976
1982115,1340,704.8880831930786,1967,34,4,False,0,pistol,4,1,,,,,,,533.3914835631075,3707.6201181411743
1983819,1341,600.6358392859858,1704,26,3,False,0,pistol,4,1,,,,,,,496.6246033639256,3711.051751613617
1986369,1342,3003.1142808907757,2550,47,5,False,0,pistol,4,3,,,,,,,585.537585025094,3715.407135248184
1987958,1343,1449.8408879433618,1589,26,3,True,1,machinegun,4,2,,,,,,,491.0989518013731,3718.643029689789
1989360,1344,1900.8523384239202,1402,23,3,True,17,machinegun,4,1,,,,,,,463.33210874142884,3721.66934299469
1991099,1345,1514.8380044120227,1739,28,3,False,0,pistol,4,1,,,,,,,502.96564772243397,3725.127252817154
1992375,1346,419.50268898022364,1276,20,3,False,0,pistol,4,6,,,,,,,901.3150077089349,3726.5433304309845
1994139,1347,688.2236028668501,1764,31,4,False,0,pistol,4,1,,,,,,,510.10778437168807,3730.001802444458
1995527,1348,600.5900000000024,1388,24,3,False,0,pistol,4,3,,,,,,,454.48139338736183,3733.0561656951904
1997223,1349,672.8457017611022,1696,29,3,True,48,machinegun,4,3,,,,,,,493.6991735243519,3736.491812467575
2000346,1350,3277.964999999942,3123,59,6,False,0,pistol,4,2,,,,,,,631.2638510290318,3741.4393978118896
2002476,1351,732.1385325529584,2130,37,3,False,0,pistol,4,3,,,,,,,541.8138661648961,3745.371088027954
2004445,1352,1854.338536700105,1969,33,4,True,1,machinegun,4,2,,,,,,,532.8410940702494,3749.066730260849
2006380,1353,1411.4848050271328,1935,32,4,True,3,machinegun,4,5,,,,,,,520.8433680661578,3752.7822227478027
2008096,1354,2513.4663496970825,1716,28,3,False,0,pistol,4,1,,,,,,,482.29544742570175,3756.340619802475
2009501,1355,483.894481290482,1405,24,3,False,0,pistol,4,3,,,,,,,442.5936737989149,3759.5155601501465
2010722,1356,357.02206361649735,1221,20,3,False,0,pistol,4,2,,,,,,,921.433463760035,3760.8410506248474
2012016,1357,539.1507477049131,1294,20,3,False,0,pistol,4,2,,,,,,,426.7831077716269,3763.8733654022217
2013422,1358,424.4899999999982,1406,20,3,False,0,pistol,4,2,,,,,,,446.4934272879869,3767.0227880477905
2016000,1359,1088.2680666070796,2578,47,5,False,0,pistol,4,4,,,,,,,580.9205420434379,3771.4609863758087
2018199,1360,1801.6750000000118,2199,39,4,False,0,pistol,4,3,,,,,,,552.908925727472,3775.438541173935
2019521,1361,1011.531546044701,1322,20,3,True,17,pistol,4,1,,,,,,,447.00607636187686,3778.396359682083
2020836,1362,1311.560000000012,1315,20,3,False,0,pistol,4,2,,,,,,,871.1360253871222,3779.9063255786896
2021583,1363,241.78000000000048,747,11,2,False,0,pistol,4,1,,,,,,,316.58470213921726,3782.266277074814
2023509,1364,1583.5744205372032,1926,31,4,False,0,pistol,4,4,,,,,,,528.4176345707972,3785.9115211963654
2024133,1365,213.65390712330924,624,9,1,False,0,pistol,4,1,,,,,,,870.5232947061719,3786.628680229187
2026201,1366,1969.1474382913907,2068,34,4,False,0,pistol,4,4,,,,,,,534.6025262679615,3790.4973397254944
2027023,1367,249.14889169475,822,10,2,True,45,machinegun,4,1,,,,,,,900.0628863368777,3791.4110226631165
2029158,1368,3616.7650348730754,2135,34,4,True,4,machinegun,4,3,,,,,,,563.5590586840096,3795.1998114585876
2030561,1369,1648.2080619421113,1403,22,3,False,0,pistol,4,1,,,,,,,456.93885976502537,3798.27064371109
2031114,1370,137.55404761687262,553,8,1,False,0,pistol,4,5,,,,,,,885.1633254005932,3798.895704984665
2032314,1371,296.65089360751585,1200,15,2,False,0,pistol,4,1,,,,,,,422.9729749035568,3801.733092546463
2033297,1372,189.82012882588998,983,12,2,False,0,pistol,4,1,,,,,,,899.014274983183,3802.8269925117493
2034380,1373,1047.8053541539437,1083,17,2,False,0,pistol,4,1,,,,,,,386.87041429189503,3805.626741170883
2035659,1374,1217.700000000006,1279,21,2,False,0,pistol,4,3,,,,,,,919.0773540787768,3807.0187377929688
2036992,1375,365.4549999999981,1333,18,2,False,0,pistol,4,1,,,,,,,452.7694115827352,3809.9631514549255
2038201,1376,338.74519897490313,1209,17,2,False,0,pistol,4,2,,,,,,,420.2871043340951,3812.8400740623474
2038972,1377,167.9148292421056,771,10,2,False,0,pistol,4,1,,,,,,,854.7105253768125,3813.7424459457397
2040070,1378,271.92104993629255,1098,16,2,False,0,pistol,4,2,,,,,,,389.1833730698736,3816.5642082691193
2041187,1379,383.67353882382093,1117,17,2,False,0,pistol,4,1,,,,,,,918.1642130876448,3817.7811191082
2043039,1380,1620.881801818691,1852,31,4,False,0,pistol,4,1,,,,,,,516.0555280552445,3821.370184659958
2044287,1381,456.4555581547221,1248,19,1,True,49,machinegun,4,1,,,,,,,427.0466817573875,3824.292906522751
2045557,1382,463.9028766578125,1270,20,3,False,0,pistol,4,1,,,,,,,889.6303955313107,3825.7208409309387
2046608,1383,315.815000000001,1051,13,2,False,0,pistol,4,1,,,,,,,390.5069163238602,3828.4125349521637
2047896,1384,354.8393295495056,1288,18,1,False,0,pistol,4,1,,,,,,,876.4943933541538,3829.882420539856
2048702,1385,246.9993915303096,806,12,2,False,0,pistol,4,1,,,,,,,339.1309283049879,3832.25945019722
2051673,1386,3407.3147851232284,2971,60,6,True,81,machinegun,4,9,,,,,,,616.220362343953,3837.0811808109283
2053222,1387,559.0223290954445,1549,26,3,True,48,machinegun,4,1,,,,,,,486.5851142022395,3840.264984846115
2056143,1388,2838.3805485222233,2921,53,6,False,0,pistol,4,2,,,,,,,599.9091576184968,3845.134373664856
2057869,1389,933.9723935864783,1726,29,3,False,0,pistol,4,3,,,,,,,499.29807356212376,3848.591609477997
2058178,1390,4.985000000000021,309,4,1,False,0,pistol,4,2,,,,,,,885.9315775658413,3848.9407336711884
2059851,1391,861.9479924334785,1673,27,3,True,40,machinegun,4,1,,,,,,,489.7077675091621,3852.357379436493
2061241,1392,467.6732027829543,1390,22,3,False,0,pistol,4,1,,,,,,,445.70571378224105,3855.4764342308044
2062434,1393,347.19500000000056,1193,18,2,False,0,pistol,4,5,,,,,,,422.5646751867498,3858.300089597702
2064014,1394,1368.9513927955518,1580,27,3,False,0,pistol,4,5,,,,,,,857.9669640658543,3860.142068386078
2064842,1395,240.36999999999938,828,14,2,False,0,pistol,4,2,,,,,,,350.1787465742236,3862.5069608688354
2065305,1396,146.85819721759066,463,6,1,False,0,pistol,4,2,,,,,,,896.8131360245017,3863.023577451706
2066419,1397,289.1697019965245,1114,16,2,False,0,pistol,4,1,,,,,,,907.0191356203314,3864.252114534378
2068122,1398,1857.1102289623998,1703,28,2,True,32,machinegun,4,2,,,,,,,482.71828150689964,3867.7803070545197
2069952,1399,621.4949999999924,1830,28,3,False,0,pistol,4,1,,,,,,,522.1622219541878,3871.285219669342
2070774,1400,233.6149901291583,822,12,2,False,0,pistol,4,1,,,,,,,332.43569841603795,3873.7582020759583
2072539,1401,605.6941231650866,1765,29,3,False,0,pistol,4,1,,,,,,,896.6852638651399,3875.7269246578217
2073947,1402,527.3386900861385,1408,20,3,False,0,pistol,4,1,,,,,,,469.9300212820389,3878.723425388336
2077310,1403,4463.905167037926,3363,71,8,False,0,pistol,4,2,,,,,,,497.1025649049949,3885.489070415497
2078573,1404,433.47281473565204,1263,21,3,False,0,pistol,4,1,,,,,,,908.0050619502701,3886.880378007889
2080358,1405,598.9186597794919,1785,27,3,False,0,pistol,4,1,,,,,,,511.12111909285886,3890.3730595111847
2082654,1406,1091.6586070035446,2296,40,5,False,0,pistol,4,1,,,,,,,565.2615204767061,3894.4353482723236
2084334,1407,606.4845361792585,1680,29,3,False,0,pistol,4,3,,,,,,,495.8929623535671,3897.8236079216003
2085871,1408,615.2062077563337,1537,25,3,False,0,pistol,4,1,,,,,,,466.9659543021832,3901.115518808365
2088065,1409,925.8861885559332,2194,40,4,False,0,pistol,4,4,,,,,,,552.6390574433232,3905.086012840271
2089478,1410,545.3008074547793,1413,20,2,True,44,machinegun,4,2,,,,,,,452.0440161112837,3908.212171792984
2092823,1411,3784.1924276778946,3345,58,6,True,39,pistol,4,3,,,,,,,633.643245217748,3913.491584300995
2093814,1412,814.2875326928478,991,12,1,True,6,machinegun,4,1,,,,,,,371.4152860042859,3916.1601223945618
2094600,1413,140.48987563041715,786,10,2,False,0,pistol,4,2,,,,,,,895.5831148971868,3917.0380742549896
2095299,1414,146.1682510865142,699,8,1,False,0,pistol,4,2,,,,,,,302.8252281426337,3919.346673965454
2095810,1415,132.3555226387709,511,7,1,False,0,pistol,4,1,,,,,,,874.6474006319627,3919.9312505722046
2096492,1416,238.47095143078826,682,9,1,False,0,pistol,4,1,,,,,,,850.3057659963937,3920.733715057373
2097222,1417,143.46500000000194,730,9,1,False,0,pistol,4,1,,,,,,,311.4885935574078,3923.0776619911194
2097991,1418,432.54768269156546,769,11,2,True,41,machinegun,4,4,,,,,,,898.3170030808959,3923.9340810775757
2098523,1419,216.92922727144756,532,8,1,True,48,machinegun,4,1,,,,,,,792.9997746846474,3924.6052610874176
2099193,1420,189.22000000000006,670,10,2,False,0,pistol,4,4,,,,,,,859.6391770395289,3925.3849968910217
2100243,1421,334.70503124227287,1050,15,2,False,0,pistol,4,1,,,,,,,390.8580441545189,3928.07178068161
2101924,1422,636.4600516812105,1681,29,3,False,0,pistol,4,2,,,,,,,492.13996671753523,3931.4877502918243
2102837,1423,1492.6100000000106,913,15,2,True,35,machinegun,4,1,,,,,,,887.7023176372381,3932.516634464264
2103345,1424,354.2472254872964,508,6,1,True,31,machinegun,4,2,,,,,,,232.78321466235937,3934.699322462082
2103789,1425,15.055000000000291,444,4,1,False,0,pistol,4,1,,,,,,,889.4024992298857,3935.198829650879
2104579,1426,161.6405466573613,790,10,2,False,0,pistol,4,2,,,,,,,852.5174825894507,3936.125785112381
2105076,1427,97.34347497447227,497,5,1,False,0,pistol,4,5,,,,,,,875.6842936135766,3936.693648338318
2105430,1428,12.810000000000215,354,4,1,False,0,pistol,4,1,,,,,,,183.05772854759326,3938.6277551651
2106300,1429,358.08965436870824,870,13,2,True,46,machinegun,4,4,,,,,,,884.5649491593463,3939.611656188965
2106845,1430,364.7200000000003,545,8,1,True,26,machinegun,4,1,,,,,,,898.238131202193,3940.218700647354
2109459,1431,2929.816901439208,2614,48,4,False,0,pistol,4,1,,,,,,,437.7310580661528,3946.1907289028168
2109954,1432,58.45500000000035,495,6,1,False,0,pistol,4,1,,,,,,,901.154810233555,3946.740334749222
2111293,1433,521.8104755510043,1339,20,3,False,0,pistol,4,2,,,,,,,916.8003309259904,3948.201191186905
2114079,1434,2060.40776394854,2786,48,4,False,0,pistol,4,1,,,,,,,456.7530419731454,3954.301297187805
2114823,1435,254.0749999999996,744,11,2,False,0,pistol,4,1,,,,,,,910.6240987685736,3955.1187195777893
2115282,1436,37.95500000000048,459,5,1,False,0,pistol,4,1,,,,,,,898.0897191465938,3955.6301469802856
2115711,1437,52.49614190038259,429,6,1,False,0,pistol,4,1,,,,,,,209.09272267885942,3957.682235479355
2116515,1438,228.6713352678382,804,12,2,False,0,pistol,4,2,,,,,,,903.514935288499,3958.5724296569824
2117168,1439,224.72625295253454,653,9,1,False,0,pistol,4,2,,,,,,,896.5538332212728,3959.3011379241943
2117651,1440,77.32500000000046,483,7,1,False,0,pistol,4,1,,,,,,,246.32069992398263,3961.26234292984
2119105,1441,403.4498659083644,1454,21,1,False,0,pistol,4,3,,,,,,,881.1709440573334,3962.9127316474915
2119848,1442,112.66874107360853,743,9,1,False,0,pistol,4,1,,,,,,,330.39345491069884,3965.161904335022
2120530,1443,162.33905777346015,682,10,2,True,50,machinegun,4,1,,,,,,,892.1273428938017,3965.926793575287
2121268,1444,165.0087997094856,738,10,2,False,0,pistol,4,2,,,,,,,891.2886187371237,3966.755215406418
2121552,1445,9.677704730542558,284,4,1,False,0,pistol,4,2,,,,,,,735.5433734352027,3967.141644001007
2122625,1446,286.64499999999947,1073,16,2,False,0,pistol,4,1,,,,,,,405.3581993311955,3969.7890079021454
2124280,1447,646.2182995082343,1655,27,3,False,0,pistol,4,1,,,,,,,493.8073321595618,3973.1407549381256
2125448,1448,383.5099999999986,1168,19,2,True,50,machinegun,4,2,,,,,,,899.609719048427,3974.4394402503967
2127703,1449,1346.7607611856743,2255,38,4,False,0,pistol,4,4,,,,,,,567.3852160128616,3978.414131641388
2129146,1450,608.499999999995,1443,24,3,True,47,machinegun,4,2,,,,,,,463.36409131189555,3981.528731584549
2131439,1451,1596.3628848046553,2293,37,4,False,0,pistol,4,1,,,,,,,556.1616341688591,3985.651925802231
2131796,1452,89.40215680852545,357,5,1,True,49,machinegun,4,1,,,,,,,884.4989644975657,3986.0558745861053
2134866,1453,1871.8664294893683,3070,58,6,True,22,pistol,4,12,,,,,,,437.53888006268556,3993.0726702213287
2136236,1454,1334.4996713819705,1370,24,3,False,0,pistol,4,4,,,,,,,463.77680588319424,3996.027035474777
2137488,1455,812.4708117107341,1252,22,3,True,19,machinegun,4,5,,,,,,,879.0021313581486,3997.4516785144806
2139272,1456,1440.9111412313757,1784,30,4,False,0,pistol,4,2,,,,,,,496.8563888806625,4001.0425844192505
2140794,1457,538.3700000000017,1522,25,3,False,0,pistol,4,3,,,,,,,454.5406811491165,4004.3914301395416
2141997,1458,504.3457612679608,1203,19,2,False,0,pistol,4,3,,,,,,,905.867267113507,4005.7196938991547
2142814,1459,194.76831521389082,817,11,2,False,0,pistol,4,2,,,,,,,329.9521122879236,4008.196214199066
2143292,1460,89.84369601705166,478,7,1,False,0,pistol,4,1,,,,,,,905.9160216420993,4008.724277973175
2143950,1461,144.62338726487684,658,11,1,False,0,pistol,4,3,,,,,,,886.7074248378781,4009.466820716858
2145897,1462,1262.610928846429,1947,33,4,False,0,pistol,4,2,,,,,,,515.0349617642362,4013.2475712299347
2148972,1463,2447.1052173424637,3075,57,6,False,0,pistol,4,4,,,,,,,481.68735494041505,4019.6316859722137
2149656,1464,138.43737247653794,684,8,1,False,0,pistol,4,2,,,,,,,908.9458397147545,4020.3845188617706
2152325,1465,2609.607648286794,2669,49,5,False,0,pistol,4,2,,,,,,,602.2932393905014,4024.8163278102875
2153329,1466,301.39499999999794,1004,15,2,False,0,pistol,4,2,,,,,,,386.66532755045216,4027.4132273197174
2155251,1467,1662.7636933343852,1922,30,4,True,40,pistol,4,1,,,,,,,521.6644782276024,4031.098030090332
2156955,1468,1166.4923548921947,1704,30,4,True,28,pistol,4,4,,,,,,,485.0992934353972,4034.6111385822296
2158503,1469,1036.0480948020404,1548,22,1,False,0,pistol,4,1,,,,,,,906.0659598473605,4036.3199157714844
2160731,1470,1561.5074731638138,2228,35,4,False,0,pistol,4,2,,,,,,,409.39279786747437,4041.76243519783
2162419,1471,1666.970000000011,1688,28,3,True,37,machinegun,4,1,,,,,,,882.3547195545545,4043.6759583950043
2163491,1472,459.1862461695895,1072,16,2,True,50,machinegun,4,1,,,,,,,382.97258850147153,4046.4755170345306
2164155,1473,232.08038396969914,664,10,2,True,49,machinegun,4,1,,,,,,,904.0748212069598,4047.2103769779205
2164450,1474,4.375000000000014,295,4,1,False,0,pistol,4,3,,,,,,,847.7010286252979,4047.5587770938873
2165820,1475,404.690378578555,1370,21,3,False,0,pistol,4,1,,,,,,,447.5535197992823,4050.62015914917
2166836,1476,368.2587168490279,1016,16,2,False,0,pistol,4,2,,,,,,,380.61453547642947,4053.289881706238
2168348,1477,1259.9035591360628,1512,25,3,True,48,machinegun,4,3,,,,,,,906.88445130152,4054.957439661026
2168638,1478,2.2549999999999883,290,4,1,False,0,pistol,4,1,,,,,,,883.2139786695169,4055.286227464676
2169164,1479,197.72866482733662,526,7,1,False,0,pistol,4,1,,,,,,,256.27414664008137,4057.3389871120453
2169579,1480,35.50379063733449,415,5,1,False,0,pistol,4,1,,,,,,,884.8553688549174,4057.808382987976
2171237,1481,664.1863547050805,1658,26,3,False,0,pistol,4,3,,,,,,,489.50994930933416,4061.1959013938904
2172012,1482,381.34905186833174,775,12,2,True,47,pistol,4,2,,,,,,,868.6337543176681,4062.0884919166565
2175218,1483,3874.517671067527,3206,60,6,True,99,machinegun,4,7,,,,,,,481.4979486382179,4068.747322320938
2176620,1484,448.82628183133744,1402,22,3,False,0,pistol,4,2,,,,,,,919.2638665798117,4070.2727711200714
2179015,1485,748.65699497125,2395,39,4,False,0,pistol,4,2,,,,,,,569.5215344886149,4074.478412628174
2181229,1486,1706.8329200881492,2214,41,5,False,0,pistol,4,9,,,,,,,403.7274096375066,4079.9627742767334
2183674,1487,1420.5756138801696,2445,42,5,True,12,pistol,4,1,,,,,,,575.0168315279448,4084.215191602707
2184394,1488,347.3300000000005,720,11,2,True,48,machinegun,4,2,,,,,,,910.6545262100879,4085.0062131881714
2186233,1489,694.5241930909901,1839,31,3,False,0,pistol,4,5,,,,,,,525.6194119770757,4088.505344390869
2188877,1490,2053.5044894473203,2644,49,5,False,0,pistol,4,2,,,,,,,604.9454923139026,4092.876403570175
2190506,1491,569.9926565320527,1629,26,3,True,50,pistol,4,5,,,,,,,493.6344092422813,4096.17684173584
2191556,1492,338.6198883374878,1050,16,2,False,0,pistol,4,2,,,,,,,383.1534329667117,4098.91764831543
2193076,1493,1265.7079740936376,1520,26,3,False,0,pistol,4,2,,,,,,,890.696773908721,4100.624568939209
2196290,1494,1188.105000000008,3214,57,6,False,0,pistol,4,4,,,,,,,482.02588555965485,4107.292643785477
2198024,1495,596.2800951618901,1734,28,3,False,0,pistol,4,1,,,,,,,505.82136339945595,4110.721091270447
2200568,1496,1863.0423745494834,2544,47,5,True,46,machinegun,4,2,,,,,,,579.0534479597993,4115.114849567413
2203019,1497,1122.7746693997994,2451,43,5,False,0,pistol,4,3,,,,,,,577.6180733165704,4119.358509063721
2204221,1498,313.0421820678696,1202,19,2,False,0,pistol,4,2,,,,,,,429.9624775469261,4122.154449462891
2206947,1499,2196.0021455791302,2726,48,5,True,156,pistol,4,3,,,,,,,594.3284402668265,4126.741573810577
2209377,1500,1702.7096083904921,2430,44,5,False,0,pistol,4,2,,,,,,,582.931042825204,4130.910517215729
2210262,1501,195.81287073343063,885,13,2,False,0,pistol,4,3,,,,,,,364.44027462919854,4133.33935713768
2211459,1502,389.15081891560874,1197,19,2,False,0,pistol,4,2,,,,,,,868.4407479833147,4134.718159675598
2213699,1503,1357.069673084582,2240,41,5,True,65,pistol,4,1,,,,,,,553.132306443099,4138.768157958984
2215735,1504,1625.0880034778272,2036,36,4,False,0,pistol,4,3,,,,,,,535.9698592687337,4142.567385435104
2216824,1505,339.1805936026615,1089,17,2,False,0,pistol,4,1,,,,,,,390.78098634875096,4145.354595184326
2217469,1506,118.65000000000033,645,8,1,False,0,pistol,4,1,,,,,,,842.9148939285974,4146.120109081268
2220414,1507,5193.166365060314,2945,59,6,False,0,pistol,4,30,,,,,,,464.7892893308722,4152.456659793854
2221944,1508,591.2942709417474,1530,25,2,False,0,pistol,4,1,,,,,,,873.9557795572073,4154.207695007324
2223389,1509,494.23999999999967,1445,23,3,False,0,pistol,4,2,,,,,,,469.95323473270383,4157.282885551453
2224483,1510,368.6777423749787,1094,17,2,False,0,pistol,4,4,,,,,,,397.45450809838815,4160.035801887512
2227772,1511,4120.229864668387,3289,61,7,False,0,pistol,4,2,,,,,,,616.0911823101795,4165.374815225601
2229593,1512,1475.0622713230005,1821,30,4,False,0,pistol,4,2,,,,,,,522.94377460683,4168.857368946075
2230821,1513,471.56285711555194,1228,20,3,False,0,pistol,4,2,,,,,,,415.7912111260724,4171.811199188232
2233138,1514,1741.531466005697,2317,39,4,False,0,pistol,4,4,,,,,,,543.0527033464549,4176.078245639801
2234538,1515,456.9812233178694,1400,22,3,False,0,pistol,4,1,,,,,,,452.69710548027854,4179.171161174774
2236233,1516,1375.980220114695,1695,27,3,False,0,pistol,4,1,,,,,,,889.0017579096556,4181.078148365021
2237371,1517,1382.250338497183,1138,19,2,True,44,pistol,4,1,,,,,,,416.22807723425586,4183.812532901764
2238885,1518,1395.6861505359404,1514,25,3,False,0,pistol,4,1,,,,,,,466.5035680288046,4187.058389902115
2239705,1519,237.5823859073016,820,10,2,False,0,pistol,4,1,,,,,,,898.0825540599681,4187.971744775772
2239992,1520,-12.410000000000053,287,3,1,False,0,pistol,4,2,,,,,,,883.8126832763834,4188.296804189682
2241402,1521,504.46800437775244,1410,23,2,False,0,pistol,4,5,,,,,,,446.9655038145693,4191.4517204761505
2242669,1522,324.3299999999954,1267,20,3,False,0,pistol,4,3,,,,,,,422.2739333421377,4194.452555179596
2244232,1523,532.8949999999994,1563,23,3,False,0,pistol,4,1,,,,,,,907.3531319661878,4196.17547249794
2245589,1524,403.25401425985257,1357,21,3,False,0,pistol,4,3,,,,,,,450.18774421844637,4199.190178632736
2247508,1525,1544.8620088868279,1919,31,4,False,0,pistol,4,3,,,,,,,518.8377700946055,4202.889218568802
2248662,1526,353.6202244573958,1154,17,2,False,0,pistol,4,2,,,,,,,901.6540508076877,4204.169435501099
2250492,1527,1024.3735796098358,1830,32,4,False,0,pistol,4,1,,,,,,,502.49064897473744,4207.811730146408
2252002,1528,586.6389845180674,1510,24,3,False,0,pistol,4,3,,,,,,,465.26097894938744,4211.05752325058
2252639,1529,156.0010611092595,637,10,2,False,0,pistol,4,5,,,,,,,896.5914358132313,4211.768320083618
2253977,1530,392.81824700806345,1338,20,2,False,0,pistol,4,1,,,,,,,436.9239466060099,4214.830972194672
2254860,1531,243.95363037427165,883,14,2,False,0,pistol,4,1,,,,,,,346.8804842203992,4217.376913785934
2257172,1532,1558.3920804024292,2312,39,4,False,0,pistol,4,2,,,,,,,554.0042981300558,4221.550825119019
2259257,1533,1317.7766769970099,2085,38,4,False,0,pistol,4,5,,,,,,,518.7072326159913,4225.570776939392
2261246,1534,644.4153699764888,1989,32,4,False,0,pistol,4,2,,,,,,,533.7134151361977,4229.297852277756
2262619,1535,548.6018982063318,1373,24,3,True,50,pistol,4,3,,,,,,,873.5724858571858,4230.870001077652
2263533,1536,380.4291256615228,914,15,1,False,0,pistol,4,3,,,,,,,353.9483974613469,4233.452633142471
2265811,1537,1469.8819829840902,2278,41,5,True,7,machinegun,4,10,,,,,,,560.3847218400157,4237.51803612709
2268123,1538,1525.7831078763413,2312,38,3,False,0,pistol,4,10,,,,,,,554.9675710814582,4241.684419631958
2270033,1539,898.529336476249,1910,33,4,False,0,pistol,4,5,,,,,,,512.9678273293438,4245.408338069916
2271404,1540,516.5108502392134,1371,23,2,False,0,pistol,4,4,,,,,,,451.4443576508966,4248.445676326752
2273903,1541,2060.7795233094716,2499,42,5,True,64,machinegun,4,1,,,,,,,575.5246963970452,4252.788160562515
2276557,1542,1812.3030938569689,2654,48,5,False,0,pistol,4,3,,,,,,,590.6224509248635,4257.28204202652
2279628,1543,2248.3873638136224,3071,56,6,False,0,pistol,4,1,,,,,,,476.8023093732112,4263.723405122757
2282205,1544,1134.7483452311735,2577,45,5,False,0,pistol,4,3,,,,,,,588.4499368580047,4268.1031794548035
2282730,1545,174.89286391332774,525,8,1,False,0,pistol,4,1,,,,,,,889.4216239992536,4268.693829774857
2284549,1546,1328.6050000000098,1819,28,3,False,0,pistol,4,1,,,,,,,515.3827721958177,4272.223551273346
2285479,1547,221.67692316508575,930,13,2,False,0,pistol,4,1,,,,,,,902.3226041057998,4273.254726886749
2288657,1548,2208.0259359951597,3178,56,6,True,39,machinegun,4,5,,,,,,,482.6254317406348,4279.83991932869
2289782,1549,649.4549999999941,1125,17,2,True,31,machinegun,4,1,,,,,,,406.90106620056844,4282.605083227158
2290313,1550,138.83463912890096,531,8,1,False,0,pistol,4,4,,,,,,,890.7953427912055,4283.201550960541
2290743,1551,75.56725913705353,430,6,1,False,0,pistol,4,3,,,,,,,894.3757422961131,4283.682641744614
2292152,1552,898.259999999989,1409,23,3,True,16,pistol,4,1,,,,,,,454.00244448551877,4286.786449670792
2292370,1553,-12.240417336848115,218,2,1,False,0,pistol,4,1,,,,,,,890.3924683226281,4287.031628370285
2292925,1554,105.92883898249332,555,8,1,False,0,pistol,4,2,,,,,,,908.9672315695883,4287.642529249191
2294095,1555,1320.7913248370921,1170,18,2,True,50,machinegun,4,2,,,,,,,417.7087615718564,4290.4438490867615
2295209,1556,335.39411402263,1114,17,2,False,0,pistol,4,2,,,,,,,889.7713776670073,4291.696226835251
2296418,1557,1066.1379114853391,1209,17,2,True,5,pistol,4,3,,,,,,,400.7825736038563,4294.7131934165955
2297140,1558,103.99000000000099,722,9,1,False,0,pistol,4,1,,,,,,,911.8952756986719,4295.50532746315
2297852,1559,267.76869425150124,712,10,2,False,0,pistol,4,1,,,,,,,866.034078831331,4296.327881097794
2298648,1560,216.88500000000005,796,11,2,False,0,pistol,4,1,,,,,,,332.1588039096983,4298.724729299545
2299734,1561,336.6114720663863,1086,17,2,False,0,pistol,4,1,,,,,,,905.120091278743,4299.924927949905
2300535,1562,291.03677621758345,801,12,2,False,0,pistol,4,3,,,,,,,329.3693155849475,4302.357289791107
2301747,1563,1197.4622207665102,1212,16,2,False,0,pistol,4,1,,,,,,,898.4429889938668,4303.706752538681
2303293,1564,502.26000000000016,1546,23,3,False,0,pistol,4,1,,,,,,,469.5965556128152,4306.9993534088135
2304871,1565,453.8562822202733,1578,25,3,False,0,pistol,4,1,,,,,,,484.33149565861606,4310.257817745209
2306345,1566,612.9763315625904,1474,23,3,False,0,pistol,4,3,,,,,,,461.6824226840769,4313.450823068619
2308267,1567,1240.6752711135828,1922,33,3,True,5,machinegun,4,5,,,,,,,514.3386447627652,4317.188018321991
2309887,1568,500.9356984871479,1620,26,2,False,0,pistol,4,2,,,,,,,905.4137399636624,4318.977666378021
2312265,1569,1601.9063304709875,2378,39,4,False,0,pistol,4,2,,,,,,,413.8009152276612,4324.72479557991
2314315,1570,838.0284622739996,2050,34,4,False,0,pistol,4,2,,,,,,,525.7106242380295,4328.6246519088745
2315706,1571,438.13842262704304,1391,22,3,False,0,pistol,4,1,,,,,,,895.8713200422885,4330.177640676498
2317558,1572,1604.2812070831144,1852,28,3,False,0,pistol,4,1,,,,,,,510.756469826588,4333.803986787796
2319564,1573,1698.6542990877208,2006,34,3,False,0,pistol,4,2,,,,,,,529.120411082396,4337.595590829849
2322024,1574,1113.4094872818491,2460,44,5,False,0,pistol,4,9,,,,,,,574.4395499925008,4341.8784720897675
2325290,1575,3106.8312854325245,3266,67,7,False,0,pistol,4,4,,,,,,,486.31750619523683,4348.594554424286
2327413,1576,1452.1159732629758,2123,37,4,False,0,pistol,4,5,,,,,,,541.1332907209072,4352.518272638321
2328322,1577,221.86604384737467,909,13,2,False,0,pistol,4,2,,,,,,,848.7003083271023,4353.589739322662
2329678,1578,434.64415675245283,1356,20,3,False,0,pistol,4,1,,,,,,,443.2291927280027,4356.649428844452
2330881,1579,373.2550000000004,1203,19,2,False,0,pistol,4,1,,,,,,,429.6710724771955,4359.449617147446
2331641,1580,201.93000000000018,760,12,2,False,0,pistol,4,1,,,,,,,889.5347878039673,4360.30422949791
2331925,1581,7.291617371150885,284,3,1,False,0,pistol,4,3,,,,,,,879.9247827487272,4360.627219200134
2332857,1582,176.0750000000018,932,12,2,False,0,pistol,4,1,,,,,,,360.29876245013287,4363.214273691177
2333816,1583,274.311412792564,959,15,2,False,0,pistol,4,2,,,,,,,913.6350141338061,4364.264392852783
2334406,1584,151.2199552396233,590,8,1,False,0,pistol,4,2,,,,,,,892.2583808793073,4364.925982713699
2335078,1585,137.36577809968637,672,10,2,False,0,pistol,4,1,,,,,,,291.5067131700255,4367.2316081523895
2336325,1586,1037.595635187945,1247,21,3,True,58,machinegun,4,1,,,,,,,908.2084509986861,4368.605068922043
2338214,1587,1417.5848481238686,1889,30,3,True,50,pistol,4,1,,,,,,,504.7623288034282,4372.347830295563
2338864,1588,145.9671314161955,650,9,1,False,0,pistol,4,2,,,,,,,288.4878200743595,4374.601334571838
2341034,1589,1632.8806810132571,2170,38,4,True,46,machinegun,4,6,,,,,,,550.1777285863766,4378.54576420784
2343202,1590,785.4199185896653,2168,35,4,True,47,pistol,4,2,,,,,,,552.152404186017,4382.472552776337
2345132,1591,664.9410348295726,1930,34,4,False,0,pistol,4,5,,,,,,,524.2995794142863,4386.154054403305
2346930,1592,570.4305362711106,1798,29,3,False,0,pistol,4,2,,,,,,,890.1601659696182,4388.174356222153
2349232,1593,1596.5322573162796,2302,40,5,False,0,pistol,4,1,,,,,,,406.0408758059545,4393.844179153442
2350877,1594,473.55499999999955,1645,26,3,False,0,pistol,4,1,,,,,,,901.3041368289611,4395.669699430466
2352368,1595,425.2599999999987,1491,23,3,False,0,pistol,4,2,,,,,,,458.3680763867236,4398.922878026962
2352913,1596,121.79533389094027,545,9,1,False,0,pistol,4,1,,,,,,,891.9827073886152,4399.534294843674
2354641,1597,1414.0662068307288,1728,30,4,False,0,pistol,4,2,,,,,,,491.1673531922576,4403.052834749222
2356254,1598,534.0665295803043,1613,25,3,False,0,pistol,4,1,,,,,,,477.1046969769414,4406.434037923813
2357185,1599,227.9602570246832,931,14,2,False,0,pistol,4,1,,,,,,,888.8535112574388,4407.481816291809
2358234,1600,264.3600000000015,1049,16,2,False,0,pistol,4,2,,,,,,,404.61147577149836,4410.074777126312
2359221,1601,265.748513133989,987,14,2,False,0,pistol,4,2,,,,,,,913.4818051809552,4411.15567779541
2360272,1602,776.6247532645189,1051,14,1,True,9,pistol,4,1,,,,,,,370.73946780437575,4413.990899562836
2361707,1603,392.56500000000045,1435,20,3,False,0,pistol,4,1,,,,,,,466.09354168834966,4417.070052146912
2362757,1604,299.2600000000012,1050,16,2,False,0,pistol,4,1,,,,,,,871.9566193573526,4418.274722337723
2364147,1605,358.3952924533555,1390,19,2,False,0,pistol,4,1,,,,,,,452.46327920562544,4421.347196102142
2365337,1606,356.85893069627133,1190,18,1,False,0,pistol,4,1,,,,,,,847.5452183745616,4422.751651525497
2365536,1607,-21.525000000000027,199,2,1,False,0,pistol,4,2,,,,,,,109.92370169721528,4424.562408924103
2368499,1608,967.9400742326553,2963,52,6,False,0,pistol,4,2,,,,,,,611.2680017474746,4429.410146713257
2369820,1609,348.5849944258102,1321,21,3,False,0,pistol,4,1,,,,,,,431.64530872392925,4432.470798969269
2371717,1610,704.9544903803173,1897,31,3,False,0,pistol,4,2,,,,,,,516.1587044736119,4436.1464076042175
2373734,1611,1166.945000000004,2017,33,4,True,18,machinegun,4,1,,,,,,,532.2811233892193,4439.936139583588
2375771,1612,1342.4496260447527,2037,35,4,True,21,machinegun,4,10,,,,,,,529.9768606016124,4443.780082702637
2378442,1613,1944.661144580314,2671,50,6,False,0,pistol,4,1,,,,,,,582.9440738792908,4448.3624477386475
2380682,1614,961.6254278265794,2240,37,4,False,0,pistol,4,1,,,,,,,563.0927581475844,4452.340938568115
2383546,1615,2867.8945257637565,2864,53,6,True,97,machinegun,4,2,,,,,,,612.6823190830621,4457.015923500061
2385938,1616,1117.442690419366,2392,41,5,False,0,pistol,4,2,,,,,,,419.9423363933625,4462.712248086929
2388461,1617,1953.3617878833927,2523,45,5,True,43,pistol,4,2,,,,,,,561.2886399112141,4467.207639455795
2389996,1618,1394.4425213461352,1535,26,3,False,0,pistol,4,3,,,,,,,883.3858646607463,4468.94571852684
2391369,1619,451.5099999999991,1373,21,3,False,0,pistol,4,1,,,,,,,450.2269391752862,4471.995666742325
2392694,1620,397.51408234890187,1325,20,3,True,50,pistol,4,2,,,,,,,426.48896947801836,4475.102895736694
2394008,1621,423.6077907463024,1314,21,3,False,0,pistol,4,1,,,,,,,914.9358346456457,4476.539407491684
2396013,1622,757.3811086541061,2005,34,4,False,0,pistol,4,2,,,,,,,532.5942118237521,4480.3043665885925
2397589,1623,756.8909691257072,1576,24,3,True,32,machinegun,4,1,,,,,,,482.7476208319966,4483.569380521774
2399417,1624,608.5376824569041,1828,30,4,False,0,pistol,4,2,,,,,,,509.7701477612417,4487.15558052063
2401874,1625,910.5600000000032,2457,44,5,False,0,pistol,4,1,,,,,,,569.9805726395518,4491.466726303101
2403459,1626,579.779999999995,1585,25,3,False,0,pistol,4,3,,,,,,,484.57109336043675,4494.738082885742
2404428,1627,273.9099544510287,969,15,2,False,0,pistol,4,2,,,,,,,380.6499839096573,4497.284180641174
2405348,1628,274.18499999999966,920,15,1,False,0,pistol,4,1,,,,,,,878.825184202663,4498.331427812576
2406365,1629,268.6875315218292,1017,15,2,False,0,pistol,4,2,,,,,,,895.3337331151814,4499.467793226242
2407296,1630,219.89628520734723,931,15,2,False,0,pistol,4,2,,,,,,,371.99744882089897,4501.970854282379
2410027,1631,2378.303238083677,2731,51,6,False,0,pistol,4,2,,,,,,,594.5774937097665,4506.564442157745
2411679,1632,554.1311509627257,1652,29,3,False,0,pistol,4,1,,,,,,,480.71425039135704,4510.0013608932495
2412986,1633,513.910711494079,1307,21,2,False,0,pistol,4,3,,,,,,,437.1849943999671,4512.9913647174835
2414403,1634,490.2400357137182,1417,22,3,True,50,pistol,4,4,,,,,,,835.8670157527534,4514.686990261078
2417128,1635,1895.3875247079982,2725,48,3,True,50,pistol,4,2,,,,,,,445.8913431414139,4520.798652172089
2418548,1636,454.59521154855986,1420,24,3,False,0,pistol,4,2,,,,,,,896.0359719546813,4522.383849620819
2420648,1637,914.3433892553301,2100,38,4,False,0,pistol,4,10,,,,,,,532.7993104126182,4526.325645685196
2421653,1638,285.5600625461692,1005,15,2,False,0,pistol,4,3,,,,,,,375.3588957850085,4529.003511190414
2423479,1639,706.6839973312655,1826,31,4,False,0,pistol,4,2,,,,,,,519.0034238589673,4532.522036314011
2425814,1640,961.675437628899,2335,41,5,False,0,pistol,4,7,,,,,,,555.1790793676456,4536.7282819747925
2428101,1641,996.1038716293561,2287,40,5,True,41,pistol,4,4,,,,,,,568.8157392164335,4540.7493414878845
2430922,1642,1858.375458242209,2821,55,6,False,0,pistol,4,1,,,,,,,605.5881253227964,4545.4081172943115
2432856,1643,706.6362168594487,1934,33,4,False,0,pistol,4,1,,,,,,,519.4127314063923,4549.131923675537
2436522,1644,2386.64837741842,3666,73,8,False,0,pistol,4,7,,,,,,,515.8850265861828,4556.238498687744
2438949,1645,1841.379999999999,2427,41,5,True,17,pistol,4,4,,,,,,,575.8499406023935,4560.453501701355
2441464,1646,2005.9061906862412,2515,48,5,True,39,pistol,4,9,,,,,,,430.51837946560283,4566.2955956459045
2442395,1647,236.66500172867535,931,13,2,False,0,pistol,4,1,,,,,,,881.1207122080068,4567.352571487427
2444214,1648,743.1490989037679,1819,30,3,False,0,pistol,4,1,,,,,,,497.35576818335693,4571.01029920578
2446400,1649,991.6171944794991,2186,38,4,False,0,pistol,4,2,,,,,,,562.3094499096348,4574.898246765137
2447859,1650,1114.385020711617,1459,25,3,False,0,pistol,4,2,,,,,,,467.928261837183,4578.016690254211
2450298,1651,3292.0001788620307,2439,43,5,True,16,machinegun,4,7,,,,,,,577.2439492803937,4582.242369174957
2452554,1652,2255.3087065572963,2256,38,4,False,0,pistol,4,1,,,,,,,529.4759134296919,4586.503571033478
2453519,1653,339.6698007742753,965,16,2,True,46,machinegun,4,2,,,,,,,364.71088025139306,4589.149829387665
2455128,1654,1220.195000000009,1609,23,3,False,0,pistol,4,2,,,,,,,896.3684338524954,4590.945143461227
2456667,1655,1130.088861987794,1539,25,3,False,0,pistol,4,1,,,,,,,460.31734817522744,4594.288823604584
2458079,1656,468.9202835642028,1412,22,3,False,0,pistol,4,2,,,,,,,454.0392178208766,4597.399131298065
2458429,1657,56.66095894754527,350,5,1,True,50,pistol,4,2,,,,,,,878.0262916290607,4597.798119544983
2459382,1658,203.1300000000009,953,14,2,False,0,pistol,4,1,,,,,,,904.2677277612745,4598.852355957031
2460862,1659,538.4020560908012,1480,22,3,True,43,pistol,4,1,,,,,,,459.5761463750752,4602.07306599617
2461184,1660,16.461533187619516,322,4,1,False,0,pistol,4,1,,,,,,,898.9533166131514,4602.431629896164
2462139,1661,235.72475745659813,955,13,2,False,0,pistol,4,2,,,,,,,370.36848219539627,4605.010550022125
2462810,1662,222.92126442362917,671,10,2,False,0,pistol,4,3,,,,,,,900.6897268594793,4605.756106853485
2464827,1663,1561.8804613759885,2017,34,4,False,0,pistol,4,1,,,,,,,526.2570283732653,4609.589170455933
2465814,1664,272.58467369380634,987,15,2,False,0,pistol,4,2,,,,,,,378.87746025005424,4612.194623947144
2468857,1665,3058.479914669967,3043,60,6,True,24,pistol,4,6,,,,,,,616.3178443436698,4617.132321357727
2470685,1666,1483.796854007834,1828,32,4,False,0,pistol,4,1,,,,,,,504.39887362667,4620.756821870804
2471119,1667,35.62097332927301,434,5,1,False,0,pistol,4,1,,,,,,,899.5239489696129,4621.239693403244
2471988,1668,225.22772717007592,869,13,2,True,49,machinegun,4,1,,,,,,,346.99593660099845,4623.744451761246
2473613,1669,1564.860209681631,1625,25,3,False,0,pistol,4,3,,,,,,,841.4097797314844,4625.676123857498
2473906,1670,31.014091710990172,293,3,1,False,0,pistol,4,2,,,,,,,861.212346651455,4626.016742706299
2474246,1671,54.724845981755045,340,4,1,True,50,pistol,4,1,,,,,,,174.40272594269595,4627.966571569443
2474592,1672,18.500000000000178,346,4,1,False,0,pistol,4,2,,,,,,,890.4863607133566,4628.355490922928
2475884,1673,368.64272812665666,1292,19,2,False,0,pistol,4,2,,,,,,,877.6310339918729,4629.828045368195
2477277,1674,404.0804771464937,1393,21,3,True,50,pistol,4,1,,,,,,,454.1297606102461,4632.895850419998
2478279,1675,277.5111420063325,1002,14,2,False,0,pistol,4,1,,,,,,,373.92802422284143,4635.575882196426
2479536,1676,330.64662639181,1257,20,2,False,0,pistol,4,3,,,,,,,920.2371436665277,4636.942181348801
2481752,1677,1614.3954376851914,2216,39,4,False,0,pistol,4,1,,,,,,,564.267641966203,4640.8697073459625
2482659,1678,324.0954441062339,907,13,2,False,0,pistol,4,1,,,,,,,350.01472363692636,4643.461409330368
2484913,1679,2121.3274271772607,2254,40,5,True,69,pistol,4,3,,,,,,,537.5571841167633,4647.654847145081
2485265,1680,48.0150000000004,352,4,1,False,0,pistol,4,1,,,,,,,843.2182260031241,4648.072693109512
2487043,1681,856.6539796394298,1778,29,3,True,45,machinegun,4,1,,,,,,,498.3770865586787,4651.640595912933
2487697,1682,142.01499999999953,654,10,1,False,0,pistol,4,1,,,,,,,889.6006849381707,4652.37620472908
2488786,1683,576.8791546019314,1089,17,2,True,50,pistol,4,2,,,,,,,375.8643095723014,4655.273829936981
2489682,1684,308.2962703310857,896,14,2,False,0,pistol,4,1,,,,,,,898.7584355690672,4656.271031141281
2492180,1685,1750.963391149381,2498,47,4,False,0,pistol,4,6,,,,,,,582.2660395214417,4660.5615220069885
2494592,1686,1780.5737262819152,2412,43,5,False,0,pistol,4,1,,,,,,,424.96777235919075,4666.2376453876495
2496178,1687,1646.4458460697829,1586,25,3,False,0,pistol,4,2,,,,,,,915.150164246917,4667.971049785614
2497094,1688,292.15443508796704,916,15,2,False,0,pistol,4,1,,,,,,,358.97631894733684,4670.523111581802
2498838,1689,640.1965376623596,1744,28,3,False,0,pistol,4,5,,,,,,,502.58723284148505,4673.993545293808
2500887,1690,1862.4731939543371,2049,35,4,True,38,pistol,4,4,,,,,,,529.0972265292044,4677.8665335178375
2501342,1691,83.18000000000038,455,6,1,True,50,machinegun,4,2,,,,,,,878.5908723443044,4678.384832859039
2502964,1692,1489.2034851691803,1622,26,3,False,0,pistol,4,2,,,,,,,471.97216269618417,4681.821803331375
2503327,1693,30.925687325071785,363,4,1,False,0,pistol,4,1,,,,,,,867.7776370617817,4682.240528345108
2503824,1694,149.0469318622376,497,7,1,True,50,pistol,4,1,,,,,,,878.3712465042236,4682.806624650955
2504919,1695,326.80000000000075,1095,16,2,False,0,pistol,4,1,,,,,,,389.6047178451991,4685.617485284805
2506423,1696,1395.7247569232784,1504,24,3,False,0,pistol,4,1,,,,,,,904.9025624665229,4687.279819965363
2507246,1697,195.4294800374776,823,11,2,False,0,pistol,4,2,,,,,,,337.7096998230305,4689.717171669006
2508008,1698,118.04499999999979,762,10,1,False,0,pistol,4,1,,,,,,,859.2267286574456,4690.6044290065765
2509904,1699,2867.7029054668346,1896,33,4,True,2,machinegun,4,1,,,,,,,531.6882393835187,4694.170812129974
2510275,1700,33.9904604390805,371,5,1,False,0,pistol,4,1,,,,,,,871.6967471167269,4694.596785545349
2510895,1701,224.29202666037236,620,9,1,False,0,pistol,4,1,,,,,,,272.4297899431384,4696.8730001449585
2512708,1702,1056.0930051823336,1813,29,3,True,40,pistol,4,5,,,,,,,911.834628590025,4698.861555099487
2514423,1703,1682.887540857404,1715,27,3,False,0,pistol,4,1,,,,,,,495.2648993308183,4702.324728012085
2516123,1704,2488.7599999999748,1700,26,3,True,17,machinegun,4,3,,,,,,,469.68711467029857,4705.9445540905
2517143,1705,871.5249999999882,1020,15,2,True,19,machinegun,4,1,,,,,,,376.3709772630301,4708.655019044876
2517803,1706,104.16977039352065,660,9,1,False,0,pistol,4,2,,,,,,,901.7396524760342,4709.387413978577
2518239,1707,52.41239090564482,436,6,1,False,0,pistol,4,1,,,,,,,863.6022110510048,4709.892685413361
2518894,1708,119.32792983798151,655,9,1,False,0,pistol,4,1,,,,,,,868.9201301196664,4710.646923065186
2520004,1709,293.78,1110,17,2,False,0,pistol,4,1,,,,,,,385.1837476937842,4713.529038906097
2520717,1710,183.23000000000027,713,11,2,False,0,pistol,4,2,,,,,,,890.3621966131245,4714.330202579498
2521341,1711,224.9712223735304,624,10,2,False,0,pistol,4,2,,,,,,,271.4527014994461,4716.629302024841
2522099,1712,165.76768920259354,758,11,2,False,0,pistol,4,6,,,,,,,894.844792981032,4717.4768233299255
2523914,1713,1132.46879645701,1815,30,4,True,15,machinegun,4,2,,,,,,,501.84015750029914,4721.093911409378
2525965,1714,673.4327251913564,2051,33,4,False,0,pistol,4,1,,,,,,,533.8083522392012,4724.936529636383
2527477,1715,436.172598859903,1512,23,3,False,0,pistol,4,3,,,,,,,467.41331341171036,4728.171727895737
2527821,1716,16.814999999999948,344,5,1,False,0,pistol,4,1,,,,,,,902.0369507157076,4728.553387880325
2529554,1717,606.3340592246756,1733,30,4,False,0,pistol,4,1,,,,,,,500.066239887195,4732.019326925278
2531296,1718,591.6249999999909,1742,28,3,False,0,pistol,4,1,,,,,,,909.229189053178,4733.935698270798
2532617,1719,1280.0931756478994,1321,20,3,False,0,pistol,4,1,,,,,,,434.65469906421,4736.975296258926
2533002,1720,43.104443770068926,385,5,1,False,0,pistol,4,2,,,,,,,882.54518187522,4737.411892175674
2534820,1721,1597.3190624521276,1818,30,4,False,0,pistol,4,1,,,,,,,511.7545868853555,4740.9646899700165
2536160,1722,1344.374915027301,1340,20,3,False,0,pistol,4,3,,,,,,,439.0912,4744.016831874847
2537198,1723,280.90528846058726,1038,16,2,False,0,pistol,4,2,,,,,,,907.5151045197246,4745.1609807014465
2538976,1724,523.5249999999897,1778,25,2,False,0,pistol,4,1,,,,,,,502.3025859029834,4748.700999736786
2539954,1725,268.528079952922,978,16,2,False,0,pistol,4,3,,,,,,,371.52764627777606,4751.333806276321
2541992,1726,677.633796419561,2038,34,4,False,0,pistol,4,1,,,,,,,537.8274024087368,4755.123496294022
2543182,1727,1026.5725872297435,1190,19,2,True,8,machinegun,4,6,,,,,,,877.9300135650079,4756.479387998581
2545926,1728,2803.007268176002,2744,50,6,True,55,machinegun,4,1,,,,,,,453.86311203525514,4762.525626182556
2547514,1729,482.794609324793,1588,26,3,False,0,pistol,4,1,,,,,,,900.7861005945505,4764.288931131363
2549893,1730,772.7739079290707,2379,42,5,False,0,pistol,4,1,,,,,,,417.95039180928165,4769.98122549057
2551563,1731,542.6071646905353,1670,27,3,False,0,pistol,4,2,,,,,,,891.8441388057989,4771.854167461395
2553401,1732,547.3445396161122,1838,30,4,False,0,pistol,4,1,,,,,,,505.71063189206825,4775.489036083221
2554229,1733,561.3789213277598,828,13,2,True,30,machinegun,4,3,,,,,,,332.4848808614988,4777.9796278476715
2555738,1734,509.69780193198255,1509,23,3,False,0,pistol,4,5,,,,,,,924.9900636569583,4779.611416101456
2558200,1735,1328.4123338215918,2462,46,5,True,84,pistol,4,6,,,,,,,423.45488981737196,4785.425948381424
2558459,1736,3.7026294575261716,259,3,1,False,0,pistol,4,2,,,,,,,867.3417582452678,4785.724942445755
2559764,1737,403.3961826335651,1305,20,3,False,0,pistol,4,2,,,,,,,880.8409365654204,4787.2068474292755
2562788,1738,1955.7524813592597,3024,57,6,False,0,pistol,4,1,,,,,,,468.4333281898981,4793.662664413452
2563201,1739,89.42510378775384,413,6,1,False,0,pistol,4,1,,,,,,,905.1355717084188,4794.119334459305
2565015,1740,1196.6199801691707,1814,31,4,True,11,machinegun,4,1,,,,,,,517.6992848663301,4797.623658418655
2565881,1741,250.14033030370044,866,13,2,False,0,pistol,4,2,,,,,,,909.3581045084019,4798.576252222061
2567405,1742,486.787033406301,1524,24,3,False,0,pistol,4,5,,,,,,,474.3975068174815,4801.789117097855
2568513,1743,358.86414769837637,1108,17,2,True,50,pistol,4,1,,,,,,,390.34674882449684,4804.628003835678
2569568,1744,325.6963818255449,1055,16,2,True,50,machinegun,4,2,,,,,,,892.7743874697389,4805.810139417648
2572781,1745,2424.103812245191,3213,57,5,True,39,machinegun,4,5,,,,,,,483.4114125179257,4812.45708489418
2573367,1746,141.93417566002404,586,8,1,False,0,pistol,4,1,,,,,,,912.1446153172441,4813.099918603897
2575789,1747,1616.2219810282033,2422,45,5,False,0,pistol,4,6,,,,,,,565.5768938113212,4817.382605314255
2577474,1748,544.0827270841714,1685,28,3,False,0,pistol,4,2,,,,,,,497.1825165205114,4820.772006988525
2579503,1749,1149.259248437397,2029,37,3,True,21,machinegun,4,8,,,,,,,513.6607415287025,4824.722454786301
2581541,1750,772.3935469379635,2038,34,4,False,0,pistol,4,1,,,,,,,541.9735778109153,4828.48326420784
2582361,1751,237.54905982345437,820,13,2,True,48,machinegun,4,1,,,,,,,898.5436000115998,4829.396309375763
2582959,1752,146.3882679496703,598,9,1,False,0,pistol,4,1,,,,,,,267.961950206303,4831.628253698349
2584079,1753,459.9199999999997,1120,19,2,True,50,machinegun,4,2,,,,,,,872.9759194909199,4832.911644697189
2586251,1754,1526.482902497331,2172,38,3,False,0,pistol,4,2,,,,,,,539.2248000494357,4836.939968824387
2588175,1755,761.5069763020662,1924,33,4,False,0,pistol,4,2,,,,,,,517.3026663599969,4840.659593820572
2590150,1756,1817.9636141281383,1975,35,3,True,27,machinegun,4,4,,,,,,,532.7741822869372,4844.366909265518
2591879,1757,1273.5594657465147,1729,28,3,False,0,pistol,4,2,,,,,,,500.2777771569104,4847.823375463486
2592410,1758,144.84271372301035,531,8,1,False,0,pistol,4,4,,,,,,,905.980474343287,4848.410090208054
2593917,1759,1645.4902089954574,1507,25,1,True,22,pistol,4,2,,,,,,,478.2183135781031,4851.561805963516
2595399,1760,1155.3084586702487,1482,22,2,False,0,pistol,4,4,,,,,,,479.80024615398867,4854.650881767273
2596506,1761,247.61857065133236,1107,15,2,False,0,pistol,4,1,,,,,,,874.5816537111419,4855.916937351227
2597986,1762,1144.5152500239162,1480,22,3,False,0,pistol,4,1,,,,,,,481.9406036926133,4858.988211393356
2598958,1763,223.8668280225889,972,15,2,False,0,pistol,4,3,,,,,,,364.8006408250551,4861.653139829636
2600118,1764,387.69351053624814,1160,18,2,False,0,pistol,4,1,,,,,,,900.8069653327468,4862.941150903702
2602194,1765,692.233124191567,2076,34,4,False,0,pistol,4,1,,,,,,,537.4957741392768,4866.803850889206
2603465,1766,375.585000000001,1271,19,2,False,0,pistol,4,1,,,,,,,432.8198928131554,4869.740647554398
2605925,1767,921.0702973703449,2460,41,5,False,0,pistol,4,2,,,,,,,583.1698739446142,4873.959389448166
2607771,1768,1299.2399999999975,1846,30,4,False,0,pistol,4,4,,,,,,,503.207006579717,4877.628248214722
2609215,1769,426.3749999999986,1444,21,3,False,0,pistol,4,1,,,,,,,450.996534447473,4880.830468177795
2610946,1770,703.7437263887794,1731,30,4,False,0,pistol,4,4,,,,,,,907.2461987103462,4882.738685369492
2612521,1771,443.91383212619337,1575,24,3,False,0,pistol,4,2,,,,,,,462.3323789983598,4886.145616054535
2614123,1772,1489.657623877664,1602,27,3,True,27,machinegun,4,2,,,,,,,501.65785258761315,4889.339366197586
2614517,1773,48.560000000000265,394,5,1,False,0,pistol,4,1,,,,,,,892.5506676215691,4889.781333684921
2614897,1774,82.57052653013633,380,5,1,False,0,pistol,4,1,,,,,,,876.2624484441712,4890.215303897858
2616447,1775,954.3615119236138,1550,26,3,True,12,machinegun,4,1,,,,,,,471.88487967070984,4893.500332117081
2617875,1776,387.3250000000005,1428,21,3,False,0,pistol,4,1,,,,,,,457.8784327602921,4896.61940407753
2619231,1777,510.14760801659787,1356,21,3,False,0,pistol,4,1,,,,,,,910.7266714886676,4898.10874915123
2620554,1778,328.4372275833999,1323,19,2,False,0,pistol,4,1,,,,,,,438.397434713391,4901.126878023148
2622688,1779,690.7947389157996,2134,34,3,False,0,pistol,4,3,,,,,,,556.8807922940716,4904.959276914597
2624209,1780,2306.4625918199777,1521,27,2,True,13,machinegun,4,1,,,,,,,479.2061533940702,4908.133707284927
2625309,1781,300.14392786131884,1100,17,2,False,0,pistol,4,2,,,,,,,907.4744480294437,4909.346357822418
2626747,1782,572.1870790911909,1438,24,3,True,49,machinegun,4,2,,,,,,,466.0980274208715,4912.4318907260895
2628695,1783,2106.203101329824,1948,35,4,True,50,machinegun,4,4,,,,,,,525.282882543709,4916.140780210495
2631862,1784,2558.066264690385,3167,63,7,False,0,pistol,4,1,,,,,,,488.6772465501236,4922.621783494949
2632988,1785,305.6184662441184,1126,18,2,False,0,pistol,4,2,,,,,,,903.6272823217786,4923.8682696819305
2633221,1786,11.80000000000014,233,2,1,False,0,pistol,4,1,,,,,,,880.1452797936514,4924.133408784866
2634939,1787,1343.4007493546878,1718,29,3,False,0,pistol,4,1,,,,,,,504.1923895493883,4927.5412340164185
2636058,1788,343.2681057688147,1119,16,1,False,0,pistol,4,1,,,,,,,407.6755013527726,4930.286414384842
2636517,1789,99.51548953572268,459,6,1,False,0,pistol,4,2,,,,,,,859.1575069964383,4930.821138620377
2638902,1790,2034.692551365121,2385,42,5,True,61,machinegun,4,1,,,,,,,564.9946185690545,4935.0427503585815
2639886,1791,336.8250550342622,984,16,2,False,0,pistol,4,5,,,,,,,360.66486223332316,4937.771514177322
2642093,1792,1527.5792299712816,2207,40,5,False,0,pistol,4,2,,,,,,,552.3288563657688,4941.7677090168
2644275,1793,1483.2667129411855,2182,38,4,False,0,pistol,4,1,,,,,,,538.9673894262418,4945.8164920806885
2645648,1794,1420.8592643608406,1373,23,3,True,34,machinegun,4,1,,,,,,,896.3167258578993,4947.348605871201
2646708,1795,279.5300000000006,1060,17,2,False,0,pistol,4,1,,,,,,,390.574360903438,4950.062901973724
2648208,1796,443.7249999999971,1500,22,3,False,0,pistol,4,1,,,,,,,455.5363310775626,4953.356095314026
2649171,1797,270.5346719862226,963,15,2,False,0,pistol,4,1,,,,,,,898.8054287284679,4954.427785873413
2650435,1798,320.67437302928454,1264,19,2,False,0,pistol,4,2,,,,,,,430.9043533968219,4957.361383199692
2652668,1799,1900.7272544760465,2233,40,5,False,0,pistol,4,1,,,,,,,554.6214531326177,4961.388042211533
2654476,1800,771.8076578583425,1808,31,4,True,98,machinegun,4,1,,,,,,,513.1738340884239,4964.911616802216
2656556,1801,1753.4682595325883,2080,36,4,False,0,pistol,4,2,,,,,,,540.2199766565141,4968.762212514877
2657667,1802,1197.934326544259,1111,17,2,False,0,pistol,4,1,,,,,,,903.0143184030857,4969.992929697037
2658614,1803,334.6110972390801,947,15,2,False,0,pistol,4,3,,,,,,,368.99830653067505,4972.559644937515
2660190,1804,449.9936997896073,1576,24,2,False,0,pistol,4,3,,,,,,,907.0352001481943,4974.297496080399
2663432,1805,1337.0584551053273,3242,55,6,False,0,pistol,4,2,,,,,,,487.47525437976145,4980.948494672775
2665761,1806,686.1900000000154,2329,38,4,False,0,pistol,4,1,,,,,,,563.9649892030972,4985.078587055206
2666927,1807,328.3385131194538,1166,19,2,False,0,pistol,4,2,,,,,,,399.7063322680891,4987.996160030365
2668657,1808,590.6251322353728,1730,27,2,False,0,pistol,4,1,,,,,,,501.3101729374776,4991.447507143021
2670783,1809,2381.0942982772344,2126,37,4,False,0,pistol,4,3,,,,,,,539.0952748901612,4995.391560792923
2673587,1810,1938.1229836892633,2804,49,5,False,0,pistol,4,5,,,,,,,602.8755968740027,5000.042973279953
2675421,1811,643.5228832970062,1834,31,4,False,0,pistol,4,2,,,,,,,511.25211639476686,5003.630601406097
2677069,1812,1300.1950000000013,1648,27,3,False,0,pistol,4,1,,,,,,,481.4171525902572,5007.054225683212
2678410,1813,1242.1635881954385,1341,21,3,False,0,pistol,4,1,,,,,,,874.386042063345,5008.588272571564
2679085,1814,384.1874192476798,675,12,2,True,48,machinegun,4,3,,,,,,,290.2284385725357,5010.9143924713135
2680388,1815,948.1499999999958,1303,18,1,True,4,machinegun,4,1,,,,,,,883.9873001125611,5012.388841629028
2682334,1816,1398.5400000000122,1946,32,4,False,0,pistol,4,2,,,,,,,532.140594482989,5016.046028137207
2683578,1817,1194.831036009306,1244,20,3,True,8,machinegun,4,7,,,,,,,427.09923455171605,5018.959096193314
2684801,1818,431.3072356886446,1223,19,2,True,49,machinegun,4,2,,,,,,,906.2108657669864,5020.309064388275
2686530,1819,542.041448400844,1729,25,3,False,0,pistol,4,1,,,,,,,483.11505069977204,5023.888355731964
2688553,1820,786.6948407506712,2023,34,4,False,0,pistol,4,1,,,,,,,534.8376933293076,5027.671156406403
2690243,1821,506.7699999999937,1690,27,3,False,0,pistol,4,1,,,,,,,492.08428637239984,5031.105827331543
2693327,1822,2554.144643890921,3084,62,6,True,26,machinegun,4,4,,,,,,,485.5547001371916,5037.457730054855
2696069,1823,2352.509512742127,2742,47,5,True,21,machinegun,4,2,,,,,,,602.4674955776652,5042.009400129318
2697734,1824,717.7287265896304,1665,29,3,True,50,machinegun,4,5,,,,,,,495.2409297048134,5045.371793746948
2700626,1825,2391.6748118584264,2892,56,6,False,0,pistol,4,22,,,,,,,604.12667153092,5050.159251451492
2702557,1826,841.9158527290613,1931,32,4,False,0,pistol,4,4,,,,,,,523.4528406160885,5053.848581790924
2703674,1827,468.9099999999993,1117,17,2,True,45,machinegun,4,1,,,,,,,391.8086610847134,5056.699772596359
2704526,1828,332.1900000000012,852,13,2,False,0,pistol,4,4,,,,,,,898.133386950031,5057.648833990097
2705011,1829,73.45500000000055,485,7,1,False,0,pistol,4,2,,,,,,,892.7991208227891,5058.192423582077
2705985,1830,288.3112672847966,974,15,2,False,0,pistol,4,1,,,,,,,372.39683293531414,5060.808320522308
2708010,1831,2034.1135366395238,2025,31,4,False,0,pistol,4,1,,,,,,,521.3288153570275,5064.693046331406
2708898,1832,307.4225348627114,888,14,2,False,0,pistol,4,1,,,,,,,879.6300687683712,5065.702994823456
2709587,1833,202.68022108572939,689,10,2,False,0,pistol,4,4,,,,,,,298.0803987394266,5068.014830350876
2710830,1834,368.9049999999996,1243,17,2,False,0,pistol,4,1,,,,,,,873.6437705339437,5069.437981367111
2713099,1835,2240.3758046555236,2269,39,4,False,0,pistol,4,4,,,,,,,555.0154365355154,5073.526397228241
2717317,1836,5030.220306516525,4218,85,9,True,51,machinegun,4,8,,,,,,,545.5168906787076,5081.258914709091
2719098,1837,804.0599999999883,1781,31,4,False,0,pistol,4,4,,,,,,,504.7900929428571,5084.787433624268
2721891,1838,2589.9677523029322,2793,48,4,True,10,machinegun,4,2,,,,,,,453.47990541355864,5090.946852445602
2724099,1839,2670.346742345961,2208,39,4,True,49,pistol,4,5,,,,,,,553.0628612501877,5094.939610958099
2725227,1840,379.0541276545737,1128,17,2,False,0,pistol,4,1,,,,,,,885.9088425825713,5096.213243722916
2726492,1841,393.20966544961055,1265,19,2,False,0,pistol,4,1,,,,,,,446.72287206947794,5099.045310497284
2727859,1842,467.2249473884086,1367,21,3,False,0,pistol,4,3,,,,,,,883.6276930384278,5100.592751026154
2729239,1843,594.0849999999984,1380,21,2,True,41,machinegun,4,4,,,,,,,454.7652656965661,5103.627607345581
2731045,1844,591.2644562093301,1806,28,3,False,0,pistol,4,2,,,,,,,506.2535241163569,5107.195383071899
2732899,1845,565.2516174615192,1854,31,4,False,0,pistol,4,5,,,,,,,519.7097745601083,5110.763069629669
2734398,1846,666.8260520096693,1499,26,3,False,0,pistol,4,5,,,,,,,465.71398129695837,5113.98215007782
2736465,1847,1981.0921095567019,2067,36,4,True,3,pistol,4,1,,,,,,,536.1428989388922,5117.83781504631
2737624,1848,1060.3849999999977,1159,18,2,True,48,pistol,4,2,,,,,,,917.073651913344,5119.101984739304
2738921,1849,482.8249547879962,1297,21,3,False,0,pistol,4,4,,,,,,,432.34611517229433,5122.102211713791
2740550,1850,581.3665868084677,1629,27,3,False,0,pistol,4,1,,,,,,,470.32848864944106,5125.566087245941
2741642,1851,859.8070893760109,1092,16,2,False,0,pistol,4,1,,,,,,,901.7179745690086,5126.777428150177
2742692,1852,293.31124715094455,1050,15,2,False,0,pistol,4,1,,,,,,,391.5784329782291,5129.459271907806
2744060,1853,601.0602526281061,1368,22,3,False,0,pistol,4,4,,,,,,,879.0612745221955,5131.015779495239
2747146,1854,3592.238507727007,3086,57,4,False,0,pistol,4,1,,,,,,,468.1288118041923,5137.608335733414
2749537,1855,1606.3518075966542,2391,45,5,False,0,pistol,4,2,,,,,,,576.634856834596,5141.755262851715
2750927,1856,447.7795772740858,1390,21,3,False,0,pistol,4,3,,,,,,,444.5020759020386,5144.882684707642
2752469,1857,520.1749999999971,1542,26,3,False,0,pistol,4,2,,,,,,,899.6747274490359,5146.596897363663
2754088,1858,1157.061176921099,1619,27,3,True,1,pistol,4,1,,,,,,,481.25574062991933,5149.96133518219
2755713,1859,441.89716794036843,1625,23,3,False,0,pistol,4,2,,,,,,,482.36963357781104,5153.330540895462
2758451,1860,2659.2156836367326,2738,49,5,False,0,pistol,4,1,,,,,,,597.6372185254145,5157.912305593491
2760212,1861,656.7007764056846,1761,29,3,False,0,pistol,4,3,,,,,,,508.4552912419655,5161.376046419144
2761500,1862,483.46500000000117,1288,19,2,False,0,pistol,4,2,,,,,,,441.676384408456,5164.292640686035
2763235,1863,597.1084955979868,1735,28,2,False,0,pistol,4,2,,,,,,,490.1370314003239,5167.832812547684
2764586,1864,394.6879567344198,1351,21,3,False,0,pistol,4,1,,,,,,,922.7447899932957,5169.297312736511
2766415,1865,2279.936028383294,1829,32,4,True,34,machinegun,4,1,,,,,,,502.4064019800284,5172.938152074814
2767323,1866,349.1803177664711,908,15,2,False,0,pistol,4,1,,,,,,,354.82752335957065,5175.497425556183
2768754,1867,489.65499999999827,1431,23,2,False,0,pistol,4,5,,,,,,,913.3838592907287,5177.06458568573
2769879,1868,368.5904644158108,1125,18,2,False,0,pistol,4,4,,,,,,,415.67649027709496,5179.771436214447
2770395,1869,79.34209103214165,516,7,1,False,0,pistol,4,1,,,,,,,855.3914046687516,5180.375036478043
2773168,1870,2582.8807744887554,2773,52,6,False,0,pistol,4,1,,,,,,,448.1774348453683,5186.562543869019
2774453,1871,1145.5547573883473,1285,21,3,False,0,pistol,4,1,,,,,,,910.6602289254992,5187.973855257034
2775102,1872,129.72810081414642,649,9,1,False,0,pistol,4,2,,,,,,,290.5007197143682,5190.208241701126
2776186,1873,1430.9060526424184,1084,19,2,True,24,machinegun,4,3,,,,,,,868.8635231103863,5191.456115245819
2777396,1874,334.06636476655405,1210,19,2,False,0,pistol,4,2,,,,,,,404.55014302436854,5194.447443962097
2778597,1875,312.750687245291,1201,17,2,False,0,pistol,4,1,,,,,,,860.7658208911103,5195.84304189682
2779447,1876,256.6571513773557,850,12,2,False,0,pistol,4,1,,,,,,,339.7736950410684,5198.344980239868
2780867,1877,425.93179988092356,1420,22,3,False,0,pistol,4,1,,,,,,,911.249706624039,5199.903689622879
2781915,1878,221.07086281978187,1048,16,2,False,0,pistol,4,1,,,,,,,389.15785501819437,5202.596971988678
2783987,1879,743.3930407260275,2072,34,4,False,0,pistol,4,1,,,,,,,550.0145872313752,5206.3645350933075
2785304,1880,395.01860639863435,1317,21,3,False,0,pistol,4,3,,,,,,,450.2745851675323,5209.289839982986
2787283,1881,784.554542770398,1979,36,4,True,50,pistol,4,1,,,,,,,891.0802648036329,5211.51105093956
2790669,1882,2752.258502819827,3386,62,7,True,11,pistol,4,9,,,,,,,492.84905883196836,5218.381630182266
2791848,1883,409.0165571088105,1179,18,2,False,0,pistol,4,1,,,,,,,407.65417337182447,5221.274099111557
2793277,1884,530.3248797941696,1429,24,3,False,0,pistol,4,1,,,,,,,908.9351868533289,5222.846635580063
2795094,1885,737.391807432413,1817,30,4,False,0,pistol,4,3,,,,,,,498.6801107650132,5226.490645647049
2797140,1886,954.1967897936523,2046,36,4,False,0,pistol,4,3,,,,,,,536.2943688174383,5230.306094169617
2799104,1887,687.9467703790184,1964,33,4,False,0,pistol,4,1,,,,,,,518.5915464725934,5234.093717813492
2802286,1888,4205.443154996778,3182,63,7,False,0,pistol,4,2,,,,,,,479.220438972809,5240.734072446823
2805223,1889,2814.5237040766756,2937,57,6,False,0,pistol,4,1,,,,,,,602.1989500662588,5245.611605167389
2808135,1890,1573.5435161019452,2912,48,5,False,0,pistol,4,6,,,,,,,467.91669254537624,5251.835287094116
2810563,1891,1718.228408132097,2428,46,5,False,0,pistol,4,2,,,,,,,569.6331635116217,5256.098102092743
2812123,1892,704.4690705762132,1560,26,3,False,0,pistol,4,1,,,,,,,479.5979275984694,5259.351211309433
2814903,1893,1029.979999999991,2780,44,5,True,40,pistol,4,1,,,,,,,592.9970541788206,5264.039618968964
2816441,1894,513.092400192917,1538,26,3,False,0,pistol,4,1,,,,,,,476.1128410332533,5267.270288705826
2819786,1895,4322.191241442585,3345,71,8,True,50,machinegun,4,14,,,,,,,639.4562440950915,5272.501627445221
2821997,1896,3488.038620364302,2211,38,4,False,0,pistol,4,3,,,,,,,556.6908840487421,5276.473672866821
2824001,1897,1699.0110872532796,2004,36,4,False,0,pistol,4,4,,,,,,,539.7726262090144,5280.1867253780365
2825462,1898,642.4063676645497,1461,23,3,False,0,pistol,4,1,,,,,,,454.1505347751121,5283.404091596603
2826436,1899,349.74525643335573,974,16,1,True,50,machinegun,4,1,,,,,,,369.9581122777581,5286.037093639374
2829002,1900,2950.396842130344,2566,47,5,True,39,machinegun,4,4,,,,,,,570.8273951306112,5290.53265786171
2830150,1901,319.7,1148,17,2,False,0,pistol,4,3,,,,,,,895.9061407401412,5291.814491271973
2831603,1902,563.9499999999982,1453,24,3,True,50,machinegun,4,1,,,,,,,459.9160537042331,5294.974181175232
2834399,1903,1010.7783634605254,2796,49,5,False,0,pistol,4,1,,,,,,,606.6566053102707,5299.58345246315
2836405,1904,735.1146484630929,2006,34,4,False,0,pistol,4,1,,,,,,,543.3366769606787,5303.275846481323
2837229,1905,180.13729840696692,824,11,2,False,0,pistol,4,1,,,,,,,315.42455155832357,5305.888662576675
2838376,1906,389.8550000000017,1147,16,2,False,0,pistol,4,1,,,,,,,903.6931828726706,5307.158281326294
2839385,1907,260.9836825620498,1009,15,2,False,0,pistol,4,1,,,,,,,377.6483115395554,5309.830518722534
2839687,1908,19.34841408221694,302,4,1,False,0,pistol,4,4,,,,,,,882.7596788367764,5310.1729238033295
2841060,1909,433.2399999999981,1373,21,3,False,0,pistol,4,1,,,,,,,439.19993087236196,5313.299432516098
2842254,1910,305.16000000000037,1194,17,2,False,0,pistol,4,1,,,,,,,862.8640296240854,5314.683582305908
2843203,1911,358.8147961957634,949,14,1,False,0,pistol,4,1,,,,,,,372.8416896859542,5317.229279279709
2845466,1912,978.1534547813047,2263,36,4,False,0,pistol,4,1,,,,,,,563.7631611567904,5321.243762969971
2846125,1913,116.12000000000005,659,9,1,False,0,pistol,4,2,,,,,,,893.4282523524017,5321.9817707538605
2846953,1914,224.48489834722747,828,13,2,False,0,pistol,4,3,,,,,,,338.95783830379156,5324.424904346466
2848794,1915,1891.4400000000132,1841,33,4,False,0,pistol,4,3,,,,,,,512.7191986729098,5328.016053676605
2850210,1916,551.1295984232966,1416,22,3,False,0,pistol,4,3,,,,,,,867.1359223400196,5329.649286031723
2854387,1917,5358.372188908228,4177,88,9,True,52,machinegun,4,1,,,,,,,543.206091733812,5337.339143276215
2857058,1918,2762.8481179807686,2671,50,6,False,0,pistol,4,12,,,,,,,444.8389125221576,5343.343875169754
2859901,1919,3380.553760376043,2843,51,6,False,0,pistol,4,1,,,,,,,595.7616962462297,5348.1162877082825
2861839,1920,1409.3790766839659,1938,35,4,False,0,pistol,4,2,,,,,,,516.694779626265,5351.867411136627
2862947,1921,400.8507460814998,1108,18,2,False,0,pistol,4,3,,,,,,,893.9118961949457,5353.107295513153
2864348,1922,483.45322894529284,1401,23,3,False,0,pistol,4,2,,,,,,,445.84951366588393,5356.250034093857
2866971,1923,2567.6790898416252,2623,48,5,False,0,pistol,4,6,,,,,,,584.210657528158,5360.740221738815
2868130,1924,404.2359275738101,1159,19,2,False,0,pistol,4,2,,,,,,,413.1326051414001,5363.545980453491
2869999,1925,693.250572336216,1869,33,3,False,0,pistol,4,8,,,,,,,506.3666768058587,5367.237367153168
2871153,1926,1167.7070695855773,1154,21,3,False,0,pistol,4,2,,,,,,,896.374984235466,5368.525251865387
2872710,1927,1236.5400000000093,1557,24,2,False,0,pistol,4,2,,,,,,,469.0558457128623,5371.84504532814
2874482,1928,604.8600697368178,1772,31,4,False,0,pistol,4,1,,,,,,,495.2899541122664,5375.4231061935425
2876738,1929,856.2906553031236,2256,40,5,False,0,pistol,4,1,,,,,,,561.9423067763746,5379.438091278076
2878067,1930,474.4906385398251,1329,22,3,False,0,pistol,4,3,,,,,,,439.7593947948647,5382.46062374115
2879283,1931,321.21660640901894,1216,19,2,False,0,pistol,4,2,,,,,,,905.4735717098365,5383.803993940353
2882063,1932,1909.0609865192857,2780,50,6,False,0,pistol,4,1,,,,,,,455.78924947544914,5389.903692007065
2883659,1933,468.11999999999836,1596,26,3,False,0,pistol,4,2,,,,,,,478.990051852296,5393.236066102982
2887209,1934,2763.1981783554625,3550,70,8,False,0,pistol,4,2,,,,,,,651.7038610240385,5398.6836721897125
2889126,1935,775.5218977644333,1917,32,4,False,0,pistol,4,2,,,,,,,524.7946581708972,5402.336864948273
2891219,1936,813.2082917513964,2093,39,4,False,0,pistol,4,1,,,,,,,538.6279394999075,5406.223011255264
2894125,1937,2199.0639220388603,2906,56,6,False,0,pistol,4,1,,,,,,,460.9089893390395,5412.528358221054
2895915,1938,1653.940891631241,1790,30,3,False,0,pistol,4,2,,,,,,,509.40235259378596,5416.042770385742
2898497,1939,2891.3566807097664,2582,47,5,False,0,pistol,4,1,,,,,,,581.9302538695698,5420.480069160461
2900161,1940,2251.594638463542,1664,31,4,False,0,pistol,4,1,,,,,,,496.82466556998696,5423.829690694809
2901303,1941,394.82499999999897,1142,19,2,False,0,pistol,4,4,,,,,,,864.4779617365378,5425.151064634323
2903345,1942,863.9117628423243,2042,36,3,False,0,pistol,4,2,,,,,,,532.6787334977084,5428.984824895859
2904977,1943,592.4217558218328,1632,27,2,False,0,pistol,4,4,,,,,,,480.18285870779954,5432.383872509003
2908556,1944,2947.1963237102277,3579,64,7,False,0,pistol,4,1,,,,,,,501.09476107875906,5439.526693344116
2910261,1945,752.1408532351082,1705,29,3,False,0,pistol,4,9,,,,,,,499.97307063864145,5442.9371790885925
2911480,1946,1191.6413290535106,1219,20,3,False,0,pistol,4,1,,,,,,,919.1928235867936,5444.263663291931
2913735,1947,1403.8451523452688,2255,39,4,True,15,machinegun,4,6,,,,,,,556.4606484124923,5448.316301345825
2914889,1948,450.1125288554355,1154,19,2,False,0,pistol,4,1,,,,,,,416.67084029617365,5451.086256980896
2915897,1949,253.60047372658428,1008,15,2,False,0,pistol,4,2,,,,,,,915.9638767107737,5452.187109231949
2918319,1950,1738.4685206630115,2422,44,5,False,0,pistol,4,5,,,,,,,557.1236169398063,5456.534753084183
2920418,1951,1782.2357237894414,2099,35,4,False,0,pistol,4,1,,,,,,,544.8781442374433,5460.387335777283
2921218,1952,284.7956460190488,800,13,2,False,0,pistol,4,4,,,,,,,331.6964750412836,5462.799648523331
2922307,1953,250.99428044957273,1089,15,2,False,0,pistol,4,1,,,,,,,909.8119275950502,5463.997003555298
2922904,1954,93.45917573908372,597,8,1,False,0,pistol,4,1,,,,,,,256.10088249477496,5466.328410148621
2923494,1955,214.23236316447955,590,9,1,False,0,pistol,4,1,,,,,,,863.6110133954247,5467.012051105499
2926672,1956,3281.943180427762,3178,60,7,True,50,machinegun,4,2,,,,,,,482.65735990025814,5473.5968635082245
2929064,1957,1045.614201735508,2392,43,5,False,0,pistol,4,3,,,,,,,567.5225987721032,5477.812128067017
2931753,1958,2759.8559083371174,2689,47,5,False,0,pistol,4,1,,,,,,,598.4398493978557,5482.305833339691
2933837,1959,1626.7241380905361,2084,36,4,True,47,pistol,4,1,,,,,,,524.8219194203027,5486.277044773102
2935393,1960,471.9001036220836,1556,23,3,False,0,pistol,4,1,,,,,,,488.38638273072314,5489.463468551636
2937171,1961,1601.9052773629674,1778,30,4,False,0,pistol,4,2,,,,,,,494.95449932720453,5493.055976629257
2938050,1962,200.19647998775793,879,11,2,False,0,pistol,4,1,,,,,,,883.8755034561063,5494.050767421722
2938981,1963,273.21599380320265,931,14,2,False,0,pistol,4,1,,,,,,,365.5306483299302,5496.5981431007385
2939973,1964,386.6757564047296,992,16,2,False,0,pistol,4,1,,,,,,,890.0098071679087,5497.713027715683
2942088,1965,914.3308618289852,2115,35,4,False,0,pistol,4,2,,,,,,,545.5088420435751,5501.590527057648
2943078,1966,254.22721618974552,990,15,2,False,0,pistol,4,1,,,,,,,372.37519027417596,5504.249401807785
2943495,1967,36.18000000000046,417,5,1,False,0,pistol,4,1,,,,,,,876.1042654503233,5504.725856304169
2946163,1968,2572.4200000000083,2668,49,5,False,0,pistol,4,1,,,,,,,585.23356054988,5509.285032510757
2948444,1969,1686.4438613207592,2281,40,5,False,0,pistol,4,2,,,,,,,554.0437759798303,5513.402338981628
2950262,1970,620.4871443122404,1818,31,4,False,0,pistol,4,5,,,,,,,499.48550857259943,5517.042498826981
2950917,1971,117.11013658201225,655,9,1,False,0,pistol,4,1,,,,,,,907.4160103105655,5517.764653205872
2953648,1972,3430.769231633903,2731,52,5,False,0,pistol,4,3,,,,,,,441.75315247231714,5523.947230100632
2954123,1973,84.89500000000042,475,7,1,False,0,pistol,4,1,,,,,,,896.8784508624202,5524.477203607559
2955533,1974,710.9433363602094,1410,22,3,False,0,pistol,4,1,,,,,,,442.05033510493257,5527.667203903198
2956837,1975,408.7776020769529,1304,20,2,False,0,pistol,4,2,,,,,,,899.7269115838737,5529.116983175278
2957839,1976,268.19364814571486,1002,14,2,False,0,pistol,4,3,,,,,,,379.8472806440685,5531.755236148834
2958626,1977,262.0934961660964,787,12,1,False,0,pistol,4,4,,,,,,,888.7117712434631,5532.641147136688
2960596,1978,739.6087692528981,1970,35,4,False,0,pistol,4,5,,,,,,,548.1951523469988,5536.235184669495
2962588,1979,1552.5550000000105,1992,33,4,False,0,pistol,4,1,,,,,,,546.9697037027483,5539.87745308876
2963752,1980,402.368897136556,1164,18,2,False,0,pistol,4,1,,,,,,,417.4604814549078,5542.666263818741
2964103,1981,207.975543448538,351,5,1,True,94,machinegun,4,2,,,,,,,893.258458708204,5543.059560060501
2965106,1982,367.6473397772635,1003,16,2,False,0,pistol,4,5,,,,,,,898.2892141968102,5544.176429271698
2966528,1983,480.0111838270876,1422,22,2,False,0,pistol,4,1,,,,,,,443.60090958895796,5547.382359981537
2968243,1984,1494.621698614193,1715,30,3,False,0,pistol,4,2,,,,,,,502.86190456682914,5550.7932641506195
2969337,1985,427.27559561381196,1094,18,2,False,0,pistol,4,3,,,,,,,900.9423136543979,5552.007894277573
2970724,1986,455.30343538860814,1387,23,3,False,0,pistol,4,1,,,,,,,431.14242916071925,5555.225224018097
2971500,1987,232.84103713092927,776,12,2,False,0,pistol,4,1,,,,,,,909.8283492053909,5556.078592538834
2973340,1988,522.6708723272179,1840,27,2,False,0,pistol,4,1,,,,,,,510.59364938874137,5559.682630300522
2975575,1989,825.5731856059925,2235,40,4,False,0,pistol,4,3,,,,,,,557.6054893356109,5563.691254854202
2978371,1990,1136.461931192238,2796,51,6,False,0,pistol,4,5,,,,,,,457.10158698283675,5569.808434247971
2980719,1991,1869.4562813765428,2348,43,5,False,0,pistol,4,6,,,,,,,571.4503936087686,5573.917558193207
2982264,1992,1269.1998160258697,1545,28,3,False,0,pistol,4,1,,,,,,,482.1932329836796,5577.1219935417175
2983580,1993,455.9120986472232,1316,22,3,False,0,pistol,4,1,,,,,,,904.7748881346508,5578.57693696022
2984455,1994,222.16500000000107,875,14,2,False,0,pistol,4,1,,,,,,,353.6820063762709,5581.051308393478
2986038,1995,1353.3991147012061,1583,25,3,False,0,pistol,4,3,,,,,,,481.365856374612,5584.340293884277
2986943,1996,209.3357452409706,905,13,2,False,0,pistol,4,1,,,,,,,899.2221553121418,5585.347112417221
2988077,1997,340.1455077592705,1134,16,2,False,0,pistol,4,1,,,,,,,396.8136988029365,5588.205193996429
2989970,1998,1678.9893413863945,1893,30,4,False,0,pistol,4,2,,,,,,,902.2663396917678,5590.303535938263
2993383,1999,2604.1013955562985,3413,62,7,False,0,pistol,4,2,,,,,,,497.4794615035118,5597.164447069168
2995283,2000,1534.2576620582206,1900,33,4,False,0,pistol,4,9,,,,,,,524.8529420384665,5600.784988641739
2997407,2001,794.9028746087065,2124,35,4,True,50,machinegun,4,1,,,,,,,535.2593358536446,5604.753397941589
2999891,2002,3046.6788708350837,2484,46,3,False,0,pistol,4,3,,,,,,,590.8355516731034,5608.958054304123
3001558,2003,665.1985887395241,1667,28,3,False,0,pistol,4,1,,,,,,,496.60403783219726,5612.315162658691
3005579,2004,3759.7158861148364,4021,79,8,False,0,pistol,4,4,,,,,,,526.952247498544,5619.946210861206
3008038,2005,1694.9614866655825,2459,41,5,False,0,pistol,4,6,,,,,,,573.5783276258904,5624.23378944397
3009611,2006,667.0130417704494,1573,25,3,False,0,pistol,4,2,,,,,,,472.0608311957786,5627.56632065773
3010639,2007,260.01999999999975,1028,16,2,False,0,pistol,4,1,,,,,,,386.88786191232987,5630.2239944934845
3011900,2008,441.73908114733524,1261,20,3,False,0,pistol,4,2,,,,,,,889.4299349620156,5631.642080307007
3012459,2009,146.0250000000005,559,9,1,True,50,machinegun,4,3,,,,,,,890.7167687328096,5632.270019292831
3013801,2010,719.1968954547455,1342,23,3,True,91,machinegun,4,3,,,,,,,447.33777723488447,5635.270352602005
3016116,2011,2003.2531278115773,2315,39,4,False,0,pistol,4,1,,,,,,,567.6388751344733,5639.348991394043
3018724,2012,2152.1400979900354,2608,47,5,False,0,pistol,4,1,,,,,,,587.022167727721,5643.792122840881
3020875,2013,2444.8945489578973,2151,38,4,False,0,pistol,4,1,,,,,,,388.6630656034475,5649.326811313629
3023141,2014,1548.3908674096547,2266,37,4,False,0,pistol,4,2,,,,,,,545.7739974956269,5653.4791622161865
3025623,2015,2930.573826371668,2482,44,5,False,0,pistol,4,3,,,,,,,575.6501975326187,5657.79122543335
3026735,2016,346.14435607501684,1112,16,1,False,0,pistol,4,1,,,,,,,910.0764067008305,5659.013520956039
3028027,2017,1207.9599999999934,1292,22,3,False,0,pistol,4,2,,,,,,,435.09569729000606,5661.983337163925
3028723,2018,123.93177194355536,696,10,1,False,0,pistol,4,1,,,,,,,902.5167593637445,5662.754881620407
3029269,2019,201.94130270750082,546,8,1,False,0,pistol,4,5,,,,,,,246.2315933256872,5664.972705125809
3030061,2020,196.27500000000043,792,11,2,False,0,pistol,4,2,,,,,,,888.7064602187543,5665.864334344864
3031180,2021,381.53833252515824,1119,18,2,False,0,pistol,4,5,,,,,,,402.54108548088186,5668.644653081894
3031915,2022,173.99132663960617,735,11,1,False,0,pistol,4,2,,,,,,,898.8292179450174,5669.462793111801
3033194,2023,485.60764335005297,1279,20,3,False,0,pistol,4,1,,,,,,,429.89716923372816,5672.438281536102
3035267,2024,2383.0637869898706,2073,35,4,True,60,machinegun,4,1,,,,,,,544.3044481785366,5676.247163057327
3038117,2025,2819.5918161252,2850,54,6,False,0,pistol,4,2,,,,,,,611.0956360354915,5680.9112713336945
3038559,2026,69.96513092647771,442,6,1,False,0,pistol,4,1,,,,,,,829.6821131294561,5681.4444217681885
3039030,2027,73.13040614818439,471,7,1,False,0,pistol,4,1,,,,,,,795.6455885853339,5682.0367658138275
3041530,2028,2057.310835634638,2500,45,5,False,0,pistol,4,2,,,,,,,437.4414205765957,5687.75208067894
3041978,2029,53.82253547042061,448,6,1,False,0,pistol,4,1,,,,,,,899.5916714980378,5688.2504799366
3042760,2030,292.0508350883458,782,13,2,False,0,pistol,4,3,,,,,,,889.3398191139643,5689.130127668381
3045155,2031,2544.489401600577,2395,39,4,False,0,pistol,4,1,,,,,,,580.1559590750801,5693.258686065674
3046949,2032,1619.5271609289462,1794,29,3,False,0,pistol,4,3,,,,,,,524.397249426964,5696.680166006088
3048990,2033,1714.589203928879,2041,35,4,True,50,pistol,4,5,,,,,,,532.4475433797452,5700.513784646988
3050807,2034,1707.5950000000128,1817,29,3,False,0,pistol,4,1,,,,,,,509.0313811998674,5704.083646059036
3053766,2035,3652.194076395136,2959,58,6,False,0,pistol,4,17,,,,,,,460.97574988001986,5710.503150701523
3054341,2036,123.19800838308224,575,8,1,False,0,pistol,4,1,,,,,,,888.0916591607239,5711.150995016098
3056021,2037,702.3673591654878,1680,28,3,False,0,pistol,4,3,,,,,,,479.56728061954726,5714.654568910599
3058215,2038,2206.8648788375076,2194,38,4,True,74,machinegun,4,1,,,,,,,553.9496826542286,5718.61559677124
3059559,2039,383.2699999999988,1344,21,3,False,0,pistol,4,1,,,,,,,903.3850792881566,5720.103704452515
3061117,2040,1310.0526116101814,1558,24,3,False,0,pistol,4,2,,,,,,,479.38507256184675,5723.354087114334
3061544,2041,59.32068400393856,427,6,1,False,0,pistol,4,1,,,,,,,893.5538277320986,5723.832390069962
3062164,2042,154.10449060315014,620,9,1,False,0,pistol,4,1,,,,,,,271.886669612969,5726.113187551498
3063629,2043,1303.2700000000052,1465,22,3,False,0,pistol,4,1,,,,,,,893.0691851322165,5727.753981590271
3065767,2044,3093.9536966308383,2138,35,4,True,32,machinegun,4,2,,,,,,,560.4241519382314,5731.569347381592
3067698,2045,1406.7297902202135,1931,30,4,False,0,pistol,4,1,,,,,,,510.81038311278445,5735.350003004074
3069670,2046,2347.9767965760925,1972,36,4,True,4,machinegun,4,1,,,,,,,521.3681598446731,5739.132759571075
3072145,2047,3089.453040233908,2475,42,5,False,0,pistol,4,1,,,,,,,415.7538592261258,5745.086957454681
3073607,2048,1737.480600100968,1462,24,3,False,0,pistol,4,2,,,,,,,912.752008268852,5746.689032316208
3074240,2049,144.6109756610087,633,8,1,False,0,pistol,4,2,,,,,,,280.78831055188823,5748.943763971329
3074511,2050,-0.7500000000000142,271,3,1,False,0,pistol,4,3,,,,,,,880.0599457867846,5749.252126216888
3075811,2051,1488.0374550332072,1300,21,3,False,0,pistol,4,1,,,,,,,920.5123716222091,5750.66469168663
3076761,2052,306.8699873082494,950,15,1,False,0,pistol,4,1,,,,,,,358.13135546528895,5753.3177280426025
3077203,2053,49.72983231857367,442,6,1,False,0,pistol,4,1,,,,,,,909.6951827258827,5753.804000616074
3078805,2054,818.5865396401874,1602,25,3,True,41,machinegun,4,4,,,,,,,494.75998591549086,5757.042313814163
3080883,2055,908.7981632179801,2078,34,4,False,0,pistol,4,4,,,,,,,543.2108127061675,5760.868131160736
3081667,2056,270.66745311884597,784,12,2,False,0,pistol,4,1,,,,,,,888.9569243054987,5761.7504415512085
3082424,2057,191.30499999999944,757,11,2,False,0,pistol,4,1,,,,,,,317.1194535349498,5764.137925863266
3084082,2058,2914.8617897995673,1658,27,3,True,6,machinegun,4,1,,,,,,,914.8887143233968,5765.950595140457
3085070,2059,237.55554942488322,988,13,2,False,0,pistol,4,1,,,,,,,375.70369908326415,5768.5806703567505
3085995,2060,346.9649999999978,925,14,2,False,0,pistol,4,1,,,,,,,879.4138527251478,5769.632938146591
3087002,2061,1119.5099999999968,1007,15,2,True,8,machinegun,4,1,,,,,,,377.23092164110284,5772.302683353424
3088478,2062,1309.893950127833,1476,25,3,False,0,pistol,4,4,,,,,,,459.20331853933595,5775.517320871353
3090334,2063,1484.9883520586782,1856,31,4,False,0,pistol,4,1,,,,,,,909.5402091469881,5777.55818104744
3091082,2064,201.77172003814508,748,11,2,False,0,pistol,4,1,,,,,,,312.58634096641003,5779.951350927353
3091442,2065,93.15500000000029,360,4,1,False,0,pistol,4,2,,,,,,,893.9229791484004,5780.3545088768005
3093999,2066,2615.917614212259,2557,47,5,True,21,pistol,4,11,,,,,,,565.0304045289951,5784.880326032639
3094600,2067,166.71500000000032,601,9,1,False,0,pistol,4,1,,,,,,,270.1786685496176,5787.105041980743
3095204,2068,176.84725540389095,604,9,1,False,0,pistol,4,2,,,,,,,891.7225246420857,5787.782721281052
3098391,2069,4549.358759305669,3187,58,6,False,0,pistol,4,5,,,,,,,614.8058373970465,5792.966694831848
3098857,2070,54.03039739386331,466,6,1,False,0,pistol,4,1,,,,,,,222.3949831503752,5795.062411546707
3100461,2071,1669.0142028611438,1604,26,3,False,0,pistol,4,3,,,,,,,894.5672422296209,5796.8558781147
3101306,2072,213.22500000000161,845,12,1,False,0,pistol,4,3,,,,,,,342.4386763703878,5799.3238208293915
3101929,2073,187.45902762167452,623,8,1,False,0,pistol,4,3,,,,,,,905.3353770250981,5800.012367725372
3103095,2074,334.3852018388668,1166,17,2,False,0,pistol,4,5,,,,,,,402.20809762161787,5802.911830663681
3104106,2075,245.92172117605128,1011,15,2,False,0,pistol,4,2,,,,,,,879.9768706381866,5804.06103682518
3105027,2076,263.46704817836934,921,13,1,False,0,pistol,4,1,,,,,,,352.85659072349705,5806.671486377716
3106123,2077,342.1232123884613,1096,17,2,False,0,pistol,4,2,,,,,,,879.2676406984782,5807.918389558792
3107446,2078,379.7950000000006,1323,21,3,False,0,pistol,4,1,,,,,,,434.38608640433466,5810.964334011078
3108185,2079,242.46963482951446,739,10,2,False,0,pistol,4,1,,,,,,,899.719063646114,5811.786117315292
3109073,2080,338.060265386444,888,14,2,True,49,machinegun,4,2,,,,,,,355.25634224864575,5814.286036014557
3109535,2081,171.7050000000006,462,6,1,False,0,pistol,4,1,,,,,,,890.1843600082138,5814.805402040482
3110633,2082,373.08103326356985,1098,17,2,False,0,pistol,4,1,,,,,,,921.3193887459834,5815.997625827789
3111285,2083,197.18765207054727,652,10,2,False,0,pistol,4,2,,,,,,,287.4190807209529,5818.266438007355
3112680,2084,483.56488156693706,1395,21,3,False,0,pistol,4,1,,,,,,,901.3538946724331,5819.814581155777
3113203,2085,133.32499999999987,523,7,1,False,0,pistol,4,1,,,,,,,253.57124352062084,5821.877494335175
3114979,2086,1359.7699999999888,1776,29,3,False,0,pistol,4,2,,,,,,,890.7472272232437,5823.871811389923
3116828,2087,686.436238306214,1849,32,4,False,0,pistol,4,1,,,,,,,522.3584660232888,5827.411912918091
3121230,2088,4331.824931923121,4402,85,9,False,0,pistol,4,1,,,,,,,458.6165481963372,5837.01064658165
3123025,2089,576.2621450740181,1795,30,3,False,0,pistol,4,1,,,,,,,894.6732592507384,5839.017409324646
3125769,2090,1939.126545320945,2744,48,5,False,0,pistol,4,1,,,,,,,447.8664600184016,5845.144649505615
3127043,2091,535.1336639509927,1274,21,3,False,0,pistol,4,1,,,,,,,905.7196910526773,5846.551588535309
3130352,2092,6027.304459868498,3309,71,7,True,2,pistol,4,10,,,,,,,495.9405712559082,5853.224128484726
3132936,2093,1828.2976627628348,2584,49,5,False,0,pistol,4,7,,,,,,,578.8957465637203,5857.68817448616
3134061,2094,433.89372813616205,1125,19,2,False,0,pistol,4,4,,,,,,,400.7532672623535,5860.495735406876
3136578,2095,1789.404527079385,2517,45,5,False,0,pistol,4,3,,,,,,,572.6128442741581,5864.891699314117
3137405,2096,213.6417390604641,827,13,2,False,0,pistol,4,2,,,,,,,893.6959059445761,5865.817347764969
3139234,2097,774.4370066728468,1829,32,4,False,0,pistol,4,1,,,,,,,515.4999102909517,5869.365721940994
3141040,2098,655.5694016545664,1806,31,3,False,0,pistol,4,2,,,,,,,513.138357305694,5872.885665178299
3143000,2099,1550.190000000025,1960,32,4,False,0,pistol,4,4,,,,,,,538.6999412208373,5876.524514913559
3144329,2100,491.8011367766446,1329,21,3,False,0,pistol,4,1,,,,,,,440.4650417227399,5879.542115211487
3145539,2101,479.22759531416733,1210,20,3,True,48,machinegun,4,1,,,,,,,888.0230786607252,5880.905117511749
3145979,2102,52.22033230322002,440,6,1,False,0,pistol,4,1,,,,,,,217.76454469710566,5882.925941944122
3146463,2103,62.39500000000048,484,7,1,False,0,pistol,4,1,,,,,,,896.5310884318591,5883.466146707535
3148048,2104,523.6299999999978,1585,24,3,False,0,pistol,4,1,,,,,,,467.15169979501593,5886.859387397766
3149139,2105,349.07195607261934,1091,18,2,True,49,machinegun,4,1,,,,,,,906.9223730681264,5888.06272315979
3150632,2106,618.0650621289127,1493,26,3,True,45,machinegun,4,3,,,,,,,466.0427954995036,5891.266623258591
3153391,2107,1872.4379944332695,2759,49,5,False,0,pistol,4,2,,,,,,,596.4927563155244,5895.892410039902
3156131,2108,1854.438843621219,2740,48,5,True,50,machinegun,4,5,,,,,,,451.2173976443504,5901.965268611908
3157365,2109,405.2967936936301,1234,20,3,False,0,pistol,4,2,,,,,,,895.5010219301911,5903.343602657318
3158758,2110,525.2962014146569,1393,23,3,True,97,machinegun,4,2,,,,,,,436.0320788129636,5906.538657903671
3160917,2111,1568.5961566782833,2159,35,4,False,0,pistol,4,2,,,,,,,552.9131647824292,5910.443793058395
3163472,2112,1857.9115382208415,2555,44,5,False,0,pistol,4,1,,,,,,,573.3468863548754,5914.9004027843475
3165505,2113,1639.743992075502,2033,36,4,False,0,pistol,4,2,,,,,,,537.9356361239554,5918.680113792419
3167811,2114,1776.9753421751739,2306,41,5,False,0,pistol,4,4,,,,,,,561.3809870151338,5922.788159132004
3170216,2115,1798.6407255592976,2405,43,4,False,0,pistol,4,2,,,,,,,567.7278562634998,5927.024595975876
3172255,2116,721.7774833569472,2039,35,4,False,0,pistol,4,3,,,,,,,533.8781695518268,5930.8442277908325
3173482,2117,325.58635236308226,1227,18,1,False,0,pistol,4,1,,,,,,,426.3377667484094,5933.722668647766
3174791,2118,489.66564418632305,1309,20,2,True,50,pistol,4,1,,,,,,,430.5997766197714,5936.762943267822
3176177,2119,487.06148094107715,1386,21,3,False,0,pistol,4,1,,,,,,,891.0076324060832,5938.318900585175
3177492,2120,1280.9700000000046,1315,20,3,False,0,pistol,4,2,,,,,,,445.46154677414694,5941.271275997162
3177922,2121,54.14500000000049,430,6,1,False,0,pistol,4,1,,,,,,,913.7208900561491,5941.742277145386
3179598,2122,1768.650580040391,1676,28,3,True,33,machinegun,4,4,,,,,,,496.5732639546967,5945.117792367935
3181386,2123,1373.7250000000104,1788,26,3,False,0,pistol,4,1,,,,,,,485.744179019618,5948.799136400223
3181897,2124,78.07301881936276,511,7,1,False,0,pistol,4,3,,,,,,,861.6311309562815,5949.392574310303
3182479,2125,126.99000000000053,582,8,1,False,0,pistol,4,1,,,,,,,865.9357236253527,5950.06502199173
3183447,2126,228.22500000000048,968,14,2,False,0,pistol,4,3,,,,,,,365.80800965568466,5952.7115688323975
3183767,2127,55.640462159863944,320,4,1,True,50,pistol,4,1,,,,,,,870.9617275210265,5953.079326629639
3184296,2128,77.67500000000085,529,6,1,False,0,pistol,4,1,,,,,,,898.0637423430585,5953.668693304062
3184821,2129,167.846453854005,525,7,1,False,0,pistol,4,2,,,,,,,254.03472761873823,5955.735662221909
3185290,2130,83.05723658834725,469,7,1,False,0,pistol,4,3,,,,,,,892.2941919844832,5956.2616193294525
3186430,2131,1355.710000000004,1140,17,2,True,29,machinegun,4,2,,,,,,,902.8567091045558,5957.524569511414
3188582,2132,1474.009758109945,2152,35,4,False,0,pistol,4,3,,,,,,,545.2834065551747,5961.471450805664
3189541,2133,1059.942113486117,959,15,2,False,0,pistol,4,1,,,,,,,371.9502693731499,5964.050184965134
3190867,2134,374.15202590009085,1326,19,2,False,0,pistol,4,1,,,,,,,433.55717050214747,5967.109100341797
3192040,2135,316.8280829977502,1173,19,2,False,0,pistol,4,1,,,,,,,918.6529770170508,5968.38630604744
3193562,2136,1370.0450000000112,1522,24,3,False,0,pistol,4,3,,,,,,,485.05086661290665,5971.524547338486
3195825,2137,1670.3442736705488,2263,39,4,False,0,pistol,4,2,,,,,,,539.0941811887753,5975.722741603851
3198558,2138,1509.3457200916266,2733,51,6,True,23,machinegun,4,1,,,,,,,600.8520633388409,5980.271709442139
3200681,2139,1611.0325325930532,2123,35,4,False,0,pistol,4,1,,,,,,,535.452454814002,5984.236984729767
3202689,2140,879.4877008189765,2008,36,4,False,0,pistol,4,4,,,,,,,532.2519658247995,5988.010072231293
3204946,2141,780.1048989932308,2257,38,4,False,0,pistol,4,1,,,,,,,559.3247252931648,5992.045661211014
3205903,2142,335.2948041313667,957,15,1,False,0,pistol,4,1,,,,,,,368.0878051893888,5994.646031618118
3208042,2143,738.8496790829853,2139,35,4,False,0,pistol,4,5,,,,,,,540.424822438878,5998.604379653931
3208695,2144,268.5678972657988,653,10,2,False,0,pistol,4,1,,,,,,,900.7315390486953,5999.3298144340515
3209667,2145,285.12862894933534,972,15,2,False,0,pistol,4,4,,,,,,,365.2160336371915,6001.991566419601
3210490,2146,289.2810720792101,823,12,2,False,0,pistol,4,1,,,,,,,899.5698508218817,6002.906809806824
3211700,2147,416.5231571772691,1210,18,2,False,0,pistol,4,3,,,,,,,426.44331314961903,6005.744594573975
3213286,2148,1347.2446082312363,1586,26,3,False,0,pistol,4,1,,,,,,,880.8411563412955,6007.545466184616
3214426,2149,260.42662433594535,1140,15,2,False,0,pistol,4,1,,,,,,,418.9879266974114,6010.26670050621
3215117,2150,188.69735385144855,691,10,2,False,0,pistol,4,3,,,,,,,883.9890148904112,6011.048737049103
3215719,2151,125.64703896191999,602,9,1,False,0,pistol,4,1,,,,,,,270.9872665645954,6013.270627737045
3217016,2152,403.3503913225376,1297,21,3,False,0,pistol,4,2,,,,,,,915.9477230752808,6014.687051534653
3218707,2153,594.2876093919867,1691,27,3,False,0,pistol,4,3,,,,,,,495.7580547765979,6018.098346710205
3219859,2154,412.09463815948476,1152,18,2,False,0,pistol,4,1,,,,,,,409.5450420971646,6020.911677122116
3222326,2155,1832.823287770891,2467,45,5,False,0,pistol,4,3,,,,,,,572.1216105961742,6025.224084615707
3222863,2156,78.29270883820146,537,8,1,False,0,pistol,4,1,,,,,,,881.9098238953521,6025.833386421204
3225207,2157,2452.74999999999,2344,39,4,False,0,pistol,4,1,,,,,,,575.6067556323283,6029.9060254096985
3226329,2158,386.5518349611336,1122,16,2,False,0,pistol,4,2,,,,,,,395.3291346424924,6032.744568347931
3227628,2159,1322.4600000000091,1299,20,3,False,0,pistol,4,1,,,,,,,890.2847142597332,6034.204061031342
3229605,2160,1606.5332521363282,1977,33,4,False,0,pistol,4,1,,,,,,,527.9534980853412,6037.949051141739
3230941,2161,1308.3849999999982,1336,21,3,False,0,pistol,4,3,,,,,,,432.8939527692368,6041.035696983337
3231697,2162,307.2400000000004,756,12,2,True,97,machinegun,4,2,,,,,,,870.6018374679383,6041.904413700104
3233722,2163,2476.475426761424,2025,34,4,True,8,pistol,4,4,,,,,,,537.516615713079,6045.6719970703125
3234661,2164,340.06057975787604,939,15,2,False,0,pistol,4,3,,,,,,,362.5688340145219,6048.262256145477
3235724,2165,357.6245726938625,1063,15,2,False,0,pistol,4,1,,,,,,,898.9631234281915,6049.445159196854
3238360,2166,2136.698254130734,2636,47,5,False,0,pistol,4,1,,,,,,,437.9237401229176,6055.464839458466
3240433,2167,792.1878254039071,2073,37,4,False,0,pistol,4,2,,,,,,,546.7469221877216,6059.256805419922
3242659,2168,871.8166294639235,2226,38,4,False,0,pistol,4,2,,,,,,,553.2575311655175,6063.280730724335
3243721,2169,359.33995289987774,1062,17,1,True,49,machinegun,4,2,,,,,,,914.1979413079431,6064.442724704742
3245833,2170,1224.690923700445,2112,36,4,True,25,pistol,4,7,,,,,,,542.4395969017938,6068.336557149887
3247405,2171,603.3114161394352,1572,24,3,False,0,pistol,4,2,,,,,,,483.8042484136359,6071.586263656616
3247739,2172,25.57269526527253,334,4,1,False,0,pistol,4,2,,,,,,,828.0671676021772,6071.989979028702
3248589,2173,237.74841998470075,850,13,2,False,0,pistol,4,2,,,,,,,349.84338212573056,6074.419938087463
3250051,2174,1175.5414218709761,1462,23,2,True,10,pistol,4,2,,,,,,,882.2445417159195,6076.077487707138
3252317,2175,1913.4491883010528,2266,40,4,False,0,pistol,4,1,,,,,,,407.7647297466359,6081.635031700134
3254531,2176,747.4253047752475,2214,37,4,False,0,pistol,4,2,,,,,,,545.7620672759416,6085.692132949829
3256119,2177,940.2299999999944,1588,26,3,True,22,pistol,4,2,,,,,,,892.1481099688577,6087.472488164902
3257934,2178,554.0256843742533,1815,30,4,False,0,pistol,4,1,,,,,,,517.9780851446021,6090.976750612259
3259957,2179,698.3195014903786,2023,34,4,False,0,pistol,4,1,,,,,,,518.8172097291438,6094.876358509064
3262568,2180,927.0016014077431,2611,44,5,True,49,machinegun,4,1,,,,,,,434.88948014332857,6100.880579710007
3262992,2181,88.62782744834999,424,6,1,False,0,pistol,4,1,,,,,,,913.844312164962,6101.344991207123
3265805,2182,1742.9255799793586,2813,49,5,False,0,pistol,4,3,,,,,,,600.0449249835591,6106.033367395401
3268080,2183,1001.5659134465088,2275,41,5,True,50,machinegun,4,8,,,,,,,564.7572309118422,6110.062077999115
3270765,2184,3017.6115738941307,2685,51,5,False,0,pistol,4,2,,,,,,,439.82205761639597,6116.1671550273895
3272173,2185,458.43499999999796,1408,23,3,False,0,pistol,4,1,,,,,,,888.5215839136366,6117.752156019211
3273997,2186,776.3138691439223,1824,31,4,False,0,pistol,4,2,,,,,,,512.5151147670794,6121.311408996582
3275513,2187,533.0256685904664,1516,25,3,False,0,pistol,4,1,,,,,,,469.9808730785935,6124.537346601486
3275992,2188,120.47436903769069,479,7,1,False,0,pistol,4,1,,,,,,,903.2640957452787,6125.068024158478
3276328,2189,29.719074910337355,336,4,1,False,0,pistol,4,3,,,,,,,884.5027198114113,6125.44824886322
3278055,2190,636.3983614407642,1727,29,3,False,0,pistol,4,1,,,,,,,507.2715650692064,6128.853069782257
3278942,2191,286.8632378293126,887,13,2,False,0,pistol,4,3,,,,,,,370.44806166228807,6131.247826099396
3281210,2192,1020.0223549415427,2268,41,5,False,0,pistol,4,6,,,,,,,563.8101132061695,6135.270816087723
3284636,2193,4139.382376250338,3426,71,8,True,25,machinegun,4,12,,,,,,,645.8898126518965,6140.575494766235
3286341,2194,654.3110316995233,1705,28,3,False,0,pistol,4,1,,,,,,,507.59594550040475,6143.934721231461
3286952,2195,129.07434895865805,611,9,1,False,0,pistol,4,1,,,,,,,797.9526039670335,6144.700829982758
3287358,2196,102.95978815617318,406,6,1,False,0,pistol,4,3,,,,,,,210.02237064948687,6146.634311676025
3289216,2197,839.1684512667993,1858,32,4,True,38,machinegun,4,6,,,,,,,512.7939499262034,6150.257941007614
3291136,2198,1330.1729991598754,1920,33,4,False,0,pistol,4,1,,,,,,,905.9634355013809,6152.377599000931
3293723,2199,1679.266689314299,2587,48,4,True,129,machinegun,4,4,,,,,,,434.2761129745152,6158.3349533081055
3296065,2200,877.4288763119091,2342,41,5,False,0,pistol,4,3,,,,,,,564.8571070901698,6162.481554269791
3300309,2201,2622.739861981292,4244,80,8,False,0,pistol,4,6,,,,,,,553.9459723756239,6170.143322229385
3301941,2202,1904.4975299620764,1632,26,3,False,0,pistol,4,2,,,,,,,490.4270826265714,6173.47150683403
3303741,2203,724.2510675047358,1800,28,3,False,0,pistol,4,1,,,,,,,513.0734611918966,6176.980110168457
3305503,2204,1040.5342823011329,1762,30,4,True,15,machinegun,4,1,,,,,,,517.0811448606762,6180.388133525848
3307011,2205,1170.9518575473323,1508,26,2,False,0,pistol,4,13,,,,,,,907.9133933870999,6182.049345970154
3308164,2206,358.0104862339044,1153,19,2,False,0,pistol,4,2,,,,,,,407.8759775231147,6184.876587629318
3310962,2207,1728.5666182507439,2798,55,6,False,0,pistol,4,3,,,,,,,609.4548183706471,6189.467967271805
3312945,2208,721.3183432323356,1983,34,4,False,0,pistol,4,2,,,,,,,544.4062544795524,6193.110769510269
3315210,2209,880.8747838728002,2265,40,5,False,0,pistol,4,5,,,,,,,565.9894599557377,6197.112896442413
3317111,2210,1205.18407277627,1901,33,4,False,0,pistol,4,3,,,,,,,523.2608150727787,6200.7462520599365
3318796,2211,532.5900000000022,1685,27,3,False,0,pistol,4,4,,,,,,,503.8627569370224,6204.090811729431
3320821,2212,724.1615543874977,2025,34,3,False,0,pistol,4,5,,,,,,,525.2773046816754,6207.946280479431
3323279,2213,1594.3012602902322,2458,46,5,False,0,pistol,4,6,,,,,,,575.6564697061431,6212.216602325439
3327658,2214,3171.5859236480887,4379,86,9,True,29,machinegun,4,9,,,,,,,545.5408267132988,6220.243950128555
3329167,2215,579.7571958234478,1509,25,3,False,0,pistol,4,4,,,,,,,462.93557606625154,6223.503974676132
3329884,2216,212.28889624852576,717,10,1,True,50,machinegun,4,2,,,,,,,891.3066771624513,6224.308811187744
3330868,2217,235.36197999219138,984,15,2,False,0,pistol,4,1,,,,,,,372.76846356295067,6226.948972225189
3332322,2218,769.185000000002,1454,22,3,True,19,machinegun,4,1,,,,,,,474.11864927000636,6230.016151428223
3334323,2219,1505.6350000000116,2001,32,4,False,0,pistol,4,1,,,,,,,550.820060902064,6233.649419784546
3335612,2220,806.4439135256357,1289,21,3,True,25,machinegun,4,6,,,,,,,893.6871549880331,6235.092248916626
3337185,2221,475.0675606852168,1573,24,2,False,0,pistol,4,1,,,,,,,482.0217342433749,6238.356011629105
3338782,2222,1279.666636999618,1597,28,3,False,0,pistol,4,3,,,,,,,485.4284917525827,6241.646279811859
3340901,2223,1497.4437421049404,2119,36,3,False,0,pistol,4,1,,,,,,,554.6665974352507,6245.466885089874
3341322,2224,118.795163506174,421,6,1,False,0,pistol,4,3,,,,,,,879.2043771960791,6245.946060657501
3342508,2225,377.4242759097517,1186,20,2,False,0,pistol,4,2,,,,,,,411.6255832806573,6248.8276081085205
3344550,2226,1543.5267931130118,2042,33,3,False,0,pistol,4,2,,,,,,,530.4271356136597,6252.677703857422
3345243,2227,197.74000000000103,693,11,2,True,50,machinegun,4,1,,,,,,,871.4155260012358,6253.473358631134
3346794,2228,1437.245069906646,1551,25,3,False,0,pistol,4,1,,,,,,,489.75369400718955,6256.640582323074
3348442,2229,1470.1300000000097,1648,26,3,False,0,pistol,4,2,,,,,,,893.915701122184,6258.4845559597015
3349655,2230,765.0281242772177,1213,20,2,True,25,pistol,4,1,,,,,,,426.190919336623,6261.331077337265
3351422,2231,1330.1830015103997,1767,27,3,False,0,pistol,4,1,,,,,,,480.98171437078645,6265.005252838135
3352619,2232,1247.5250000000115,1197,18,2,False,0,pistol,4,1,,,,,,,409.73899451911115,6267.926974058151
3353132,2233,117.1547272417681,513,8,1,False,0,pistol,4,4,,,,,,,880.0887550197518,6268.51013302803
3353999,2234,234.2100000000002,867,11,2,False,0,pistol,4,1,,,,,,,896.8144606540538,6269.477204799652
3355340,2235,367.96476493808893,1341,20,3,False,0,pistol,4,1,,,,,,,436.4973825577263,6272.5496737957
3357550,2236,1952.672053041795,2210,38,4,False,0,pistol,4,1,,,,,,,541.7848307922577,6276.629150152206
3359056,2237,444.8026387429009,1506,24,3,False,0,pistol,4,2,,,,,,,476.2990160597858,6279.791397809982
3360658,2238,1467.0307182341205,1602,25,3,False,0,pistol,4,1,,,,,,,912.0870420391254,6281.548142671585
3361879,2239,483.55028318331017,1221,19,2,False,0,pistol,4,2,,,,,,,423.12171243311843,6284.434281587601
3364046,2240,1930.6643937159336,2167,37,4,False,0,pistol,4,1,,,,,,,554.4350204567494,6288.343188524246
3364883,2241,205.72635908928055,837,13,2,False,0,pistol,4,2,,,,,,,353.92287081158344,6290.708564043045
3366317,2242,533.2342816288017,1434,23,3,False,0,pistol,4,2,,,,,,,906.6274734431582,6292.290516614914
3369383,2243,4340.346837338665,3066,59,6,True,5,machinegun,4,1,,,,,,,472.95368632854445,6298.773548126221
3370264,2244,200.11554826596137,881,12,2,False,0,pistol,4,1,,,,,,,893.3423099945943,6299.7600309848785
3371358,2245,337.00999999999993,1094,16,2,True,50,machinegun,4,1,,,,,,,391.078895930505,6302.557674646378
3372402,2246,855.0929030154705,1044,16,2,True,34,machinegun,4,1,,,,,,,900.8086516732582,6303.716930150986
3373576,2247,324.95499999999834,1174,18,2,False,0,pistol,4,1,,,,,,,415.1165470311459,6306.545400619507
3374709,2248,340.15000000000043,1133,18,2,False,0,pistol,4,4,,,,,,,818.1785743677648,6307.930676698685
3376269,2249,525.4530282992007,1560,26,3,False,0,pistol,4,1,,,,,,,481.5806698675312,6311.1703844070435
3378522,2250,1867.9820264162513,2253,38,4,False,0,pistol,4,2,,,,,,,557.1777473874205,6315.214393854141
3380232,2251,598.8983513003575,1710,26,3,False,0,pistol,4,1,,,,,,,495.2433872177562,6318.6677141189575
3382662,2252,853.9304925470849,2430,43,5,False,0,pistol,4,4,,,,,,,572.345534533316,6322.913749217987
3384451,2253,2009.0776126649753,1789,31,4,True,45,machinegun,4,5,,,,,,,493.26004096690303,6326.541060447693
3386148,2254,2618.4049999999797,1697,29,3,False,0,pistol,4,1,,,,,,,495.04542326331705,6329.9693558216095
3386726,2255,165.30301125015876,578,8,1,False,0,pistol,4,3,,,,,,,889.9366999065759,6330.619278430939
3388533,2256,626.3035806025171,1807,30,4,False,0,pistol,4,1,,,,,,,489.13264038695337,6334.313953876495
3389685,2257,369.39547766014624,1152,19,2,False,0,pistol,4,2,,,,,,,410.97942159173783,6337.117344856262
3390952,2258,410.0799348016386,1267,20,3,False,0,pistol,4,1,,,,,,,888.084365440972,6338.544447422028
3392598,2259,764.7868073166318,1646,27,3,False,0,pistol,4,2,,,,,,,491.9852175490118,6341.890372276306
3393143,2260,169.09500000000094,545,8,1,False,0,pistol,4,3,,,,,,,915.9461562564862,6342.4857976436615
3395730,2261,2069.032440629586,2587,46,4,False,0,pistol,4,3,,,,,,,431.2682551628989,6348.484736204147
3397398,2262,565.7883605368883,1668,26,3,False,0,pistol,4,1,,,,,,,903.5728687102417,6350.331152200699
3399456,2263,640.541722261685,2058,34,3,False,0,pistol,4,1,,,,,,,543.054039801795,6354.1212248802185
3401078,2264,636.3843399802138,1622,26,3,False,0,pistol,4,1,,,,,,,487.6326506446734,6357.4479150772095
3403487,2265,1773.0850000000198,2409,43,5,False,0,pistol,4,1,,,,,,,570.5948900303208,6361.670156955719
3405210,2266,1289.5670743699482,1723,30,4,False,0,pistol,4,3,,,,,,,515.5059610219719,6365.012844800949
3407100,2267,1372.0481277254485,1890,31,4,False,0,pistol,4,6,,,,,,,518.7935576215207,6368.656296253204
3408987,2268,1055.6900000000016,1887,30,4,True,21,machinegun,4,9,,,,,,,529.1204299682132,6372.222946643829
3411215,2269,756.7607789789571,2228,36,4,False,0,pistol,4,7,,,,,,,547.3296124710599,6376.294265031815
3412828,2270,2021.404375745235,1613,24,1,False,0,pistol,4,1,,,,,,,470.07231321236105,6379.72601890564
3413901,2271,1002.3870889253567,1073,18,2,True,6,machinegun,4,1,,,,,,,907.0589530410085,6380.909288644791
3415397,2272,596.3899999999969,1496,24,3,False,0,pistol,4,1,,,,,,,465.96262365164677,6384.120265245438
3415977,2273,235.54526734417513,580,9,1,True,50,machinegun,4,2,,,,,,,800.3098733983991,6384.845394611359
3416404,2274,46.464073076129836,427,6,1,False,0,pistol,4,3,,,,,,,225.00401182705662,6386.74355006218
3418122,2275,616.7427033831008,1718,29,2,False,0,pistol,4,4,,,,,,,499.23462380426724,6390.185191869736
3419576,2276,1293.0800000000033,1454,24,3,True,1,machinegun,4,1,,,,,,,895.4454383367566,6391.80934548378
3421095,2277,718.9464922268616,1519,26,3,True,42,machinegun,4,3,,,,,,,454.4558736506447,6395.15216755867
3422037,2278,265.4905952084224,942,12,2,False,0,pistol,4,1,,,,,,,879.087156361345,6396.224078178406
3422819,2279,230.36422902952188,782,12,2,False,0,pistol,4,2,,,,,,,313.6975257367734,6398.717256307602
3423183,2280,63.02500000000003,364,5,1,True,50,machinegun,4,1,,,,,,,862.244686390586,6399.1397449970245
3424004,2281,169.05850226785944,821,11,2,False,0,pistol,4,3,,,,,,,878.3228507509245,6400.074826002121
3425605,2282,466.9808022617747,1601,25,2,False,0,pistol,4,2,,,,,,,485.0380877810876,6403.375932216644
3426699,2283,306.1924725155194,1094,16,2,False,0,pistol,4,2,,,,,,,401.7073929514166,6406.099645137787
3428372,2284,1389.7212707295114,1673,28,3,True,11,pistol,4,3,,,,,,,495.5856869061392,6409.475844621658
3430414,2285,1554.0795537049075,2042,32,4,True,8,machinegun,4,3,,,,,,,542.37100660254,6413.241096019745
3431632,2286,1095.2400000000034,1218,21,3,True,2,machinegun,4,3,,,,,,,877.6165786873328,6414.629248380661
3432649,2287,1572.447760262557,1017,16,2,True,38,machinegun,4,1,,,,,,,383.0139117968643,6417.284941196442
3434559,2288,1443.0550000000185,1910,31,4,False,0,pistol,4,1,,,,,,,535.0662941897257,6420.854909658432
3435415,2289,1458.6378976338706,856,15,2,False,0,pistol,4,3,,,,,,,895.3071995399683,6421.811287879944
3437990,2290,2850.7201721205015,2575,43,5,False,0,pistol,4,2,,,,,,,586.5777760784443,6426.201510190964
3438290,2291,135.76133267213186,300,4,1,True,46,machinegun,4,2,,,,,,,898.666453360149,6426.5357077121735
3440307,2292,1943.0858613187024,2017,33,4,False,0,pistol,4,1,,,,,,,521.2475400985895,6430.405588388443
3440927,2293,235.1348913674278,620,9,1,True,47,machinegun,4,2,,,,,,,277.0662225598033,6432.643718957901
3441590,2294,286.5246075187033,663,9,1,False,0,pistol,4,2,,,,,,,899.8406821749375,6433.3809196949005
3441908,2295,41.910000000000075,318,4,1,False,0,pistol,4,2,,,,,,,828.0251277775674,6433.76544880867
3442733,2296,277.90083669656224,825,14,2,False,0,pistol,4,1,,,,,,,330.94086438256346,6436.258661985397
3444146,2297,1181.6007259127782,1413,21,3,False,0,pistol,4,2,,,,,,,857.0408626992423,6437.907644987106
3444690,2298,96.98098333565255,544,8,1,False,0,pistol,4,1,,,,,,,892.4979585642124,6438.5175886154175
3445346,2299,376.17370752277174,656,10,1,True,44,machinegun,4,1,,,,,,,286.3150933504712,6440.809159994125
3445739,2300,15.17499999999999,393,5,1,False,0,pistol,4,2,,,,,,,894.2559756346984,6441.249053001404
3446096,2301,52.79888618346398,357,5,1,False,0,pistol,4,5,,,,,,,886.1069293524896,6441.652221918106
3447786,2302,1246.671825921327,1690,27,3,False,0,pistol,4,2,,,,,,,490.6487989844216,6445.096972227097
3449754,2303,1473.4112491998217,1968,33,4,False,0,pistol,4,2,,,,,,,527.9549124540683,6448.824979543686
3451127,2304,1189.1049999999898,1373,21,3,False,0,pistol,4,5,,,,,,,450.07879939792326,6451.875849246979
3452694,2305,1732.0019249957384,1567,25,1,True,34,machinegun,4,2,,,,,,,845.3233428093089,6453.7299818992615
3453909,2306,1207.691014479698,1215,19,2,False,0,pistol,4,1,,,,,,,419.9085773725536,6456.623780488968
3454907,2307,310.0384591954001,998,15,2,False,0,pistol,4,3,,,,,,,924.7449591986148,6457.703365564346
3455978,2308,276.40093125381196,1071,17,2,False,0,pistol,4,1,,,,,,,394.18839348010005,6460.420722484589
3457555,2309,1477.0853773973645,1577,28,3,False,0,pistol,4,3,,,,,,,495.4200808036534,6463.6042737960815
3458172,2310,168.65500000000048,617,9,1,True,49,machinegun,4,1,,,,,,,849.1090090249711,6464.331273794174
3459751,2311,637.7137290914003,1579,25,3,False,0,pistol,4,4,,,,,,,495.1035431403836,6467.520873308182
3461383,2312,1472.859120687792,1632,27,3,False,0,pistol,4,2,,,,,,,491.8921757134286,6470.8390464782715
3463523,2313,3171.395474567431,2140,37,3,True,3,machinegun,4,1,,,,,,,541.7372884450417,6474.789679765701
3464582,2314,1275.42229242148,1059,18,2,True,3,machinegun,4,2,,,,,,,904.8093549382621,6475.960379600525
3464890,2315,-12.129999999999932,308,3,1,False,0,pistol,4,1,,,,,,,878.2879442614837,6476.311517953873
3465238,2316,69.58859682807108,348,4,1,False,0,pistol,4,1,,,,,,,191.83769120448838,6478.125858783722
3466018,2317,218.77741398725345,780,12,2,False,0,pistol,4,1,,,,,,,880.4126658801443,6479.012087583542
3466416,2318,38.36103561940425,398,5,1,False,0,pistol,4,1,,,,,,,851.5862371528718,6479.479699611664
3467092,2319,231.68157041570836,676,10,2,True,50,machinegun,4,1,,,,,,,880.213927396735,6480.247909069061
3467562,2320,69.01500000000023,470,7,1,False,0,pistol,4,2,,,,,,,233.11741043892212,6482.264349460602
3468688,2321,375.9300000000001,1126,18,2,False,0,pistol,4,1,,,,,,,911.2927076111531,6483.500445842743
3469996,2322,1663.0608148058707,1308,19,2,False,0,pistol,4,3,,,,,,,430.49946950195334,6486.539225816727
3471099,2323,1510.9213884277806,1103,18,2,False,0,pistol,4,1,,,,,,,909.5466777183623,6487.752347230911
3473199,2324,792.6133070953086,2100,34,4,False,0,pistol,4,1,,,,,,,540.6807317524425,6491.636808872223
3474849,2325,1598.8776656101873,1650,28,3,True,5,machinegun,4,5,,,,,,,487.2664202430051,6495.023423910141
3475250,2326,36.308862614979944,401,5,1,False,0,pistol,4,1,,,,,,,905.0226988028567,6495.466901063919
3476216,2327,500.23999999999995,966,16,2,True,38,machinegun,4,1,,,,,,,377.4424302846186,6498.026608705521
3477131,2328,228.42192561904778,915,14,2,False,0,pistol,4,1,,,,,,,909.035133139073,6499.0335075855255
3479033,2329,762.8055316163187,1902,30,3,False,0,pistol,4,2,,,,,,,521.2195323822465,6502.683011293411
3480210,2330,307.51248068517395,1177,18,2,False,0,pistol,4,1,,,,,,,406.1593753398925,6505.581301212311
3480535,2331,17.03471631339678,325,4,1,False,0,pistol,4,1,,,,,,,883.0708595105355,6505.949741601944
3481890,2332,453.10491707071407,1355,21,3,False,0,pistol,4,1,,,,,,,452.42748941389704,6508.94509100914
3483224,2333,429.13499999999885,1334,21,3,False,0,pistol,4,1,,,,,,,869.2779700115341,6510.480098724365
3486037,2334,1729.7100468548288,2813,49,4,False,0,pistol,4,2,,,,,,,449.4240641519755,6516.739576339722
3488065,2335,1551.20704438721,2028,36,4,False,0,pistol,4,2,,,,,,,545.0532383128847,6520.460620880127
3489584,2336,1126.8709273837428,1519,26,3,True,11,machinegun,4,6,,,,,,,906.6096695483692,6522.136425018311
3489879,2337,8.564916446430857,295,3,1,False,0,pistol,4,2,,,,,,,164.40577618076827,6523.931257009506
3490729,2338,258.6275731332642,850,14,2,False,0,pistol,4,3,,,,,,,867.9937331932595,6524.911010503769
3492177,2339,434.30374904685397,1448,23,3,False,0,pistol,4,1,,,,,,,466.1933610024119,6528.017372131348
3493652,2340,477.9219460063275,1475,22,3,False,0,pistol,4,2,,,,,,,897.7672340560149,6529.660627126694
3494658,2341,327.3204237969246,1006,16,2,False,0,pistol,4,1,,,,,,,391.1164100345644,6532.2330231666565
3496575,2342,1477.0823532441075,1917,32,4,True,16,machinegun,4,7,,,,,,,522.7642934326786,6535.900451421738
3497797,2343,328.05097523305005,1222,19,2,False,0,pistol,4,1,,,,,,,909.2403160017718,6537.244884729385
3499903,2344,1887.648007731062,2106,38,4,False,0,pistol,4,3,,,,,,,552.0923788637448,6541.059814929962
3501395,2345,801.5519147789046,1492,24,3,True,33,machinegun,4,4,,,,,,,480.911669169373,6544.162621974945
3502457,2346,320.0050554795481,1062,17,1,False,0,pistol,4,2,,,,,,,389.89418961615166,6546.886848449707
3504481,2347,711.3534749770162,2024,35,4,False,0,pistol,4,4,,,,,,,544.4228357078149,6550.604846954346
3505612,2348,871.0499999999995,1131,17,2,True,9,machinegun,4,1,,,,,,,885.2515834663735,6551.882833957672
3506926,2349,867.5749999999988,1314,20,3,True,23,machinegun,4,2,,,,,,,445.1152073293542,6554.835160017014
3508835,2350,564.7299999999934,1909,29,3,False,0,pistol,4,1,,,,,,,521.8205936009882,6558.493829250336
3509805,2351,410.34174363652613,970,14,2,False,0,pistol,4,1,,,,,,,889.990672376409,6559.584082365036
3510921,2352,321.68368068261793,1116,17,2,False,0,pistol,4,3,,,,,,,406.06162158907875,6562.33274102211
3512152,2353,499.4374858421665,1231,20,3,False,0,pistol,4,5,,,,,,,908.0414620218424,6563.688749790192
3514273,2354,1383.307662519659,2121,33,4,True,8,machinegun,4,1,,,,,,,531.8110833306233,6567.677419424057
3516695,2355,1925.011098428363,2422,40,5,True,30,machinegun,4,2,,,,,,,411.78902722514283,6573.559463262558
3517504,2356,159.37290759841846,809,12,2,False,0,pistol,4,3,,,,,,,908.018350941417,6574.450896501541
3519931,2357,1682.6132471903904,2427,40,5,False,0,pistol,4,7,,,,,,,568.4939692450935,6578.720468759537
3521645,2358,624.4923720845227,1714,26,3,False,0,pistol,4,1,,,,,,,494.7623223331354,6582.185147047043
3523085,2359,483.47508035460794,1440,23,3,False,0,pistol,4,2,,,,,,,459.9576520172865,6585.316316127777
3524676,2360,1196.6275694286978,1591,25,3,False,0,pistol,4,1,,,,,,,475.91264612099616,6588.6597635746
3526102,2361,443.1774514347606,1426,22,3,False,0,pistol,4,1,,,,,,,897.3595831240372,6590.249253749847
3527666,2362,452.3913678081737,1564,23,3,False,0,pistol,4,2,,,,,,,474.9722383545705,6593.542524337769
3528679,2363,340.54071915695476,1013,16,2,False,0,pistol,4,1,,,,,,,890.8573187413353,6594.680120706558
3529954,2364,371.62500000000057,1275,19,2,False,0,pistol,4,1,,,,,,,428.60290557017163,6597.655327796936
3531426,2365,489.53146937567027,1472,23,3,False,0,pistol,4,1,,,,,,,471.57823932344655,6600.777101516724
3532281,2366,215.5800000000005,855,13,2,False,0,pistol,4,1,,,,,,,867.8916225113153,6601.762612104416
3533895,2367,2186.4650000000147,1614,26,3,False,0,pistol,4,5,,,,,,,485.8644109764655,6605.084867477417
3534883,2368,274.7450000000005,988,15,2,False,0,pistol,4,4,,,,,,,381.4053308193302,6607.675660133362
3536396,2369,509.8097510141919,1513,23,3,False,0,pistol,4,2,,,,,,,910.2624351726635,6609.338096141815
3538273,2370,653.5205894863476,1877,33,4,False,0,pistol,4,5,,,,,,,520.9855911347245,6612.94119310379
3539774,2371,604.9740188183778,1501,25,3,True,48,machinegun,4,3,,,,,,,460.98336699250444,6616.197606563568
3541281,2372,1184.225000000005,1507,23,3,False,0,pistol,4,1,,,,,,,463.9713067862971,6619.44598031044
3543052,2373,1330.0600000000138,1771,30,4,False,0,pistol,4,1,,,,,,,508.2620331679066,6622.9307651519775
3544748,2374,545.9236564842752,1696,28,2,False,0,pistol,4,1,,,,,,,873.8327618575443,6624.871992826462
3547617,2375,1982.3752115044515,2869,53,6,False,0,pistol,4,1,,,,,,,461.34270097221406,6631.091136455536
3549805,2376,1851.7058784082012,2188,37,4,True,76,machinegun,4,1,,,,,,,528.5858097019303,6635.230829715729
3551804,2377,1168.9519946480466,1999,34,3,True,20,machinegun,4,5,,,,,,,519.7371796946026,6639.077376842499
3553324,2378,1214.102800216369,1520,23,3,False,0,pistol,4,2,,,,,,,464.7933774397974,6642.34804391861
3554664,2379,424.76182000073874,1340,21,3,False,0,pistol,4,2,,,,,,,890.8295347431717,6643.852556943893
3556820,2380,954.2239680137302,2156,38,3,True,50,machinegun,4,3,,,,,,,545.7065387003705,6647.803814649582
3557923,2381,381.63345785080145,1103,18,2,True,50,machinegun,4,1,,,,,,,403.03758612203114,6650.540878772736
3559922,2382,1757.6518412740836,1999,35,4,True,49,machinegun,4,2,,,,,,,526.0666658719168,6654.341109275818
3561991,2383,1776.892489706065,2069,36,4,False,0,pistol,4,2,,,,,,,550.665237486189,6658.098783016205
3562578,2384,151.57050048523453,587,8,1,False,0,pistol,4,1,,,,,,,897.9639619070683,6658.752856969833
3563732,2385,363.70564043555123,1154,19,2,False,0,pistol,4,4,,,,,,,415.43074510363994,6661.531061410904
3565802,2386,1558.6666775333465,2070,34,4,False,0,pistol,4,2,,,,,,,536.6148466537352,6665.388878107071
3566736,2387,295.01136084852504,934,15,2,False,0,pistol,4,1,,,,,,,919.8989752026371,6666.404625177383
3568662,2388,735.5187409832347,1926,32,4,False,0,pistol,4,2,,,,,,,520.5832366907056,6670.104752063751
3571482,2389,2913.9661199734874,2820,54,6,True,18,machinegun,4,18,,,,,,,614.6314062724746,6674.69317483902
3572935,2390,1310.7711547335682,1453,24,3,False,0,pistol,4,1,,,,,,,463.29788631377164,6677.829767942429
3575606,2391,2200.77552241641,2671,51,6,True,141,machinegun,4,6,,,,,,,600.4130589762534,6682.278738975525
3578282,2392,2326.219832914926,2676,49,5,True,43,machinegun,4,4,,,,,,,444.0645841050785,6688.305279016495
3579975,2393,1608.8812962229663,1693,29,3,True,50,machinegun,4,1,,,,,,,500.2478480088274,6691.689980268478
3581602,2394,1431.9365362390356,1627,28,3,False,0,pistol,4,3,,,,,,,848.3360936871048,6693.608168125153
3583406,2395,1471.9336438972773,1804,28,3,False,0,pistol,4,1,,,,,,,519.5316146309353,6697.080902814865
3584588,2396,317.876064382157,1182,18,2,False,0,pistol,4,5,,,,,,,420.6355457493063,6699.891379356384
3584989,2397,46.41871789325269,401,5,1,False,0,pistol,4,1,,,,,,,901.2676271737738,6700.336706161499
3587048,2398,2151.081717479947,2059,35,4,False,0,pistol,4,1,,,,,,,541.0433966316257,6704.142632007599
3588965,2399,2760.407411114158,1917,34,4,False,0,pistol,4,3,,,,,,,525.3337347583923,6707.792147636414
3590467,2400,1492.328669251181,1502,24,2,False,0,pistol,4,1,,,,,,,469.3542560231184,6710.992681264877
3592975,2401,2874.2049999999435,2508,42,5,True,43,machinegun,4,3,,,,,,,583.1308234493516,6715.293926954269
3593552,2402,106.27955836994825,577,8,1,False,0,pistol,4,2,,,,,,,874.2776828681033,6715.9543306827545
3594771,2403,454.4449999999987,1219,19,2,False,0,pistol,4,2,,,,,,,415.7611289764118,6718.886766910553
3596314,2404,544.2005617020142,1543,25,3,False,0,pistol,4,1,,,,,,,477.3476773908795,6722.1195323467255
3597944,2405,1447.252951751524,1630,27,3,False,0,pistol,4,2,,,,,,,880.8065364568201,6723.970411062241
3599002,2406,451.0004664776599,1058,17,2,False,0,pistol,4,7,,,,,,,397.85774815444137,6726.6299386024475
3599451,2407,99.67500000000098,449,6,1,False,0,pistol,4,2,,,,,,,884.3390691357978,6727.138048648834
3600907,2408,1566.9268621561907,1456,22,3,True,44,machinegun,4,1,,,,,,,458.8956806788664,6730.311245441437
3601153,2409,-16.080000000000002,246,2,1,False,0,pistol,4,2,,,,,,,848.0117429793207,6730.601657867432
3601964,2410,258.1031023549247,811,13,1,False,0,pistol,4,1,,,,,,,905.2968643377636,6731.4978675842285
3603694,2411,1484.5189750420764,1730,28,2,False,0,pistol,4,1,,,,,,,488.90370064225266,6735.036795139313
3604359,2412,235.62178517426455,665,10,2,False,0,pistol,4,1,,,,,,,904.7388491066181,6735.772192001343
3606475,2413,1840.715560033517,2116,37,4,False,0,pistol,4,4,,,,,,,540.9181989837733,6739.684455394745
3608547,2414,1731.108526076616,2072,38,4,False,0,pistol,4,1,,,,,,,544.9296771172055,6743.48717880249
3611803,2415,3033.913580534386,3256,60,6,True,48,machinegun,4,7,,,,,,,487.01997784692986,6750.173008441925
3613593,2416,619.0913785032299,1790,29,2,False,0,pistol,4,1,,,,,,,497.4327454445421,6753.771862745285
3614853,2417,458.05613934336543,1260,20,3,True,49,machinegun,4,2,,,,,,,428.86937240230156,6756.7101418972015
3616608,2418,1388.2157057408683,1755,29,3,False,0,pistol,4,4,,,,,,,893.5673885569288,6758.674493074417
3618114,2419,519.534606770659,1506,25,3,True,47,machinegun,4,3,,,,,,,474.40032486764323,6761.849344968796
3620240,2420,769.9795206070681,2126,35,4,False,0,pistol,4,1,,,,,,,547.2012479277655,6765.734909057617
3621557,2421,929.1919020382421,1317,21,3,True,21,machinegun,4,2,,,,,,,438.39958730633657,6768.739362478256
3622170,2422,109.98881525430784,613,8,1,False,0,pistol,4,1,,,,,,,884.5488292693163,6769.432655572891
3623345,2423,347.18999999999886,1175,18,2,False,0,pistol,4,1,,,,,,,423.1217864860338,6772.20999455452
3624808,2424,482.94360918043765,1463,24,3,False,0,pistol,4,1,,,,,,,877.731025470258,6773.877154827118
3626276,2425,1213.1054366897256,1468,23,3,False,0,pistol,4,1,,,,,,,472.5219780599276,6776.984316110611
3628218,2426,2459.375202022787,1942,35,3,True,18,machinegun,4,4,,,,,,,532.9682190087111,6780.628570556641
3628717,2427,83.85620484876883,499,7,1,False,0,pistol,4,2,,,,,,,902.3325729673287,6781.1819858551025
3630495,2428,2037.7872215896386,1778,30,4,True,35,machinegun,4,4,,,,,,,509.1531157930081,6784.674430608749
3630859,2429,55.8450000000003,364,4,1,False,0,pistol,4,1,,,,,,,907.2920571286286,6785.0760409832
3631286,2430,110.56107883557303,427,6,1,False,0,pistol,4,2,,,,,,,214.70047462724642,6787.06525683403
3632222,2431,271.9780423025966,936,14,2,False,0,pistol,4,1,,,,,,,902.3400359109343,6788.102923631668
3633061,2432,210.34833282915716,839,13,2,False,0,pistol,4,3,,,,,,,894.1570037814053,6789.041578769684
3633376,2433,19.545994563316206,315,4,1,False,0,pistol,4,3,,,,,,,164.09886677632213,6790.961522579193
3635362,2434,1469.0818226866359,1986,34,4,False,0,pistol,4,1,,,,,,,534.0350129099736,6794.680765390396
3637237,2435,3061.785953421687,1875,32,4,True,36,machinegun,4,1,,,,,,,908.9504280411355,6796.743915557861
3639320,2436,1711.0208058051355,2083,38,4,True,2,machinegun,4,7,,,,,,,386.79183535919316,6802.129618883133
3639667,2437,87.91143010651808,347,5,1,True,50,machinegun,4,1,,,,,,,878.842830125333,6802.524726390839
3641607,2438,1653.0518499216705,1940,34,4,False,0,pistol,4,3,,,,,,,517.5535676338305,6806.273432970047
3642815,2439,325.1950000000002,1208,17,2,False,0,pistol,4,2,,,,,,,903.5157272518796,6807.610850095749
3643791,2440,267.06442288596173,976,14,2,False,0,pistol,4,1,,,,,,,368.3672953276417,6810.260658979416
3644845,2441,392.25890485220253,1054,16,2,False,0,pistol,4,2,,,,,,,902.0619657980137,6811.4294464588165
3645551,2442,154.9009622038531,706,10,2,False,0,pistol,4,1,,,,,,,288.0687042787831,6813.88056063652
3647442,2443,1679.8057624996688,1891,31,4,False,0,pistol,4,1,,,,,,,880.4378600000776,6816.028833627701
3649357,2444,1525.4300000000114,1915,32,4,False,0,pistol,4,1,,,,,,,519.2223622471753,6819.717341184616
3651095,2445,548.6849999999943,1738,27,3,True,48,machinegun,4,1,,,,,,,498.1396794609319,6823.206628322601
3653321,2446,800.4649999999929,2226,38,4,False,0,pistol,4,1,,,,,,,547.6211571511751,6827.271869897842
3653692,2447,31.815000000000424,371,5,1,False,0,pistol,4,1,,,,,,,196.9613176129164,6829.155876398087
3655268,2448,509.46962467782754,1576,26,3,False,0,pistol,4,1,,,,,,,871.2203334117537,6830.965162038803
3656055,2449,572.3005789402541,787,13,2,True,25,machinegun,4,1,,,,,,,325.10676523659765,6833.3862409591675
3656793,2450,171.25193270848058,738,10,2,False,0,pistol,4,5,,,,,,,924.0904925503065,6834.185282707214
3657858,2451,279.2949999999998,1065,14,2,False,0,pistol,4,1,,,,,,,388.2316321432051,6836.928869485855
3658752,2452,195.1750000000011,894,11,2,False,0,pistol,4,1,,,,,,,890.6360435006292,6837.933104515076
3660089,2453,1375.4678608957167,1337,22,3,False,0,pistol,4,1,,,,,,,440.0743641257804,6840.9716165065765
3662070,2454,2278.8958886470223,1981,34,4,False,0,pistol,4,2,,,,,,,521.095468236186,6844.773574113846
3662856,2455,193.88500000000118,786,11,2,False,0,pistol,4,1,,,,,,,877.8189874064859,6845.669362068176
3665001,2456,1629.4264693350538,2145,35,4,True,50,machinegun,4,1,,,,,,,558.424530606651,6849.510905742645
3666807,2457,647.9319283886216,1806,32,3,False,0,pistol,4,4,,,,,,,514.8106802932558,6853.019286632538
3668607,2458,601.0617930749269,1800,31,4,False,0,pistol,4,5,,,,,,,505.7729179076941,6856.578643798828
3669681,2459,246.79000000000184,1074,15,2,False,0,pistol,4,1,,,,,,,896.991173223693,6857.776329994202
3671108,2460,373.7150000000005,1427,22,3,False,0,pistol,4,2,,,,,,,450.3206278711809,6860.9455852508545
3671433,2461,95.70884432877872,325,5,1,False,0,pistol,4,2,,,,,,,900.2970722074353,6861.307009458542
3673636,2462,1867.3048711847039,2203,37,4,True,41,machinegun,4,3,,,,,,,543.1363794296594,6865.3633778095245
3676111,2463,2855.294456726717,2475,46,5,False,0,pistol,4,2,,,,,,,587.8460649930215,6869.574111938477
3678753,2464,1047.032018216369,2642,45,5,False,0,pistol,4,1,,,,,,,431.97190809756574,6875.690685510635
3680591,2465,667.6983161256281,1838,30,2,False,0,pistol,4,3,,,,,,,519.1546395973653,6879.231515169144
3682724,2466,1687.771057251641,2133,37,4,False,0,pistol,4,1,,,,,,,538.333960856559,6883.194157123566
3684551,2467,633.8492481770724,1827,30,3,False,0,pistol,4,1,,,,,,,510.61248683487554,6886.772633552551
3685015,2468,72.96893152805478,464,7,1,False,0,pistol,4,4,,,,,,,816.385564649079,6887.341404676437
3686340,2469,418.7340362148054,1325,21,3,False,0,pistol,4,5,,,,,,,825.4674197904728,6888.946926116943
3687813,2470,466.8763820971561,1473,22,1,False,0,pistol,4,3,,,,,,,447.14556265076084,6892.241411447525
3688069,2471,-24.605000000000068,256,2,1,False,0,pistol,4,1,,,,,,,894.9720516541377,6892.527862071991
3689415,2472,1192.7849999999942,1346,21,3,False,0,pistol,4,1,,,,,,,449.58431386414946,6895.522029399872
3689811,2473,142.68437739222117,396,6,1,False,0,pistol,4,2,,,,,,,824.370203751829,6896.00280046463
3690351,2474,157.83000000000112,540,8,1,False,0,pistol,4,5,,,,,,,760.3874110543552,6896.713268041611
3692486,2475,2237.1857412406252,2135,37,4,False,0,pistol,4,10,,,,,,,517.4335205873482,6900.8398241996765
3693803,2476,1374.9700000000023,1317,22,3,False,0,pistol,4,1,,,,,,,432.6405215090284,6903.884290456772
3695231,2477,698.6291684074458,1428,23,3,True,48,machinegun,4,2,,,,,,,445.6382016367466,6907.089043140411
3697227,2478,782.220439287318,1996,34,4,False,0,pistol,4,1,,,,,,,524.2932534394132,6910.896431446075
3699710,2479,1391.4850000000054,2483,42,5,True,23,machinegun,4,3,,,,,,,507.8552125096017,6915.785890817642
3701351,2480,564.189142053753,1641,28,3,False,0,pistol,4,2,,,,,,,430.3136645421025,6919.599664926529
3704000,2481,2089.500014172236,2649,49,5,False,0,pistol,4,1,,,,,,,518.9760867765885,6924.7042689323425
3706927,2482,2551.3799999999983,2927,51,6,False,0,pistol,4,3,,,,,,,419.39717205186236,6931.68362569809
3707752,2483,296.07226529477646,825,13,2,False,0,pistol,4,3,,,,,,,693.33131363041,6932.873781919479
3708793,2484,296.8949999999994,1041,17,2,False,0,pistol,4,1,,,,,,,788.8117906146967,6934.193846702576
3710658,2485,716.4300000000015,1865,32,4,False,0,pistol,4,3,,,,,,,440.864623378462,6938.424416065216
3711983,2486,349.7649999999995,1325,19,2,False,0,pistol,4,1,,,,,,,333.4129331600231,6942.398828029633
3715005,2487,3304.1148177034042,3022,55,6,False,0,pistol,4,1,,,,,,,476.21439694205355,6948.745074510574
3717845,2488,4202.336699339881,2840,48,2,True,18,machinegun,4,2,,,,,,,366.7787431692912,6956.488598585129
3718101,2489,-6.754999999999953,256,3,1,False,0,pistol,4,1,,,,,,,861.0344552727786,6956.786156654358
3718864,2490,283.06888431897636,763,12,1,False,0,pistol,4,1,,,,,,,855.9403435525392,6957.677840948105
3719271,2491,219.14999999999992,407,5,1,True,49,machinegun,4,2,,,,,,,187.9926907712342,6959.843068122864
3720282,2492,363.7598500528453,1011,17,2,False,0,pistol,4,1,,,,,,,907.1566879476882,6960.958096265793
3722870,2493,1828.237717031809,2588,49,5,False,0,pistol,4,5,,,,,,,583.7781642075599,6965.391689777374
3723313,2494,143.15171720706056,443,6,1,False,0,pistol,4,3,,,,,,,224.41290270217976,6967.366095781326
3726713,2495,2876.1017471191335,3400,62,6,False,0,pistol,4,1,,,,,,,630.2751643194895,6972.7608280181885
3728232,2496,648.6679961781326,1519,25,3,False,0,pistol,4,1,,,,,,,468.3127559820036,6976.004749536514
3731243,2497,2589.8300105010503,3011,54,6,False,0,pistol,4,4,,,,,,,620.5973811964102,6980.856935977936
3733559,2498,1198.5357029813133,2316,40,5,False,0,pistol,4,1,,,,,,,404.7049247349037,6986.579999923706
3734057,2499,134.86572613856694,498,7,1,True,50,machinegun,4,1,,,,,,,884.4426287816428,6987.1433365345
3735348,2500,381.3650000000009,1291,19,2,False,0,pistol,4,1,,,,,,,906.0505923546906,6988.568594694138
3736025,2501,144.13246315972026,677,10,2,False,0,pistol,4,1,,,,,,,290.12537657222896,6990.902423620224
3737924,2502,702.7499999999795,1899,29,3,False,0,pistol,4,2,,,,,,,496.32391119765174,6994.7289979457855
3740486,2503,2160.172738296627,2562,47,5,True,50,machinegun,4,4,,,,,,,597.3495706827168,6999.018265962601
3741342,2504,284.00146649584417,856,13,1,False,0,pistol,4,1,,,,,,,851.3166768546713,7000.02419257164
3742348,2505,316.79256888442046,1006,16,2,False,0,pistol,4,1,,,,,,,381.93196991228945,7002.658471107483
3744618,2506,1615.3284190792745,2270,39,4,False,0,pistol,4,4,,,,,,,557.3175993877688,7006.7320029735565
3745254,2507,216.35342574970903,636,10,2,False,0,pistol,4,2,,,,,,,907.69984265858,7007.432999134064
3746347,2508,394.88709736233767,1093,18,2,False,0,pistol,4,2,,,,,,,388.62284815759574,7010.245885133743
3749011,2509,2099.565899644598,2664,50,6,False,0,pistol,4,2,,,,,,,593.5523446607318,7014.734426498413
3749297,2510,3.794990394618658,286,3,1,False,0,pistol,4,1,,,,,,,858.6192501143446,7015.067975759506
3751389,2511,848.256641062872,2092,37,4,False,0,pistol,4,1,,,,,,,543.579316851287,7018.916849374771
3754005,2512,1066.9653998633503,2616,47,5,False,0,pistol,4,1,,,,,,,427.1304384655427,7025.041798353195
3755207,2513,348.7063399611781,1202,20,2,False,0,pistol,4,2,,,,,,,920.3465366018935,7026.3481233119965
3757659,2514,1579.9695520703867,2452,41,5,False,0,pistol,4,1,,,,,,,578.9687926228388,7030.583608627319
3759489,2515,773.5908432363207,1830,31,4,False,0,pistol,4,6,,,,,,,526.316655913699,7034.06093621254
3763544,2516,5012.22629054863,4055,82,9,False,0,pistol,4,1,,,,,,,531.4360939598637,7041.691596031189
3765084,2517,493.20310560574416,1540,25,3,False,0,pistol,4,1,,,,,,,454.55367382721164,7045.079881668091
3765731,2518,226.73099706018837,647,8,1,False,0,pistol,4,1,,,,,,,899.045727940833,7045.799903154373
3767114,2519,478.59086300992806,1383,20,3,False,0,pistol,4,4,,,,,,,453.6925885014672,7048.848634719849
3767910,2520,319.8968476821723,796,12,2,True,46,machinegun,4,3,,,,,,,865.403912151808,7049.768870353699
3768734,2521,202.94500000000147,824,12,2,False,0,pistol,4,1,,,,,,,335.94951425393947,7052.221905708313
3769326,2522,125.25000000000121,592,9,1,False,0,pistol,4,3,,,,,,,850.4245629164952,7052.918431997299
3771046,2523,3253.0449999999573,1720,30,3,False,0,pistol,4,1,,,,,,,494.9609181232521,7056.39380979538
3771746,2524,652.269107662876,700,10,2,True,28,machinegun,4,1,,,,,,,893.1753004034177,7057.177910089493
3772498,2525,161.06065343702718,752,11,2,False,0,pistol,4,1,,,,,,,321.16644971252896,7059.519770383835
3773286,2526,478.2737312917334,788,11,2,True,38,machinegun,4,2,,,,,,,864.9405126817459,7060.431118488312
3773631,2527,16.71540136130656,345,4,1,False,0,pistol,4,3,,,,,,,859.3563237777034,7060.832901239395
3774219,2528,209.92364558100445,588,9,1,False,0,pistol,4,3,,,,,,,903.6225689216951,7061.483901023865
3774852,2529,105.74000000000068,633,8,1,False,0,pistol,4,1,,,,,,,283.2971624875357,7063.7186806201935
3775418,2530,101.277488603744,566,6,1,False,0,pistol,4,1,,,,,,,911.5965403525695,7064.340030670166
3776272,2531,209.3400000000018,854,13,2,False,0,pistol,4,3,,,,,,,854.3481104184879,7065.340019226074
3776700,2532,27.056059165352018,428,5,1,False,0,pistol,4,1,,,,,,,210.9392637909213,7067.369425058365
3777119,2533,34.83563445977565,419,5,1,False,0,pistol,4,1,,,,,,,879.213994474812,7067.846384763718
3779382,2534,5193.025148268455,2263,41,5,False,0,pistol,4,2,,,,,,,555.776138100889,7071.9185490608215
3780497,2535,278.772115759504,1115,17,2,False,0,pistol,4,2,,,,,,,898.0145916722432,7073.160519361496
3781023,2536,51.5300000000005,526,6,1,False,0,pistol,4,2,,,,,,,244.3739541822354,7075.31326675415
3782986,2537,2858.8878540023425,1963,33,4,False,0,pistol,4,6,,,,,,,531.3663657357182,7079.007960319519
3783458,2538,48.58000000000048,472,5,1,False,0,pistol,4,1,,,,,,,876.4986162143113,7079.546806573868
3784034,2539,85.801450915175,576,7,1,False,0,pistol,4,1,,,,,,,863.9445912611367,7080.213737249374
3785047,2540,234.53102786189737,1013,12,2,False,0,pistol,4,1,,,,,,,372.3820426318692,7082.934439897537
3785990,2541,209.0307177080686,943,14,2,False,0,pistol,4,1,,,,,,,918.7563596680218,7083.961270809174
3786633,2542,191.3096312202424,643,8,1,False,0,pistol,4,3,,,,,,,902.8082681345815,7084.673764705658
3787097,2543,112.94520449103261,464,6,1,False,0,pistol,4,2,,,,,,,221.3216608656868,7086.770574092865
3787826,2544,396.75741263689656,729,11,2,True,43,machinegun,4,2,,,,,,,905.7643574123199,7087.575682401657
3788562,2545,224.3199999999992,736,10,1,False,0,pistol,4,1,,,,,,,894.1063691378542,7088.399180650711
3789284,2546,208.6414293056772,722,11,2,True,50,machinegun,4,1,,,,,,,305.3025851169441,7090.7644073963165
3791401,2547,2148.2308120924786,2117,34,3,False,0,pistol,4,1,,,,,,,543.0090182262139,7094.66340970993
3792840,2548,1643.945000000025,1439,24,3,True,47,machinegun,4,1,,,,,,,882.5353203282908,7096.294364690781
3794577,2549,597.1878141100832,1737,26,3,False,0,pistol,4,1,,,,,,,496.0575220621323,7099.796405076981
3795568,2550,310.7117578415807,991,15,2,False,0,pistol,4,2,,,,,,,370.97536476081666,7102.468202590942
3796144,2551,178.3299053387298,576,9,1,False,0,pistol,4,6,,,,,,,893.213459284592,7103.1134967803955
3796555,2552,76.0900000000002,411,6,1,False,0,pistol,4,2,,,,,,,898.8609727889808,7103.570978879929
3798030,2553,1293.8750000000084,1475,24,3,False,0,pistol,4,2,,,,,,,446.646687189057,7106.873658895493
3799834,2554,1260.929506225217,1804,27,3,False,0,pistol,4,1,,,,,,,509.78230556818056,7110.412732362747
3801696,2555,1402.9669657944455,1862,30,4,False,0,pistol,4,1,,,,,,,494.34451467570966,7114.179693222046
3802953,2556,537.7335741255403,1257,18,2,True,42,machinegun,4,1,,,,,,,900.3611233167028,7115.576198101044
3803235,2557,38.95606757849328,282,4,1,False,0,pistol,4,2,,,,,,,154.92545554782905,7117.396768331528
3805217,2558,1510.794550340238,1982,33,4,False,0,pistol,4,1,,,,,,,522.0708451959005,7121.193572282791
3806041,2559,195.01699003520628,824,10,2,False,0,pistol,4,1,,,,,,,904.4184020445088,7122.104965925217
3806812,2560,361.44732030900366,771,11,1,True,44,machinegun,4,2,,,,,,,890.0207144366941,7122.9716029167175
3807874,2561,335.3646178554389,1062,16,2,False,0,pistol,4,3,,,,,,,393.75532800753575,7125.669028043747
3808281,2562,45.96500000000029,407,6,1,False,0,pistol,4,2,,,,,,,852.7196949337788,7126.146752357483
3809527,2563,380.5340307448044,1246,19,2,False,0,pistol,4,5,,,,,,,431.43185785053913,7129.035085678101
3809976,2564,97.41214164579776,449,6,1,False,0,pistol,4,1,,,,,,,909.1956928115683,7129.529269456863
3811560,2565,684.1672998111997,1584,26,3,False,0,pistol,4,3,,,,,,,472.8190428054338,7132.879644155502
3812160,2566,149.71846018546523,600,9,1,False,0,pistol,4,3,,,,,,,908.1800652973259,7133.540640830994
3814889,2567,3577.0209972855528,2729,52,6,True,74,machinegun,4,3,,,,,,,598.5471628002513,7138.100309371948
3815304,2568,57.75097141424235,415,6,1,False,0,pistol,4,1,,,,,,,895.7174930928885,7138.564049720764
3816589,2569,425.95910586648534,1285,20,3,True,47,machinegun,4,1,,,,,,,423.57806986748767,7141.59798002243
3817764,2570,285.09143465389934,1175,17,1,False,0,pistol,4,1,,,,,,,420.87279374735425,7144.390153646469
3820024,2571,800.6022923123392,2260,38,4,False,0,pistol,4,1,,,,,,,557.8871878825161,7148.441437005997
3821434,2572,475.68353375128095,1410,24,3,False,0,pistol,4,6,,,,,,,903.2044440215689,7150.003024816513
3822976,2573,474.52732310665886,1542,23,3,False,0,pistol,4,1,,,,,,,471.05253399109796,7153.276854753494
3824916,2574,2287.101823739428,1940,32,4,True,88,machinegun,4,5,,,,,,,523.1813299046752,7156.985287904739
3826955,2575,1491.115000000035,2039,33,4,False,0,pistol,4,1,,,,,,,542.2803239204849,7160.745744943619
3828366,2576,2141.978914994421,1411,23,3,False,0,pistol,4,1,,,,,,,445.81708413221133,7163.911091566086
3829778,2577,457.3477998446027,1412,22,3,False,0,pistol,4,1,,,,,,,436.60634519869626,7167.14547252655
3830714,2578,287.44906378174096,936,15,2,True,50,machinegun,4,2,,,,,,,901.1534149142441,7168.184406042099
3831662,2579,234.86846998534367,948,14,2,False,0,pistol,4,2,,,,,,,909.6075414930356,7169.226954936981
3832920,2580,435.8242636253207,1258,17,1,False,0,pistol,4,1,,,,,,,429.8051725514282,7172.154230356216
3835157,2581,703.2597005029511,2237,35,4,False,0,pistol,4,1,,,,,,,541.4634905960355,7176.286004066467
3837487,2582,830.2485900312853,2330,38,4,False,0,pistol,4,1,,,,,,,569.11552632595,7180.38031744957
3839038,2583,473.4834029681061,1551,25,3,False,0,pistol,4,3,,,,,,,474.2471306197861,7183.651160240173
3840613,2584,542.6264126232617,1575,25,3,False,0,pistol,4,3,,,,,,,471.29052065960695,7186.993356704712
3842006,2585,502.3908359716681,1393,23,3,False,0,pistol,4,1,,,,,,,901.9746815119955,7188.538147687912
3843978,2586,1256.891617229301,1972,30,4,False,0,pistol,4,1,,,,,,,526.1545546275536,7192.28644323349
3846257,2587,1056.7409939740485,2279,41,5,True,36,machinegun,4,9,,,,,,,408.12281916042093,7197.87099814415
3847177,2588,278.2210038172726,920,14,2,False,0,pistol,4,4,,,,,,,914.901224109279,7198.8770117759705
3848659,2589,448.64013414233045,1482,23,3,False,0,pistol,4,1,,,,,,,466.22483977914476,7202.05609536171
3851110,2590,2496.5447135077616,2451,46,5,False,0,pistol,4,5,,,,,,,570.1773301213351,7206.355183839798
3854065,2591,2053.8350658281474,2955,55,6,False,0,pistol,4,2,,,,,,,606.9806389812031,7211.223861217499
3855243,2592,464.608538954121,1178,19,2,False,0,pistol,4,1,,,,,,,415.68923219792936,7214.058083772659
3856734,2593,483.3182673548646,1491,25,3,False,0,pistol,4,1,,,,,,,469.0704135851071,7217.237062931061
3858793,2594,698.0388927123191,2059,31,4,False,0,pistol,4,1,,,,,,,551.466824144595,7220.971149921417
3860793,2595,1476.2100000000214,2000,33,4,True,1,machinegun,4,1,,,,,,,519.9605954468564,7224.817976474762
3862261,2596,609.8723870411308,1468,25,3,False,0,pistol,4,1,,,,,,,903.9222677485322,7226.442314863205
3864062,2597,540.8699999999905,1801,28,3,False,0,pistol,4,1,,,,,,,508.0944979679426,7229.987232208252
3866646,2598,1096.936994939276,2584,45,5,False,0,pistol,4,2,,,,,,,428.3025785178274,7236.020822286606
3867802,2599,388.68071653052857,1156,18,2,False,0,pistol,4,2,,,,,,,886.8473749777996,7237.324620246887
3869392,2600,719.2697768322756,1590,26,3,True,43,machinegun,4,2,,,,,,,494.00341575633166,7240.543543815613
3871128,2601,759.4496190234257,1736,28,3,False,0,pistol,4,3,,,,,,,495.22663344167637,7244.04941368103
3873642,2602,1535.2600000000164,2514,42,5,False,0,pistol,4,2,,,,,,,582.6870827738267,7248.364273309708
3875193,2603,602.5308791597155,1551,26,2,False,0,pistol,4,2,,,,,,,475.10266015519244,7251.6292333602905
3876373,2604,323.87999999999937,1180,17,2,False,0,pistol,4,2,,,,,,,864.9624341877378,7252.993820667267
3878475,2605,1475.6112617482402,2102,34,4,False,0,pistol,4,1,,,,,,,545.0470786959539,7256.850696325302
3880374,2606,1037.1413460468127,1899,34,3,True,26,machinegun,4,1,,,,,,,518.558866613489,7260.513176202774
3882245,2607,677.0923959618416,1871,29,3,False,0,pistol,4,2,,,,,,,512.5308477883443,7264.164062023163
3882901,2608,155.19893619671214,656,10,2,False,0,pistol,4,1,,,,,,,876.6123235202848,7264.912779569626
3884688,2609,690.4717237553849,1787,29,3,False,0,pistol,4,3,,,,,,,517.7310392389171,7268.3646121025085
3885373,2610,170.7515626096318,685,10,2,False,0,pistol,4,1,,,,,,,297.3331320133629,7270.668820858002
3886913,2611,485.73849311536753,1540,25,3,False,0,pistol,4,2,,,,,,,918.4798848776826,7272.345878124237
3888572,2612,898.1616181498001,1659,27,3,True,30,machinegun,4,5,,,,,,,490.26583400355736,7275.730093955994
3890572,2613,1068.7840401002259,2000,34,4,True,37,machinegun,4,4,,,,,,,536.499808644363,7279.4583859443665
3893080,2614,1142.1483762085406,2508,44,5,False,0,pistol,4,2,,,,,,,586.2883755905555,7283.7365436553955
3894510,2615,533.759276496325,1430,22,3,False,0,pistol,4,1,,,,,,,446.17974962892464,7286.94192647934
3895899,2616,1238.1894265266803,1389,23,3,False,0,pistol,4,2,,,,,,,455.9545952550542,7289.988627672195
3896932,2617,268.3850219563525,1033,14,2,False,0,pistol,4,1,,,,,,,911.4494072455826,7291.122295856476
3897936,2618,388.85020514611887,1004,15,1,False,0,pistol,4,1,,,,,,,367.40888775582675,7293.855281114578
3898831,2619,164.09549953911323,895,12,2,False,0,pistol,4,2,,,,,,,890.8049821834356,7294.860343694687
3901021,2620,783.5116353057919,2190,37,4,False,0,pistol,4,4,,,,,,,541.8054484164084,7298.902718544006
3903607,2621,3204.987783898663,2586,44,5,False,0,pistol,4,1,,,,,,,435.2769729600617,7304.844092607498
3904206,2622,157.3656153444377,599,9,1,False,0,pistol,4,2,,,,,,,897.8917085433421,7305.511567115784
3905291,2623,251.5900000000007,1085,15,1,False,0,pistol,4,2,,,,,,,904.3477459069738,7306.711658716202
3908121,2624,2376.0251094552664,2830,48,5,False,0,pistol,4,2,,,,,,,461.65921684305374,7312.842091560364
3909654,2625,686.5667619730285,1533,24,3,False,0,pistol,4,1,,,,,,,473.8193610248975,7316.077842235565
3912103,2626,1167.1905170805198,2449,45,5,False,0,pistol,4,4,,,,,,,573.6421605871831,7320.347356796265
3914428,2627,2769.666179610399,2325,43,5,True,113,machinegun,4,4,,,,,,,563.5767534742148,7324.473151445389
3916226,2628,752.9191543360434,1798,30,4,False,0,pistol,4,9,,,,,,,507.702293653673,7328.015016794205
3917253,2629,251.30679216711874,1027,15,2,False,0,pistol,4,1,,,,,,,892.8581113167073,7329.165598630905
3918953,2630,786.5172015862612,1700,30,4,False,0,pistol,4,2,,,,,,,495.0501557950128,7332.599867343903
3920843,2631,639.2720617949923,1890,31,4,False,0,pistol,4,2,,,,,,,509.471641418671,7336.309915065765
3922744,2632,1431.8600000000101,1901,30,4,False,0,pistol,4,1,,,,,,,519.09365020462,7339.972413778305
3923951,2633,362.6658917430337,1207,18,2,False,0,pistol,4,1,,,,,,,923.0671621271739,7341.28044629097
3925631,2634,1310.3600000000006,1680,28,3,False,0,pistol,4,1,,,,,,,479.2584911000146,7344.786245584488
3926262,2635,152.44026484130575,631,9,1,False,0,pistol,4,2,,,,,,,281.71345868025423,7347.026347160339
3927794,2636,504.75999999999743,1532,24,3,False,0,pistol,4,1,,,,,,,892.1320300269181,7348.744004487991
3929759,2637,601.8645937668638,1965,32,4,False,0,pistol,4,1,,,,,,,529.1779136188359,7352.457647800446
3930490,2638,315.8666375920877,731,11,2,False,0,pistol,4,1,,,,,,,299.2150454399424,7354.901122093201
3931910,2639,722.061520829411,1420,24,2,True,44,machinegun,4,6,,,,,,,904.9360435019964,7356.470721483231
3933242,2640,442.1581467290095,1332,22,3,False,0,pistol,4,1,,,,,,,442.9831699611356,7359.477871656418
3933580,2641,27.313726737941828,338,4,1,False,0,pistol,4,2,,,,,,,832.4778133107217,7359.884201288223
3936697,2642,3181.2630451590207,3117,58,6,False,0,pistol,4,3,,,,,,,478.1419518836594,7366.403538227081
3937649,2643,252.3716768305146,952,13,2,False,0,pistol,4,2,,,,,,,913.5692705864265,7367.445994138718
3939513,2644,1459.5770171895006,1864,31,4,False,0,pistol,4,1,,,,,,,515.1423916373087,7371.064848661423
3941278,2645,1493.1829598972602,1765,29,2,True,33,machinegun,4,1,,,,,,,508.7030952844951,7374.534886598587
3942641,2646,988.759999999991,1363,23,3,False,0,pistol,4,3,,,,,,,444.99637205096815,7377.598075389862
3945063,2647,2096.1348593672506,2422,44,5,False,0,pistol,4,1,,,,,,,577.5814551776148,7381.791819095612
3946810,2648,1388.6682410485225,1747,29,3,False,0,pistol,4,1,,,,,,,499.7138832904405,7385.288188695908
3948148,2649,455.59319194106746,1338,20,3,False,0,pistol,4,2,,,,,,,899.7389676145652,7386.775542497635
3950472,2650,870.2500614664425,2324,40,4,False,0,pistol,4,1,,,,,,,560.3318140999103,7390.92334151268
3952001,2651,1038.1220294294822,1529,25,3,True,19,pistol,4,2,,,,,,,461.96948033527576,7394.23353266716
3954953,2652,2171.2000477191755,2952,50,6,True,1,pistol,4,3,,,,,,,461.20212653259296,7400.634619474411
3955397,2653,72.90500000000057,444,6,1,False,0,pistol,4,2,,,,,,,898.4420791806938,7401.129157543182
3956793,2654,432.31065655208454,1396,22,3,False,0,pistol,4,3,,,,,,,456.8519766416929,7404.18527007103
3958700,2655,1952.529531796691,1907,31,4,True,23,pistol,4,1,,,,,,,861.3916806013268,7406.3994171619415
3960277,2656,1026.2899999999904,1577,26,3,True,10,pistol,4,4,,,,,,,496.3315807996182,7409.577082157135
3960702,2657,51.34532709770509,425,6,1,False,0,pistol,4,2,,,,,,,848.622555171107,7410.078206062317
3963306,2658,2346.197355694292,2604,46,5,True,17,machinegun,4,2,,,,,,,429.33040634108977,7416.1437067985535
3965610,2659,1642.0236725044215,2304,40,5,False,0,pistol,4,1,,,,,,,567.7414762783159,7420.202187299728
3967933,2660,720.707593371206,2323,38,4,False,0,pistol,4,1,,,,,,,574.048091075006,7424.249209880829
3969378,2661,401.7600000000009,1445,22,2,False,0,pistol,4,3,,,,,,,456.25617806125973,7427.416620969772
3971182,2662,563.9284777883361,1804,28,3,False,0,pistol,4,1,,,,,,,514.6565899092944,7430.922242164612
3971970,2663,316.0370206450066,788,12,1,False,0,pistol,4,5,,,,,,,864.4534489874598,7431.834177732468
3973136,2664,421.8909121313449,1166,18,2,False,0,pistol,4,4,,,,,,,424.17571115909215,7434.58339881897
3975002,2665,886.8115060618113,1866,32,4,True,33,machinegun,4,3,,,,,,,887.4993807461844,7436.68622469902
3976781,2666,902.9424395756707,1779,31,4,False,0,pistol,4,3,,,,,,,509.0933589415134,7440.181054115295
3978716,2667,719.708511767968,1935,32,4,False,0,pistol,4,1,,,,,,,521.2849876393595,7443.893357753754
3980409,2668,612.1095053234117,1693,29,3,False,0,pistol,4,3,,,,,,,486.0843005792249,7447.376671791077
3982792,2669,1826.9574943102537,2383,43,5,False,0,pistol,4,2,,,,,,,560.4446465790454,7451.629007101059
3984515,2670,566.5575415383073,1723,27,3,False,0,pistol,4,1,,,,,,,507.55292974597654,7455.024067878723
3986662,2671,2229.7817803740613,2147,36,4,False,0,pistol,4,1,,,,,,,553.4074589062037,7458.9039804935455
3988369,2672,638.96029864181,1707,29,3,False,0,pistol,4,4,,,,,,,506.97834269232095,7462.271285772324
3990654,2673,2206.088771665518,2285,42,5,True,110,pistol,4,1,,,,,,,541.3480752260389,7466.492535829544
3993167,2674,1897.9263481519436,2513,47,5,True,36,machinegun,4,2,,,,,,,580.0830185248394,7470.825064897537
3993898,2675,212.14591190182873,731,11,2,False,0,pistol,4,1,,,,,,,304.3669212061325,7473.22710442543
3994912,2676,349.8500000000021,1014,15,2,True,100,pistol,4,3,,,,,,,912.0416161379621,7474.339219093323
3996798,2677,765.0175521589028,1886,31,4,False,0,pistol,4,1,,,,,,,518.7618182160386,7477.975142478943
3998967,2678,1596.5900000000236,2169,39,4,False,0,pistol,4,3,,,,,,,540.0754332739994,7481.991609811783
4000611,2679,656.0850484381631,1644,28,3,False,0,pistol,4,1,,,,,,,498.8261345226275,7485.2876932621
4002513,2680,741.6417607421535,1902,32,4,False,0,pistol,4,6,,,,,,,516.7128390043675,7488.969052314758
4003526,2681,392.902993098274,1013,16,2,True,50,pistol,4,2,,,,,,,893.4633155439609,7490.103289604187
4005717,2682,1415.8096476878331,2191,38,4,False,0,pistol,4,3,,,,,,,561.9683497611653,7494.00252699852
4007945,2683,1500.6308298642841,2228,38,4,False,0,pistol,4,1,,,,,,,407.37431441005697,7499.472000837326
4009135,2684,351.7809210480943,1190,18,1,False,0,pistol,4,1,,,,,,,891.0272243048431,7500.80785036087
4011467,2685,901.2794384514518,2332,41,3,False,0,pistol,4,3,,,,,,,564.1557849616819,7504.941875934601
4013046,2686,836.291208492895,1579,28,3,True,73,machinegun,4,4,,,,,,,484.7252202314702,7508.1996784210205
4015279,2687,1237.27571748365,2233,40,4,True,75,machinegun,4,1,,,,,,,553.7083103653197,7512.232889890671
4016765,2688,604.6500000000019,1486,26,3,True,47,machinegun,4,6,,,,,,,454.2548417215888,7515.504518508911
4018552,2689,592.7823614167033,1787,29,3,False,0,pistol,4,1,,,,,,,508.97599687085767,7519.015771865845
4018988,2690,138.09111175318486,436,6,1,False,0,pistol,4,1,,,,,,,891.7440878053014,7519.505068063736
4021124,2691,851.3680449080616,2136,37,4,False,0,pistol,4,5,,,,,,,539.8091884352442,7523.46231675148
4023188,2692,792.4910186644113,2064,35,3,False,0,pistol,4,7,,,,,,,528.1915698559284,7527.370365858078
4025688,2693,1616.466939705994,2500,44,5,True,47,machinegun,4,2,,,,,,,576.5864366895967,7531.70659828186
4027697,2694,1446.9650000000145,2009,35,4,False,0,pistol,4,4,,,,,,,527.6855503005632,7535.514194965363
4029285,2695,1421.8687186180134,1588,26,3,False,0,pistol,4,1,,,,,,,485.67294824280515,7538.784247875214
4032681,2696,4781.559065470843,3396,70,8,False,0,pistol,4,4,,,,,,,500.0814478128817,7545.5754499435425
4033224,2697,100.8359895424589,543,8,1,False,0,pistol,4,1,,,,,,,891.3259178378124,7546.185124635696
4034270,2698,414.2223959139451,1046,16,2,False,0,pistol,4,1,,,,,,,885.2117034391614,7547.367121458054
4034620,2699,33.56201981386765,350,5,1,False,0,pistol,4,1,,,,,,,178.4344005438579,7549.329008102417
4035309,2700,166.4505827721567,689,11,1,False,0,pistol,4,3,,,,,,,892.3238181989412,7550.1014239788055
4035983,2701,291.46612874570957,674,9,1,False,0,pistol,4,1,,,,,,,880.9981301514327,7550.866824865341
4036244,2702,36.108851042708885,261,3,1,False,0,pistol,4,1,,,,,,,874.7300962774683,7551.165617227554
4039149,2703,2218.615394244985,2905,51,6,False,0,pistol,4,1,,,,,,,459.0590821804631,7557.49418759346
4041600,2704,991.5765070030675,2451,44,5,False,0,pistol,4,2,,,,,,,573.8184723945591,7561.766032218933
4043016,2705,456.6320986436662,1416,23,3,False,0,pistol,4,1,,,,,,,454.2304512289986,7564.883699655533
4045732,2706,2540.2859627624866,2716,51,6,True,13,pistol,4,4,,,,,,,589.1211819275962,7569.494389533997
4046941,2707,369.63161467613355,1209,18,2,False,0,pistol,4,1,,,,,,,426.11529964037976,7572.331965923309
4048515,2708,682.1277526376132,1574,25,3,True,32,machinegun,4,3,,,,,,,902.2715749721467,7574.076837062836
4051369,2709,1842.453366098859,2854,52,6,False,0,pistol,4,2,,,,,,,454.2214040958665,7580.360400438309
4052279,2710,253.18060041188875,910,14,2,False,0,pistol,4,1,,,,,,,913.3390859470156,7581.357167482376
4054387,2711,770.1705934934487,2108,37,4,False,0,pistol,4,2,,,,,,,539.3082660757954,7585.266335487366
4055565,2712,667.097593339631,1178,17,2,True,23,pistol,4,2,,,,,,,420.07981200819023,7588.070995569229
4056317,2713,193.79434830808302,752,11,2,False,0,pistol,4,1,,,,,,,899.6293253485863,7588.907284736633
4057563,2714,1287.9679346808707,1246,20,3,False,0,pistol,4,6,,,,,,,386.55275424145657,7592.1309587955475
4058427,2715,254.1604870495169,864,12,2,False,0,pistol,4,1,,,,,,,808.0168155178314,7593.200626850128
4059114,2716,146.51685689346738,687,9,1,True,50,machinegun,4,1,,,,,,,698.7219859459609,7594.184186458588
4059689,2717,234.82528596847655,575,10,1,False,0,pistol,4,2,,,,,,,259.03543401173204,7596.404355764389
4061002,2718,491.594122217988,1313,21,3,False,0,pistol,4,4,,,,,,,902.8589936434026,7597.8590524196625
4062330,2719,423.3758623272904,1328,20,3,False,0,pistol,4,1,,,,,,,438.4527449760289,7600.888232707977
4063824,2720,498.41296182968443,1494,24,3,False,0,pistol,4,4,,,,,,,452.02513362653735,7604.193700790405
4066111,2721,1641.5812710516134,2287,40,5,False,0,pistol,4,3,,,,,,,570.5917921375486,7608.202169895172
4068058,2722,1430.87444335825,1947,32,4,False,0,pistol,4,1,,,,,,,522.6422941730859,7611.927839040756
4069155,2723,300.70181082655466,1097,17,2,False,0,pistol,4,4,,,,,,,898.1044175483943,7613.149658679962
4069995,2724,213.85500000000107,840,13,2,False,0,pistol,4,2,,,,,,,339.94341441142683,7615.6210560798645
4071731,2725,635.5050000000011,1736,30,4,False,0,pistol,4,3,,,,,,,510.9931991197903,7619.018758773804
4075827,2726,3212.998359853378,4096,75,8,False,0,pistol,4,1,,,,,,,538.7623888931312,7626.621870279312
4076746,2727,284.89055216246334,919,14,2,False,0,pistol,4,2,,,,,,,893.4778672978971,7627.650757551193
4077618,2728,221.72074751814552,872,14,2,False,0,pistol,4,1,,,,,,,349.1259937863505,7630.148807287216
4079268,2729,539.5700000000011,1650,28,3,False,0,pistol,4,1,,,,,,,910.7519130049595,7631.960829496384
4081427,2730,1665.6025584540264,2159,38,4,True,50,machinegun,4,2,,,,,,,539.065645743091,7635.966206073761
4083700,2731,969.0792444120589,2273,39,4,False,0,pistol,4,2,,,,,,,563.1862563846639,7640.002620220184
4086311,2732,2011.4305417499995,2611,47,4,False,0,pistol,4,1,,,,,,,426.9849094145347,7646.117992639542
4088200,2733,1768.6628211801697,1889,32,4,False,0,pistol,4,4,,,,,,,523.468296864941,7649.72692489624
4089623,2734,432.3139427915548,1423,22,3,False,0,pistol,4,1,,,,,,,905.525003497088,7651.298830032349
4090428,2735,209.47356507089148,805,13,2,False,0,pistol,4,1,,,,,,,315.3112550423993,7653.852244615555
4091654,2736,1132.2450000000138,1226,20,3,False,0,pistol,4,2,,,,,,,891.0288686732165,7655.228598117828
4092300,2737,146.77892080337062,646,10,1,False,0,pistol,4,3,,,,,,,284.0120186650938,7657.503429412842
4094615,2738,1731.8651345957248,2315,40,5,False,0,pistol,4,3,,,,,,,563.4805684264234,7661.6121916770935
4095538,2739,231.94588272573753,923,15,2,False,0,pistol,4,1,,,,,,,918.0437112338118,7662.617938518524
4096727,2740,346.44976859305257,1189,18,2,False,0,pistol,4,1,,,,,,,405.80279801401025,7665.548326730728
4098383,2741,1261.6650000000077,1656,26,3,False,0,pistol,4,1,,,,,,,491.05990933539965,7668.9210414886475
4099580,2742,364.214218817867,1197,19,2,False,0,pistol,4,1,,,,,,,865.41419456083,7670.304574251175
4101361,2743,741.7137125582108,1781,27,3,False,0,pistol,4,2,,,,,,,512.0017195453596,7673.783437728882
4103005,2744,1228.0525911120233,1644,27,3,True,11,machinegun,4,3,,,,,,,488.69535700004946,7677.148052692413
4105346,2745,1693.1289682403326,2341,39,2,True,50,pistol,4,3,,,,,,,572.2835793397614,7681.239057779312
4107790,2746,956.5278992667074,2444,42,5,False,0,pistol,4,2,,,,,,,568.559732949593,7685.5380318164825
4110174,2747,845.7350561138596,2384,38,4,False,0,pistol,4,2,,,,,,,577.1125602639041,7689.669222831726
4110496,2748,24.025120892447696,322,4,1,False,0,pistol,4,4,,,,,,,164.3740881669088,7691.628608465195
4111653,2749,374.33843194987605,1157,18,2,False,0,pistol,4,5,,,,,,,907.9378409577782,7692.903295278549
4113713,2750,1599.404002728115,2060,36,4,False,0,pistol,4,2,,,,,,,537.9887586229655,7696.732712507248
4115767,2751,898.1037947343001,2054,35,4,False,0,pistol,4,3,,,,,,,541.4903360029365,7700.526360988617
4116847,2752,396.42693873593197,1080,17,2,False,0,pistol,4,2,,,,,,,386.48686775179544,7703.321150064468
4118258,2753,561.1649999999953,1411,22,3,False,0,pistol,4,1,,,,,,,854.1619829290656,7704.973525762558
4118816,2754,149.64440894454992,558,7,1,False,0,pistol,4,2,,,,,,,262.2107274611102,7707.101904153824
4119334,2755,77.5200000000005,518,7,1,False,0,pistol,4,3,,,,,,,908.0040839610912,7707.672791004181
4120128,2756,276.2755576469819,794,12,2,False,0,pistol,4,1,,,,,,,912.4955101014156,7708.543242692947
4121209,2757,604.5985239084165,1081,17,2,True,33,pistol,4,5,,,,,,,396.6667900807289,7711.268776893616
4122021,2758,289.04129987143165,812,12,2,False,0,pistol,4,1,,,,,,,897.630149294249,7712.1737225055695
4123212,2759,1028.3243648665493,1191,18,2,True,113,pistol,4,2,,,,,,,400.60338628021617,7715.147086620331
4124692,2760,1029.554999999998,1480,21,3,True,61,pistol,4,1,,,,,,,459.9286735161864,7718.365328073502
4125945,2761,564.6067491408031,1253,20,2,False,0,pistol,4,3,,,,,,,897.7130936192143,7719.761384010315
4127483,2762,541.1369034912753,1538,23,3,False,0,pistol,4,1,,,,,,,465.6645631714487,7723.064599990845
4130466,2763,991.7566165342605,2983,51,6,False,0,pistol,4,1,,,,,,,614.3591110016439,7727.920475721359
4130834,2764,122.14500000000035,368,5,1,False,0,pistol,4,1,,,,,,,189.1465647528497,7729.866374731064
4132966,2765,792.174999999986,2132,35,4,False,0,pistol,4,2,,,,,,,533.2571056322729,7733.865047693253
4134333,2766,408.08666185721285,1367,21,3,False,0,pistol,4,1,,,,,,,906.8406821533778,7735.372842073441
4135457,2767,388.1158925502396,1124,18,2,False,0,pistol,4,4,,,,,,,398.4651086761205,7738.193956375122
4136225,2768,183.19785259364932,768,10,2,False,0,pistol,4,1,,,,,,,922.5748582295593,7739.02682185173
4137714,2769,536.5307551526118,1489,24,3,True,48,machinegun,4,1,,,,,,,470.4368079301129,7742.192324876785
4139189,2770,517.3417467496445,1475,22,3,False,0,pistol,4,2,,,,,,,455.3091633623883,7745.432283401489
4140813,2771,1171.2582134075692,1624,27,3,False,0,pistol,4,1,,,,,,,887.8229221002493,7747.261892557144
4141220,2772,32.46568575356453,407,5,1,False,0,pistol,4,1,,,,,,,200.20685033524538,7749.295204162598
4142386,2773,328.73000000000025,1166,18,2,False,0,pistol,4,1,,,,,,,897.4237820973574,7750.594821929932
4143709,2774,1160.979999999997,1323,22,3,True,38,pistol,4,4,,,,,,,439.57436892022565,7753.604909181595
4145836,2775,820.3754315080878,2127,37,3,False,0,pistol,4,1,,,,,,,537.7692389533117,7757.560510396957
4147294,2776,560.0820823807486,1458,24,3,False,0,pistol,4,3,,,,,,,459.30121028851136,7760.735198020935
4149553,2777,778.5933386889353,2259,39,4,True,50,pistol,4,3,,,,,,,542.8314366658741,7764.897052526474
4153217,2778,2706.4849999999374,3664,61,7,False,0,pistol,4,1,,,,,,,651.49411522367,7770.521382808685
4154886,2779,523.3712890801257,1669,29,3,False,0,pistol,4,1,,,,,,,478.1260277827391,7774.012588500977
4156391,2780,1311.5300000000047,1505,26,3,True,50,pistol,4,1,,,,,,,469.6657905423514,7777.217449903488
4158535,2781,845.6501193501404,2144,37,4,False,0,pistol,4,2,,,,,,,548.869326551692,7781.124072551727
4161025,2782,1594.7300000000093,2490,44,5,False,0,pistol,4,4,,,,,,,585.5530124830832,7785.376802682877
4162213,2783,341.13046053800514,1188,18,2,True,50,pistol,4,2,,,,,,,421.1596360883094,7788.197937965393
4164781,2784,1797.812492172299,2568,49,5,False,0,pistol,4,4,,,,,,,585.4308110990268,7792.584835529327
4166716,2785,714.7194567309937,1935,34,4,False,0,pistol,4,4,,,,,,,533.804794640154,7796.210098981857
4167112,2786,74.89861869905849,396,5,1,False,0,pistol,4,1,,,,,,,867.6814076447329,7796.666874408722
4169218,2787,765.5850000000013,2106,36,4,False,0,pistol,4,2,,,,,,,485.46545866439357,7801.005245923996
4171207,2788,1471.1450000000114,1989,33,4,True,4,pistol,4,1,,,,,,,456.9588772263164,7805.3582174777985
4171528,2789,78.75777757364244,321,4,1,True,50,pistol,4,1,,,,,,,840.6463223132498,7805.7404527664185
4172988,2790,588.6090750627025,1460,25,3,False,0,pistol,4,1,,,,,,,410.94186107220025,7809.293718099594
4174282,2791,1191.1349999999907,1294,21,2,False,0,pistol,4,2,,,,,,,373.2355237918995,7812.761090517044
4175217,2792,250.19002698283396,935,12,2,False,0,pistol,4,1,,,,,,,716.7858131150166,7814.065991640091
4175914,2793,369.4969580679374,697,10,2,True,35,machinegun,4,4,,,,,,,272.8100612262609,7816.621131658554
4177928,2794,1703.6078749173992,2014,34,4,False,0,pistol,4,4,,,,,,,517.3835689357263,7820.514068365097
4179166,2795,344.6251652897929,1238,19,2,False,0,pistol,4,3,,,,,,,814.0892095498634,7822.035078763962
4179724,2796,192.87323767429848,558,8,1,False,0,pistol,4,1,,,,,,,929.1756766574758,7822.635961771011
4182441,2797,3177.6926078429183,2717,48,4,True,41,pistol,4,4,,,,,,,421.85923474757317,7829.076842784882
4184767,2798,1867.9730903299385,2326,43,5,True,46,pistol,4,3,,,,,,,439.88213949176225,7834.365008354187
4186052,2799,1352.0500000000038,1285,20,3,False,0,pistol,4,1,,,,,,,635.7002133791096,7836.386741638184
4186847,2800,220.16447939631507,795,12,2,False,0,pistol,4,2,,,,,,,216.90579066296067,7840.052220106125
4188790,2801,1312.3419608087047,1943,33,4,True,14,machinegun,4,1,,,,,,,382.9984374647527,7845.125729560852
4189130,2802,24.337974874017284,340,4,1,False,0,pistol,4,2,,,,,,,705.5168670901888,7845.6080412864685
4190773,2803,1540.398210636536,1643,27,3,False,0,pistol,4,1,,,,,,,365.2036969762395,7850.107178211212
4191695,2804,222.92545728098688,922,14,2,False,0,pistol,4,2,,,,,,,649.4117545905453,7851.5272171497345
4192141,2805,72.5200000000004,446,5,1,False,0,pistol,4,1,,,,,,,682.2541109552166,7852.181224107742
4193794,2806,1560.850000000015,1653,26,3,False,0,pistol,4,1,,,,,,,364.0327046301071,7856.722350597382
4195888,2807,827.4780365342951,2094,35,3,False,0,pistol,4,1,,,,,,,384.281018989962,7862.171771526337
4197334,2808,1216.3601931682808,1446,22,3,False,0,pistol,4,1,,,,,,,341.82674572220844,7866.402282238007
4197598,2809,25.740000000000094,264,3,1,False,0,pistol,4,1,,,,,,,603.916639260441,7866.839732408524
4200113,2810,1641.4650000000056,2515,42,5,True,8,machinegun,4,1,,,,,,,418.5172834839233,7872.849337339401
4200441,2811,26.658950283738,328,4,1,False,0,pistol,4,1,,,,,,,626.4978824249467,7873.373229503632
4201832,2812,474.8158818059577,1391,21,3,False,0,pistol,4,1,,,,,,,324.4453501246503,7877.660913228989
4203896,2813,1710.9326756723556,2064,36,4,False,0,pistol,4,1,,,,,,,391.2462096829629,7882.936653852463
4205902,2814,997.6132259057472,2006,36,4,False,0,pistol,4,4,,,,,,,394.17177075208065,7888.02609872818
4207475,2815,769.3158857808843,1573,25,3,True,43,machinegun,4,2,,,,,,,362.2525536546539,7892.368783712387
4208725,2816,1019.53157809767,1250,21,3,True,21,machinegun,4,1,,,,,,,307.74961556831937,7896.43080163002
4211286,2817,1673.9616944926133,2561,42,5,False,0,pistol,4,1,,,,,,,427.24598188542154,7902.425274372101
4213032,2818,661.0554370602164,1746,29,3,True,50,pistol,4,2,,,,,,,361.7413733512826,7907.252284288406
4214177,2819,923.4377055739053,1145,18,2,True,18,machinegun,4,1,,,,,,,649.1834552830527,7909.016366243362
4215408,2820,1804.9264862619452,1231,21,2,True,20,pistol,4,2,,,,,,,312.6619932780425,7912.953813076019
4217555,2821,794.5026779745981,2147,35,4,False,0,pistol,4,5,,,,,,,395.6470548951751,7918.380622386932
4219379,2822,1746.1089721525682,1824,32,4,True,48,pistol,4,1,,,,,,,375.3169539085471,7923.240821361542
4220239,2823,254.20393415967024,860,13,2,False,0,pistol,4,4,,,,,,,586.8645669534743,7924.706556558609
4220800,2824,107.07025427273744,561,8,1,False,0,pistol,4,3,,,,,,,621.01675633519,7925.610337495804
4223383,2825,1948.6780008118146,2583,48,5,False,0,pistol,4,3,,,,,,,319.3809767411051,7933.698206424713
4226581,2826,3183.6638781389042,3198,59,6,True,41,machinegun,4,7,,,,,,,493.2024431960162,7940.18275308609
4228632,2827,1937.1528048962757,2051,35,4,False,0,pistol,4,2,,,,,,,393.81600056619664,7945.391094684601
4229041,2828,51.487430055788714,409,5,1,False,0,pistol,4,1,,,,,,,699.7860979407454,7945.975848197937
4229815,2829,252.36295129467698,774,11,2,False,0,pistol,4,1,,,,,,,240.76816523694117,7949.190868616104
4230451,2830,180.55999999999992,636,10,1,False,0,pistol,4,1,,,,,,,586.8404904898299,7950.274931430817
4232344,2831,3012.0901024575915,1893,33,4,True,27,machinegun,4,1,,,,,,,370.2347142473044,7955.388175010681
4233864,2832,522.5425614648165,1520,25,3,False,0,pistol,4,1,,,,,,,349.71892499921694,7959.7348647117615
4235086,2833,371.85999999999893,1222,19,2,False,0,pistol,4,2,,,,,,,664.36522047516,7961.574503183365
4236802,2834,1567.9625211068653,1716,29,3,False,0,pistol,4,2,,,,,,,364.6009413006938,7966.281279563904
4238782,2835,735.1578430351307,1980,33,4,False,0,pistol,4,2,,,,,,,394.01638309030966,7971.30672621727
4239505,2836,123.77500000000187,723,9,1,False,0,pistol,4,1,,,,,,,227.846485921144,7974.480259656906
4241174,2837,1605.8020553561707,1669,28,2,False,0,pistol,4,6,,,,,,,620.7420763377894,7977.169317722321
4243832,2838,3352.6453008807307,2658,48,5,False,0,pistol,4,1,,,,,,,331.4924791956019,7985.1879098415375
4246228,2839,2142.1563492774094,2396,43,5,True,50,pistol,4,2,,,,,,,421.0260289046195,7990.879115819931
4247258,2840,237.64000000000152,1030,13,2,False,0,pistol,4,1,,,,,,,627.4953785372691,7992.520879507065
4248243,2841,330.73988691180125,985,15,2,True,50,pistol,4,3,,,,,,,275.692189424254,7996.093950033188
4249681,2842,563.6546481660498,1438,22,3,True,50,pistol,4,1,,,,,,,357.4503277610779,8000.117180585861
4251116,2843,480.6592070819243,1435,23,3,True,48,pistol,4,3,,,,,,,714.5675720372934,8002.125770568848
4252499,2844,472.66999999999905,1383,20,3,False,0,pistol,4,1,,,,,,,326.4816979706737,8006.362114191055
4254189,2845,456.9499822120561,1690,25,3,False,0,pistol,4,1,,,,,,,438.54613289276455,8010.216049671173
4255015,2846,191.55521181681547,826,12,1,False,0,pistol,4,1,,,,,,,896.0104278226308,8011.138159990311
4257834,2847,4664.981636450031,2819,53,6,True,5,machinegun,4,3,,,,,,,412.8564482567609,8017.9664914608
4259610,2848,3038.5249999999824,1776,30,4,False,0,pistol,4,2,,,,,,,821.5576668201533,8020.128512382507
4261297,2849,1561.7671001212836,1687,26,3,False,0,pistol,4,1,,,,,,,438.94933465510036,8023.972239017487
4261825,2850,83.49500000000046,528,7,1,False,0,pistol,4,1,,,,,,,730.5117894630591,8024.695329666138
4262562,2851,219.31509483643467,737,11,2,False,0,pistol,4,1,,,,,,,299.9982189558532,8027.152432918549
4264093,2852,1471.1420145495813,1531,22,3,False,0,pistol,4,2,,,,,,,433.25353661241945,8030.686405420303
4266748,2853,4374.464999999938,2655,46,5,True,50,pistol,4,1,,,,,,,573.7658498382144,8035.314174413681
4268563,2854,573.3483279210483,1815,30,4,False,0,pistol,4,4,,,,,,,514.6706417889349,8038.841156721115
4270277,2855,673.9766802717668,1714,27,3,False,0,pistol,4,1,,,,,,,508.4408278780014,8042.21266579628
4271225,2856,241.2623243338469,948,15,2,False,0,pistol,4,2,,,,,,,908.9527548957192,8043.2559361457825
4273015,2857,1558.7976090529419,1790,26,3,False,0,pistol,4,3,,,,,,,505.8370291796346,8046.79495716095
4274316,2858,341.74893972456675,1301,18,2,False,0,pistol,4,1,,,,,,,433.66911367631525,8049.79527258873
4274601,2859,54.765000000000086,285,3,1,True,47,pistol,4,1,,,,,,,855.8308752355479,8050.128699302673
4276192,2860,1454.6205513903756,1591,24,3,False,0,pistol,4,3,,,,,,,901.3259150504681,8051.894219875336
4278247,2861,2022.44695082399,2055,32,4,True,50,pistol,4,1,,,,,,,529.6105863932522,8055.774792909622
4279711,2862,1729.3200000000238,1464,22,3,False,0,pistol,4,3,,,,,,,466.9187120580992,8058.910570383072
4280064,2863,40.45166385992845,353,5,1,False,0,pistol,4,1,,,,,,,898.2387041390502,8059.30393075943
4281918,2864,1707.0235061114893,1854,30,4,True,50,machinegun,4,1,,,,,,,515.9046879536252,8062.8979732990265
4282654,2865,302.2660466808971,736,12,2,False,0,pistol,4,2,,,,,,,297.22821128665214,8065.374598741531
4283678,2866,631.8065976402144,1024,17,1,True,31,pistol,4,9,,,,,,,906.0972892189635,8066.505207300186
4284533,2867,199.12650367835698,855,13,2,False,0,pistol,4,3,,,,,,,342.2271557811963,8069.003854036331
4285225,2868,138.99834067988368,692,10,1,False,0,pistol,4,1,,,,,,,879.200341204296,8069.791301250458
4286579,2869,510.8846206789221,1354,22,3,False,0,pistol,4,1,,,,,,,439.3461491389676,8072.873430490494
4288512,2870,2726.7796475607547,1933,34,4,False,0,pistol,4,2,,,,,,,875.3871319136329,8075.082094192505
4291035,2871,2623.4403911741324,2523,42,5,True,9,pistol,4,2,,,,,,,433.7181911662345,8080.899583101273
4291358,2872,32.91713142017005,323,4,1,False,0,pistol,4,2,,,,,,,842.5649555320605,8081.283403873444
4292881,2873,1572.2782476783502,1523,25,3,False,0,pistol,4,4,,,,,,,473.7996397359686,8084.498274564743
4293646,2874,145.9550000000001,765,10,2,False,0,pistol,4,2,,,,,,,847.7957918856191,8085.401042222977
4294336,2875,120.67882888048985,690,9,1,False,0,pistol,4,1,,,,,,,917.1209939906889,8086.153650999069
4295348,2876,279.7850193005185,1012,15,2,False,0,pistol,4,1,,,,,,,385.02970770516475,8088.782324552536
4296930,2877,660.5384251935504,1582,26,3,False,0,pistol,4,3,,,,,,,488.13169646535385,8092.023626565933
4298336,2878,1589.1227717213667,1406,24,3,False,0,pistol,4,1,,,,,,,923.9789790246189,8093.545635938644
4298647,2879,14.38000000000013,311,4,1,False,0,pistol,4,2,,,,,,,866.1061029796479,8093.905032157898
4298978,2880,51.465000000000096,331,4,1,False,0,pistol,4,2,,,,,,,171.02336058657082,8095.840830087662
4301100,2881,1878.8276802782234,2122,36,4,False,0,pistol,4,1,,,,,,,549.016104481615,8099.706285238266
4301906,2882,344.9516731488269,806,12,2,False,0,pistol,4,1,,,,,,,713.7344693601277,8100.83592748642
4303668,2883,1786.1006248075478,1762,29,3,False,0,pistol,4,1,,,,,,,496.41164754142903,8104.38565993309
4304863,2884,1507.2147576692532,1195,20,2,False,0,pistol,4,4,,,,,,,876.3907104068783,8105.749646425247
4306706,2885,1633.865689220338,1843,29,3,False,0,pistol,4,3,,,,,,,520.4355976201394,8109.291442394257
4307730,2886,229.18500047026973,1024,15,2,False,0,pistol,4,1,,,,,,,378.3816450643901,8111.998232841492
4308314,2887,186.80749730811795,584,8,1,False,0,pistol,4,2,,,,,,,906.2041846774922,8112.643041133881
4308683,2888,57.72500000000013,369,4,1,False,0,pistol,4,2,,,,,,,888.8569562887694,8113.05855679512
4309414,2889,254.71103310199018,731,10,2,False,0,pistol,4,3,,,,,,,305.7216155391695,8115.450027704239
4311003,2890,1624.0325715445595,1589,27,3,False,0,pistol,4,4,,,,,,,895.2886640231932,8117.2252333164215
4311361,2891,54.840000000000074,358,4,1,False,0,pistol,4,1,,,,,,,184.7545733055899,8119.1633088588715
4313054,2892,535.1733346529508,1693,28,3,False,0,pistol,4,2,,,,,,,883.4661885809339,8121.080069065094
4313625,2893,129.8450000000006,571,7,1,False,0,pistol,4,1,,,,,,,265.40803072461637,8123.231810569763
4314238,2894,136.31813444523306,613,9,1,False,0,pistol,4,2,,,,,,,872.5322908182658,8123.934784173965
4316426,2895,1820.872888020461,2188,37,4,False,0,pistol,4,2,,,,,,,538.1855724321742,8128.000618457794
4317229,2896,366.2562420341794,803,12,2,False,0,pistol,4,2,,,,,,,325.45959573168074,8130.468287229538
4318307,2897,354.3137862314561,1078,17,2,False,0,pistol,4,1,,,,,,,889.5256388893097,8131.680495500565
4319828,2898,1476.3765225558395,1521,24,3,False,0,pistol,4,2,,,,,,,468.79459403810137,8134.925405740738
4320527,2899,300.8277525925335,699,10,2,False,0,pistol,4,1,,,,,,,880.0335273909383,8135.720173835754
4321025,2900,92.82000000000069,498,6,1,False,0,pistol,4,1,,,,,,,875.5315053093232,8136.289339542389
4321511,2901,129.47500000000076,486,6,1,False,0,pistol,4,2,,,,,,,234.1538788828516,8138.365306377411
4322012,2902,68.32000000000052,501,6,1,False,0,pistol,4,1,,,,,,,883.2986562285622,8138.932907819748
4322418,2903,53.675696482510226,406,5,1,False,0,pistol,4,3,,,,,,,888.9136443953761,8139.389984846115
4322976,2904,106.42000000000064,558,7,1,True,50,pistol,4,1,,,,,,,890.7462926510685,8140.016796112061
4323679,2905,162.14688222831765,703,10,2,False,0,pistol,4,1,,,,,,,296.2442761957944,8142.39022731781
4323912,2906,-25.860000000000042,233,2,1,False,0,pistol,4,1,,,,,,,891.2112365227114,8142.652052640915
4324513,2907,157.0836139626565,601,8,1,False,0,pistol,4,1,,,,,,,896.2611839019935,8143.322993993759
4324997,2908,57.3368255243103,484,6,1,False,0,pistol,4,1,,,,,,,912.8827667584626,8143.853529930115
4326024,2909,1318.289811868541,1027,17,2,False,0,pistol,4,3,,,,,,,382.12797496356853,8146.54142665863
4326311,2910,-3.9222560849110053,287,3,1,False,0,pistol,4,1,,,,,,,881.5370207904623,8146.867425441742
4329187,2911,5403.41157743614,2876,52,3,True,12,machinegun,4,5,,,,,,,611.1467233748574,8151.573768615723
4329548,2912,44.176033981419856,361,4,1,False,0,pistol,4,1,,,,,,,187.78353912323087,8153.496530532837
4329945,2913,82.70000000000027,397,6,1,False,0,pistol,4,1,,,,,,,875.5252387907926,8153.950207233429
4332146,2914,2783.326554120745,2201,39,4,False,0,pistol,4,1,,,,,,,557.3784520446247,8157.899430990219
4334446,2915,1786.7634191475552,2300,41,5,True,47,machinegun,4,2,,,,,,,565.3306354389771,8161.968197584152
4334951,2916,67.58541269541114,505,7,1,False,0,pistol,4,2,,,,,,,885.326966707294,8162.538979768753
4336814,2917,2869.737570769398,1863,33,4,True,48,machinegun,4,1,,,,,,,514.561157633945,8166.159962892532
4338476,2918,591.5149570272877,1662,25,3,False,0,pistol,4,1,,,,,,,482.27110897196815,8169.606573581696
4340456,2919,3044.0631348189618,1980,34,4,False,0,pistol,4,1,,,,,,,514.1396175081762,8173.457945823669
4342207,2920,1563.587214866237,1751,28,3,False,0,pistol,4,2,,,,,,,494.3881740392006,8177.000141382217
4342569,2921,43.34147884864961,362,5,1,False,0,pistol,4,4,,,,,,,884.1446366846484,8177.409957885742
4344601,2922,1977.683624197043,2032,36,4,False,0,pistol,4,3,,,,,,,528.616502872624,8181.254343032837
4346269,2923,500.8999999999998,1668,26,3,False,0,pistol,4,4,,,,,,,481.38337218313694,8184.719738960266
4347321,2924,354.14753995211345,1052,17,2,True,50,pistol,4,3,,,,,,,883.3612126956023,8185.911000728607
4348722,2925,1702.205000000007,1401,24,2,True,35,machinegun,4,1,,,,,,,453.6217246722617,8188.999810218811
4349847,2926,338.21204041280623,1125,18,2,False,0,pistol,4,3,,,,,,,915.9961431267269,8190.228398561478
4351041,2927,321.8999999999992,1194,18,2,False,0,pistol,4,1,,,,,,,410.03795521038563,8193.14074921608
4351900,2928,230.79773590412557,859,13,2,False,0,pistol,4,2,,,,,,,871.0330495815041,8194.127308130264
4353783,2929,520.0800000000048,1883,30,4,False,0,pistol,4,1,,,,,,,477.1648364886949,8198.073947429657
4355164,2930,472.8109141775157,1381,23,3,False,0,pistol,4,2,,,,,,,446.52747180571254,8201.167061328888
4357549,2931,1048.428806413984,2385,40,5,False,0,pistol,4,5,,,,,,,577.9373351960443,8205.29418373108
4358738,2932,391.1427162670102,1189,20,2,False,0,pistol,4,4,,,,,,,410.7598435414733,8208.18922996521
4360041,2933,421.3931230781832,1303,22,3,False,0,pistol,4,4,,,,,,,914.6303812068577,8209.614206790924
4361613,2934,1849.4948740154107,1572,27,3,True,26,machinegun,4,1,,,,,,,485.1667974975828,8212.854660987854
4362573,2935,259.5846687582256,960,15,1,False,0,pistol,4,1,,,,,,,367.0155016678952,8215.470757246017
4364148,2936,1723.7691173602661,1575,27,3,True,20,pistol,4,1,,,,,,,888.3605905272611,8217.24407529831
4365672,2937,470.02784867641583,1524,27,3,False,0,pistol,4,2,,,,,,,474.41518183374075,8220.456718206406
4366693,2938,337.7888000756575,1021,17,2,False,0,pistol,4,1,,,,,,,364.5256904554085,8223.257935285568
4368009,2939,490.7265402850327,1316,21,3,False,0,pistol,4,1,,,,,,,912.4854815280388,8224.700610399246
4370132,2940,1287.4596881146922,2123,36,4,True,12,pistol,4,1,,,,,,,541.9392194779288,8228.618434429169
4371721,2941,483.627297858105,1589,23,3,False,0,pistol,4,3,,,,,,,473.2805532385752,8231.976308345795
4372444,2942,442.5456979920925,723,12,2,True,39,pistol,4,2,,,,,,,889.7965447811689,8232.789321660995
4373067,2943,329.8479971870825,623,11,1,False,0,pistol,4,7,,,,,,,290.84229767797103,8234.931739330292
4374984,2944,734.9035048280246,1917,30,4,True,48,machinegun,4,1,,,,,,,521.0720044752484,8238.611039876938
4377325,2945,1456.293468845385,2341,37,4,False,0,pistol,4,3,,,,,,,568.8419504402633,8242.726788520813
4378541,2946,308.1063530093627,1216,19,2,False,0,pistol,4,2,,,,,,,900.9521076025326,8244.076892852783
4379420,2947,350.1600000000003,879,14,2,False,0,pistol,4,3,,,,,,,340.3541946368359,8246.659868001938
4380413,2948,295.0570078603698,993,15,2,False,0,pistol,4,1,,,,,,,874.9167078572781,8247.795240402222
4382428,2949,717.9144813419439,2015,35,4,False,0,pistol,4,2,,,,,,,544.9961637892399,8251.492864131927
4384527,2950,850.2849476713327,2099,38,4,False,0,pistol,4,1,,,,,,,538.0936987830885,8255.393948793411
4384830,2951,37.51499999999998,303,4,1,True,50,pistol,4,2,,,,,,,160.2719207434226,8257.284830093384
4386951,2952,932.3949534911987,2121,37,4,False,0,pistol,4,6,,,,,,,553.3989779175855,8261.117859363556
4388785,2953,665.4159194620662,1834,31,3,False,0,pistol,4,3,,,,,,,883.8877987494229,8263.193194627762
4391402,2954,1971.115378755324,2617,49,5,False,0,pistol,4,5,,,,,,,439.0423742036765,8269.154268026352
4393530,2955,829.6204459767556,2128,38,4,False,0,pistol,4,1,,,,,,,542.8703724912751,8273.074610233307
4393897,2956,73.76500000000009,367,5,1,False,0,pistol,4,3,,,,,,,886.8604930390555,8273.488815069199
4395927,2957,981.9623052721644,2030,36,4,False,0,pistol,4,12,,,,,,,531.086297030286,8277.311613559723
4397793,2958,935.1360718375371,1866,33,4,True,50,pistol,4,6,,,,,,,520.8702772955935,8280.894509792328
4401297,2959,1580.3735468060884,3504,61,7,False,0,pistol,4,5,,,,,,,495.81177449803704,8287.962126016617
4403037,2960,643.4235317164434,1740,29,2,False,0,pistol,4,3,,,,,,,789.6798989637552,8290.165896654129
4405917,2961,1699.3250000000019,2880,52,6,False,0,pistol,4,3,,,,,,,451.40314359753074,8296.546462535858
4406241,2962,17.00560420902866,324,4,1,False,0,pistol,4,1,,,,,,,857.4613599451812,8296.924677371979
4407212,2963,642.8724406943039,971,16,1,True,79,machinegun,4,5,,,,,,,914.5242614498845,8297.986754894257
4409135,2964,869.0889925822994,1923,33,4,False,0,pistol,4,1,,,,,,,530.7052768931023,8301.61063337326
4409442,2965,20.538403564164057,307,3,1,False,0,pistol,4,3,,,,,,,161.65616491686325,8303.510052919388
4410564,2966,464.4541764708539,1122,18,2,False,0,pistol,4,7,,,,,,,843.1295000337717,8304.841121435165
4412604,2967,746.3707049039049,2040,35,4,False,0,pistol,4,2,,,,,,,538.4040163809506,8308.630370855331
4414375,2968,680.7597094775305,1771,30,4,False,0,pistol,4,3,,,,,,,514.7027511166449,8312.071564435959
4418198,2969,4335.189987282023,3823,79,8,False,0,pistol,4,7,,,,,,,513.8598408923793,8319.511739969254
4420381,2970,864.1986976342856,2183,39,4,False,0,pistol,4,6,,,,,,,542.9779901602734,8323.532500267029
4421707,2971,392.3493447137441,1326,20,3,False,0,pistol,4,1,,,,,,,433.06131515720455,8326.594780921936
4425447,2972,2552.2385094157485,3740,68,7,False,0,pistol,4,2,,,,,,,667.3332169685691,8332.199434041977
4425773,2973,24.90559591317961,326,4,1,False,0,pistol,4,1,,,,,,,174.40585244375418,8334.06903386116
4428994,2974,3184.5741889146575,3221,66,7,False,0,pistol,4,6,,,,,,,627.3372774129982,8339.203723430634
4431594,2975,1819.3154399190587,2600,45,5,True,45,machinegun,4,2,,,,,,,586.3104255464084,8343.638650417328
4433552,2976,1395.7319698112224,1958,34,4,False,0,pistol,4,2,,,,,,,530.2946773311306,8347.33129620552
4434175,2977,117.37500000000092,623,9,1,False,0,pistol,4,2,,,,,,,268.9855370360992,8349.647854566574
4435308,2978,329.2651751658648,1133,17,2,False,0,pistol,4,2,,,,,,,906.4461618662297,8350.89822936058
4435638,2979,41.1650000000001,330,4,1,False,0,pistol,4,1,,,,,,,797.1642770135431,8351.312606573105
4438934,2980,5306.539040455521,3296,59,6,True,13,pistol,4,1,,,,,,,491.77964582355736,8358.015147447586
4440417,2981,522.7939053518965,1483,23,3,False,0,pistol,4,1,,,,,,,469.05361573387364,8361.177235603333
4441256,2982,240.9619168909893,839,12,2,False,0,pistol,4,1,,,,,,,886.4182483684233,8362.124207019806
4441666,2983,32.27669347556218,410,5,1,False,0,pistol,4,1,,,,,,,884.4623863025605,8362.588159322739
4444085,2984,3604.0002332727922,2419,43,5,False,0,pistol,4,2,,,,,,,561.5182376267564,8366.896518468857
4446375,2985,2578.888427093216,2290,40,5,False,0,pistol,4,1,,,,,,,405.1106923097071,8372.549679279327
4446920,2986,107.61540945378616,545,8,1,False,0,pistol,4,2,,,,,,,791.6853589362532,8373.238497018814
4447728,2987,192.51000000000107,808,12,2,False,0,pistol,4,1,,,,,,,877.2504977733508,8374.15997672081
4448754,2988,377.7827723905498,1026,16,2,False,0,pistol,4,1,,,,,,,378.30207001059915,8376.872453689575
4449317,2989,186.81157986531406,563,9,1,False,0,pistol,4,3,,,,,,,899.4474525992789,8377.498802900314
4450590,2990,306.0853417603265,1273,16,1,False,0,pistol,4,1,,,,,,,429.6018048694141,8380.462383031845
4452083,2991,1539.1844252305712,1493,25,3,True,1,pistol,4,3,,,,,,,758.6523903605373,8382.43085193634
4452991,2992,266.6853572720106,908,14,1,False,0,pistol,4,1,,,,,,,361.83399880631003,8384.940598964691
4455772,2993,2968.3761122978403,2781,53,6,False,0,pistol,4,1,,,,,,,606.3709419196778,8389.527303218842
4456508,2994,170.3922851822216,736,11,1,False,0,pistol,4,2,,,,,,,306.99800993787954,8391.925118923187
4458646,2995,2676.9290113074994,2138,37,4,False,0,pistol,4,2,,,,,,,550.7158233102796,8395.807583808899
4458952,2996,-0.9900000000000624,306,3,1,False,0,pistol,4,1,,,,,,,897.0782465744232,8396.149102687836
4459221,2997,-23.170000000000044,269,1,1,False,0,pistol,4,1,,,,,,,814.1358865733374,8396.479932785034
4460273,2998,333.59324936136943,1052,15,2,False,0,pistol,4,1,,,,,,,872.9518949436581,8397.685317993164
4460978,2999,160.036436745205,705,10,2,False,0,pistol,4,3,,,,,,,300.1198273078825,8400.034884929657
4461382,3000,52.576670151204134,404,6,1,False,0,pistol,4,2,,,,,,,902.197762739659,8400.483092069626
4463067,3001,2517.3949890849267,1685,28,3,True,9,pistol,4,3,,,,,,,463.1927097734915,8404.1211977005
4464171,3002,296.6511301793482,1104,18,1,False,0,pistol,4,2,,,,,,,878.1394027870545,8405.378827810287
4464416,3003,-25.175000000000015,245,2,1,False,0,pistol,4,1,,,,,,,847.3222638808609,8405.668401956558
4466207,3004,1509.9127573146006,1791,29,3,False,0,pistol,4,1,,,,,,,505.6267453448608,8409.210946083069
4468193,3005,1516.692652419537,1986,34,4,True,50,pistol,4,2,,,,,,,474.11902710830566,8413.40014719963
4469024,3006,280.5222243856794,831,12,2,False,0,pistol,4,3,,,,,,,305.428363021494,8416.12134718895
4469667,3007,179.02631604017824,643,9,1,False,0,pistol,4,1,,,,,,,873.992866601032,8416.857492923737
4470308,3008,149.01794743061248,641,9,1,False,0,pistol,4,1,,,,,,,859.808470710438,8417.603370189667
4470814,3009,116.01529809647226,506,7,1,False,0,pistol,4,4,,,,,,,250.498185871563,8419.623604297638
4472015,3010,585.9726473110944,1201,19,2,False,0,pistol,4,1,,,,,,,861.9256726373764,8421.017251729965
4473397,3011,574.4564170219946,1382,22,3,False,0,pistol,4,1,,,,,,,445.3509875810947,8424.120771169662
4474506,3012,609.5291802642568,1109,17,2,False,0,pistol,4,1,,,,,,,792.8574789410052,8425.519892692566
4476069,3013,2201.0000000000036,1563,26,3,True,21,machinegun,4,1,,,,,,,451.7622402488308,8428.9799888134
4476629,3014,197.4438440972565,560,8,1,False,0,pistol,4,1,,,,,,,829.1701697729818,8429.655679702759
4476925,3015,-2.4899999999999736,296,3,1,False,0,pistol,4,1,,,,,,,863.4330546130035,8429.99877667427
4479751,3016,2976.040375259833,2826,49,5,False,0,pistol,4,2,,,,,,,422.21620523155275,8436.692330121994
4481147,3017,497.0346976868023,1396,23,3,False,0,pistol,4,2,,,,,,,439.99327781913263,8439.865520715714
4481616,3018,156.4100000000007,469,6,1,False,0,pistol,4,2,,,,,,,907.080611462407,8440.383011579514
4482302,3019,121.68909662685758,686,9,1,False,0,pistol,4,1,,,,,,,835.6422374347666,8441.204311132431
4482873,3020,241.8892494423353,571,9,1,True,50,pistol,4,3,,,,,,,841.1831135906556,8441.883586883545
4486378,3021,6195.80382012863,3505,75,8,True,4,machinegun,4,2,,,,,,,501.99513713660633,8448.86605978012
4488862,3022,1890.298457765851,2484,43,5,False,0,pistol,4,6,,,,,,,583.1091991508562,8453.126331329346
4489219,3023,13.299999999999905,357,5,1,False,0,pistol,4,2,,,,,,,182.08278567839574,8455.087346553802
4490687,3024,578.5176563694129,1468,24,3,False,0,pistol,4,2,,,,,,,884.7998746929294,8456.74679851532
4492033,3025,452.1723182770917,1346,21,3,False,0,pistol,4,1,,,,,,,447.4393025266322,8459.755363702774
4494024,3026,897.8338102743235,1991,34,4,False,0,pistol,4,5,,,,,,,527.9556810689326,8463.526979923248
4496401,3027,2296.4619827231963,2377,40,5,True,14,pistol,4,2,,,,,,,575.2224407046706,8467.659632921219
4498154,3028,702.4119144357095,1753,30,3,False,0,pistol,4,4,,,,,,,505.6405922267149,8471.126916408539
4499471,3029,354.60900788840087,1317,20,3,False,0,pistol,4,3,,,,,,,446.73640821524873,8474.075224161148
4500276,3030,341.8652649471168,805,12,2,False,0,pistol,4,2,,,,,,,899.5388884226568,8474.970424413681
4503673,3031,3360.4944804950997,3397,63,7,False,0,pistol,4,2,,,,,,,474.44413140537256,8482.130793571472
4504552,3032,198.86000000000018,879,12,2,False,0,pistol,4,2,,,,,,,878.5278830889505,8483.131643772125
4506559,3033,1591.9633116842922,2007,35,4,True,12,pistol,4,8,,,,,,,518.1132045324553,8487.00564622879
4511020,3034,8093.293489727994,4461,105,9,True,8,pistol,4,45,,,,,,,553.5814688987928,8495.064435482025
4512029,3035,319.7918324220457,1009,16,2,True,48,machinegun,4,1,,,,,,,382.00245103149757,8497.706199407578
4512730,3036,208.9360167391585,701,11,2,False,0,pistol,4,2,,,,,,,919.3235081040164,8498.469071388245
4513784,3037,366.96269891176354,1054,16,1,False,0,pistol,4,1,,,,,,,910.2379649922129,8499.62733578682
4516080,3038,2454.673078067485,2296,40,5,True,4,pistol,4,1,,,,,,,418.6439474415919,8505.111992835999
4517973,3039,2129.943809033551,1893,30,2,True,12,machinegun,4,1,,,,,,,520.5718785327089,8508.748653173447
4518436,3040,67.34597420478028,463,6,1,False,0,pistol,4,1,,,,,,,895.5422409368418,8509.266082048416
4519903,3041,430.24302452265374,1467,23,3,False,0,pistol,4,2,,,,,,,900.7180907196544,8510.895107269287
4520714,3042,260.2537554144891,811,12,2,False,0,pistol,4,1,,,,,,,331.169807764446,8513.344325065613
4522690,3043,1650.5129429142437,1976,34,4,False,0,pistol,4,1,,,,,,,522.9910430876063,8517.122968912125
4526223,3044,2381.4804040984336,3533,63,7,True,27,machinegun,4,4,,,,,,,501.1736696317757,8524.172723054886
4526563,3045,38.149645351007784,340,5,1,False,0,pistol,4,3,,,,,,,784.7426395126228,8524.60635304451
4529066,3046,1719.273567090917,2503,40,5,False,0,pistol,4,2,,,,,,,584.2648724863253,8528.890668392181
4530401,3047,385.64955599533005,1335,19,2,False,0,pistol,4,3,,,,,,,426.7964267796702,8532.019003868103
4531372,3048,385.6050000000003,971,15,2,True,43,machinegun,4,2,,,,,,,885.0032854042564,8533.116441965103
4532942,3049,464.56737440934734,1570,25,3,False,0,pistol,4,1,,,,,,,481.0738204826374,8536.380405187607
4534360,3050,434.96828564992995,1418,24,3,False,0,pistol,4,1,,,,,,,452.1625008324775,8539.516853570938
4535844,3051,567.998133674969,1484,24,3,True,38,machinegun,4,2,,,,,,,894.072037732792,8541.17708826065
4536982,3052,391.4729199334154,1138,18,2,True,50,machinegun,4,2,,,,,,,402.86636190364294,8544.00217962265
4539393,3053,2870.810798273806,2411,41,5,False,0,pistol,4,3,,,,,,,562.9523608531697,8548.28540444374
4541702,3054,1718.0300000000298,2309,42,5,False,0,pistol,4,4,,,,,,,558.5070805816897,8552.42016005516
4543931,3055,2274.9513594644004,2229,40,5,False,0,pistol,4,4,,,,,,,543.0297433999442,8556.52528834343
4545998,3056,1888.576533882673,2067,37,4,False,0,pistol,4,2,,,,,,,537.1326356586313,8560.37390780449
4547983,3057,1689.699989618815,1985,35,4,False,0,pistol,4,4,,,,,,,536.5285543457835,8564.074051618576
4549615,3058,551.483919154496,1632,28,3,False,0,pistol,4,1,,,,,,,489.46529593679907,8567.408634185791
4551657,3059,1707.226123536242,2042,35,4,False,0,pistol,4,3,,,,,,,528.709077213857,8571.271267652512
4553705,3060,1701.7950000000274,2048,34,4,False,0,pistol,4,1,,,,,,,505.9435027024009,8575.319489240646
4555873,3061,787.8599072614142,2168,35,4,False,0,pistol,4,1,,,,,,,551.1507186793598,8579.253516674042
4556253,3062,41.61352355219286,380,5,1,False,0,pistol,4,4,,,,,,,870.4741296681535,8579.690485954285
4557871,3063,1530.9322310500634,1618,27,3,True,11,pistol,4,1,,,,,,,473.199193807898,8583.110166311264
4560543,3064,2248.7126798900595,2672,46,5,False,0,pistol,4,1,,,,,,,588.9337872925404,8587.647554636002
4562935,3065,4464.683184517765,2392,43,4,True,26,machinegun,4,4,,,,,,,573.3963598431124,8591.819526672363
4564450,3066,488.24795534681385,1515,24,3,False,0,pistol,4,3,,,,,,,474.30052105076595,8595.014081954956
4567746,3067,2253.7671661440563,3296,61,7,False,0,pistol,4,1,,,,,,,494.8763222829992,8601.674664258957
4568922,3068,376.7299999999993,1176,19,2,False,0,pistol,4,2,,,,,,,902.4779767081163,8602.978155612946
4570483,3069,492.0723566603241,1561,25,3,False,0,pistol,4,4,,,,,,,457.2413287294297,8606.392524242401
4571492,3070,331.2100837715368,1009,16,2,False,0,pistol,4,2,,,,,,,385.6423933076934,8609.009201526642
4573175,3071,595.367368449143,1683,28,3,False,0,pistol,4,4,,,,,,,909.4128664602123,8610.860236406326
4575418,3072,2240.3412054373225,2243,38,4,False,0,pistol,4,2,,,,,,,409.23654214921675,8616.341492891312
4577039,3073,526.0906683262749,1621,26,3,False,0,pistol,4,4,,,,,,,895.549586015396,8618.151893138885
4578925,3074,932.2489315367093,1886,33,4,False,0,pistol,4,7,,,,,,,513.0618476837926,8621.828269481659
4580855,3075,713.6431421966388,1930,34,4,False,0,pistol,4,5,,,,,,,528.968514866094,8625.477288007736
4581277,3076,73.68096822522037,422,5,1,False,0,pistol,4,1,,,,,,,882.2842376848813,8625.955977678299
4583165,3077,855.5279933703832,1888,34,4,False,0,pistol,4,3,,,,,,,522.6914792964867,8629.568420171738
4585445,3078,790.4648290387236,2280,39,4,False,0,pistol,4,5,,,,,,,558.7125010100103,8633.649548768997
4587254,3079,698.7020312825639,1809,31,4,False,0,pistol,4,1,,,,,,,511.6924526755882,8637.185304880142
4589851,3080,1960.0685610898406,2597,49,5,True,50,machinegun,4,1,,,,,,,440.21379682906127,8643.085107326508
4592924,3081,3519.9099999999976,3073,55,6,True,22,machinegun,4,17,,,,,,,620.9386221036891,8648.034390211105
4594753,3082,739.812583219849,1829,31,4,False,0,pistol,4,2,,,,,,,497.61412144410275,8651.710342407227
4597721,3083,3469.33267417788,2968,58,6,False,0,pistol,4,2,,,,,,,609.1762066734252,8656.58293890953
4601116,3084,3771.8267757577787,3395,61,7,False,0,pistol,4,1,,,,,,,492.7040896067315,8663.473819494247
4601960,3085,194.08529113160498,844,13,2,False,0,pistol,4,1,,,,,,,323.6912081808827,8666.081615447998
4603078,3086,306.2199999999994,1118,16,2,False,0,pistol,4,4,,,,,,,796.9297495871092,8667.484910488129
4604530,3087,812.1335893097112,1452,24,3,True,31,machinegun,4,4,,,,,,,447.1377593353075,8670.732589244843
4605448,3088,267.7620324808281,918,14,2,False,0,pistol,4,2,,,,,,,912.729662016777,8671.738698244095
4607436,3089,2624.6549009934106,1988,34,4,True,20,machinegun,4,7,,,,,,,508.1716046799725,8675.651085138321
4609219,3090,761.3125958835798,1783,31,4,False,0,pistol,4,1,,,,,,,509.75397222203475,8679.149203538895
4611358,3091,1833.8651306168085,2139,39,4,True,50,machinegun,4,2,,,,,,,547.5903836525438,8683.055763721466
4613558,3092,1866.1164227219456,2200,39,4,False,0,pistol,4,5,,,,,,,546.8534087735792,8687.079174280167
4615485,3093,2147.984908071566,1927,32,4,False,0,pistol,4,3,,,,,,,528.3994108282857,8690.726389169693
4616912,3094,500.3485879489034,1427,23,3,False,0,pistol,4,3,,,,,,,466.4190646933997,8693.786313295364
4618763,3095,1861.6660424860145,1851,31,3,False,0,pistol,4,2,,,,,,,532.3148536124274,8697.263819694519
4619251,3096,135.02170547195144,488,6,1,False,0,pistol,4,1,,,,,,,892.1787164226727,8697.811226129532
4619968,3097,150.16464057291472,717,10,2,False,0,pistol,4,2,,,,,,,923.1918662049658,8698.588275671005
4621978,3098,1775.6711821553208,2010,34,4,False,0,pistol,4,1,,,,,,,528.5624861402482,8702.391367435455
4623601,3099,574.6499999999997,1623,28,3,False,0,pistol,4,4,,,,,,,496.1725129530563,8705.662750720978
4624739,3100,388.4400172662837,1138,18,2,False,0,pistol,4,1,,,,,,,411.45724088230526,8708.428786993027
4626869,3101,1698.9198032446839,2130,38,4,False,0,pistol,4,5,,,,,,,558.7625683570204,8712.241162538528
4627463,3102,209.73222402576164,594,9,1,True,48,machinegun,4,1,,,,,,,899.8854566200232,8712.901663064957
4628774,3103,1212.2926434450392,1311,21,3,True,11,machinegun,4,1,,,,,,,441.41449151016457,8715.8721306324
4630666,3104,1485.525000000007,1892,32,4,True,7,machinegun,4,1,,,,,,,529.0270139246842,8719.44880270958
4632960,3105,1870.2358223677575,2294,40,5,False,0,pistol,4,2,,,,,,,555.3027093082325,8723.580295085907
4634352,3106,480.979247925669,1392,22,3,False,0,pistol,4,2,,,,,,,852.5408966114015,8725.213435649872
4634819,3107,426.9698466049608,467,6,1,True,91,machinegun,4,1,,,,,,,222.6367864120564,8727.311397790909
4636608,3108,1588.0550000000153,1789,30,3,True,45,machinegun,4,2,,,,,,,917.9999938829443,8729.26059794426
4638873,3109,1781.8950000000398,2265,39,4,False,0,pistol,4,1,,,,,,,397.8602110454816,8734.953911781311
4642499,3110,5142.108104102944,3626,64,7,False,0,pistol,4,2,,,,,,,665.1041262525904,8740.406119823456
4644055,3111,736.0281208892179,1556,26,3,False,0,pistol,4,5,,,,,,,485.1221784681694,8743.61392879486
4646020,3112,2486.0112078495968,1965,33,4,False,0,pistol,4,1,,,,,,,543.638199991768,8747.228794574738
4648038,3113,647.8273946352587,2018,32,4,False,0,pistol,4,1,,,,,,,533.1310269069086,8751.014311790466
4648862,3114,215.03791010764445,824,11,2,False,0,pistol,4,1,,,,,,,896.2936433058316,8751.934120893478
4650827,3115,1603.6346376363094,1965,33,4,False,0,pistol,4,2,,,,,,,527.3396258539636,8755.660637140274
4653519,3116,2738.5546431675552,2692,45,5,False,0,pistol,4,2,,,,,,,426.5552190071072,8761.972003221512
4655770,3117,1662.9300568223666,2251,40,5,False,0,pistol,4,6,,,,,,,570.90001426437,8765.915318727493
4657746,3118,814.4229437397768,1976,35,4,False,0,pistol,4,6,,,,,,,533.0325939257547,8769.62287735939
4658926,3119,344.1741719505061,1180,17,2,False,0,pistol,4,4,,,,,,,902.9731155762391,8770.929899454117
4659292,3120,19.045000000000236,366,4,1,False,0,pistol,4,2,,,,,,,190.5187919955351,8772.851262807846
4660376,3121,335.2351620520212,1084,17,2,False,0,pistol,4,3,,,,,,,913.6584062893492,8774.038003206253
4661698,3122,474.46629550835536,1322,22,3,True,49,machinegun,4,1,,,,,,,436.7002085499165,8777.065568447113
4662625,3123,332.79149912164934,927,14,2,False,0,pistol,4,1,,,,,,,917.8057583455078,8778.075983285904
4664914,3124,1180.6949685244927,2289,41,5,False,0,pistol,4,4,,,,,,,562.3497945828925,8782.146826267242
4666344,3125,459.4746771542262,1430,22,3,False,0,pistol,4,3,,,,,,,454.4974184785183,8785.29342842102
4666613,3126,24.970000000000084,269,3,1,False,0,pistol,4,1,,,,,,,881.3152977365414,8785.59909081459
4667674,3127,292.64437656822923,1061,16,2,False,0,pistol,4,3,,,,,,,385.90604030104817,8788.34878230095
4669176,3128,1751.5210827411795,1502,25,3,False,0,pistol,4,1,,,,,,,901.8912278034442,8790.014605998993
4670658,3129,584.2990022739302,1482,24,3,False,0,pistol,4,2,,,,,,,455.7571343771043,8793.266697883606
4673752,3130,4886.9199999999655,3094,58,6,True,48,machinegun,4,1,,,,,,,473.538148330112,8799.80081486702
4674560,3131,165.93500000000097,808,10,2,False,0,pistol,4,1,,,,,,,895.1956388172315,8800.703739404678
4675939,3132,1362.5293468534605,1379,22,3,False,0,pistol,4,2,,,,,,,457.2189674310612,8803.720092535019
4677452,3133,1681.2899726287633,1513,24,3,False,0,pistol,4,1,,,,,,,907.9493223768653,8805.386868476868
4678497,3134,1359.104321017189,1045,16,2,True,8,machinegun,4,9,,,,,,,391.76973235884464,8808.054696321487
4679767,3135,322.0531069364266,1270,19,2,False,0,pistol,4,3,,,,,,,436.6723922147739,8810.963484287262
4680388,3136,99.70000000000032,621,8,1,False,0,pistol,4,1,,,,,,,904.2975784601412,8811.650614023209
4680959,3137,115.30637908749024,571,7,1,False,0,pistol,4,1,,,,,,,833.5987625573351,8812.335941791534
4682173,3138,488.48971460205496,1214,18,2,False,0,pistol,4,1,,,,,,,421.2039322408861,8815.218557834625
4683224,3139,307.0689393482353,1051,16,2,False,0,pistol,4,1,,,,,,,905.1737794041461,8816.380097389221
4683651,3140,77.47382753479341,427,5,1,False,0,pistol,4,1,,,,,,,912.1869594138266,8816.848732948303
4684828,3141,486.159999999999,1177,19,2,False,0,pistol,4,4,,,,,,,413.1128273369844,8819.69813299179
4685988,3142,1792.2401654884986,1160,19,2,False,0,pistol,4,2,,,,,,,399.8902128994912,8822.599190473557
4686323,3143,60.10000000000002,335,4,1,False,0,pistol,4,1,,,,,,,874.6542633651508,8822.982523918152
4686652,3144,41.4000000000002,329,4,1,False,0,pistol,4,1,,,,,,,892.9069081699539,8823.351308345795
4688479,3145,687.0618552869457,1827,31,4,False,0,pistol,4,2,,,,,,,518.2236206840585,8826.877135753632
4688975,3146,171.07487153887186,496,7,1,False,0,pistol,4,2,,,,,,,862.5667784208086,8827.452514886856
4691012,3147,2400.5005662262365,2037,37,4,False,0,pistol,4,1,,,,,,,540.5788765309806,8831.221090316772
4692547,3148,705.8533621753544,1535,26,3,True,49,machinegun,4,3,,,,,,,477.19078502611586,8834.438250541687
4694311,3149,871.4517290832513,1764,30,4,True,45,machinegun,4,1,,,,,,,508.13676211336207,8837.910091400146
4695883,3150,1158.9017720818144,1572,26,3,True,29,machinegun,4,2,,,,,,,890.5208672084525,8839.67575621605
4697245,3151,606.6511113031464,1362,23,3,True,46,machinegun,4,6,,,,,,,456.13532857335514,8842.662167072296
4699963,3152,2206.764063679802,2718,47,5,False,0,pistol,4,2,,,,,,,598.7025657604925,8847.202381849289
4702381,3153,2119.7957673913734,2418,44,5,False,0,pistol,4,2,,,,,,,392.69676389039415,8853.360163927078
4703065,3154,168.23887327211833,684,10,2,False,0,pistol,4,1,,,,,,,894.935300156502,8854.12489438057
4705710,3155,4483.896494842658,2645,51,6,True,35,machinegun,4,4,,,,,,,595.7195934326545,8858.565284013748
4707523,3156,561.7850246672602,1813,31,4,False,0,pistol,4,2,,,,,,,510.23637723176785,8862.118919372559
4708701,3157,1530.6814849063435,1178,20,1,True,10,machinegun,4,2,,,,,,,405.1241524468288,8865.0271089077
4710829,3158,1798.2090614234592,2128,36,4,False,0,pistol,4,1,,,,,,,551.0103853556768,8868.889463424683
4711834,3159,385.5916108649808,1005,15,2,False,0,pistol,4,1,,,,,,,900.2355451696496,8870.00618815422
4714419,3160,3644.114999999951,2585,50,6,False,0,pistol,4,4,,,,,,,595.7523553103691,8874.345631361008
4716763,3161,2081.8481951007575,2344,41,5,False,0,pistol,4,10,,,,,,,408.8600422523497,8880.078969478607
4719068,3162,2131.811916302573,2305,40,5,False,0,pistol,4,1,,,,,,,554.3819825510697,8884.237148284912
4720913,3163,1798.340000000011,1845,32,4,False,0,pistol,4,2,,,,,,,513.0339605214317,8887.833771467209
4722837,3164,1649.8489556529487,1924,33,4,False,0,pistol,4,2,,,,,,,529.8664694412694,8891.465303659439
4723727,3165,288.4178023890711,890,15,2,False,0,pistol,4,3,,,,,,,870.644001669018,8892.487848758698
4725288,3166,480.16796331711737,1561,25,3,False,0,pistol,4,2,,,,,,,477.5459353908683,8895.757004976273
4725699,3167,49.03511283207379,411,5,1,False,0,pistol,4,1,,,,,,,905.3819191360564,8896.211323738098
4726617,3168,340.6639704809214,918,14,2,False,0,pistol,4,1,,,,,,,912.7034829201042,8897.217506170273
4727834,3169,604.7098376220505,1217,21,3,True,50,pistol,4,3,,,,,,,421.96391712608073,8900.10196685791
4729995,3170,1670.9124025152428,2161,39,4,False,0,pistol,4,1,,,,,,,552.162732063892,8904.01600241661
4731252,3171,392.39007661941065,1257,21,3,False,0,pistol,4,1,,,,,,,432.37321884821904,8906.923539161682
4733312,3172,768.8061103118949,2060,34,4,False,0,pistol,4,3,,,,,,,552.81146127112,8910.650393009186
4735615,3173,1970.747769963097,2303,39,4,False,0,pistol,4,1,,,,,,,546.8607582195003,8914.86212515831
4737895,3174,1489.172298983396,2280,42,5,True,109,pistol,4,4,,,,,,,565.6389351168137,8918.893394470215
4739923,3175,718.0551509974072,2028,35,4,False,0,pistol,4,2,,,,,,,547.4946669779374,8922.597995519638
4742717,3176,2198.304001692817,2794,48,5,False,0,pistol,4,2,,,,,,,610.5750812801184,8927.174423217773
4744869,3177,937.9544579041694,2152,37,3,True,48,machinegun,4,4,,,,,,,549.3212349053151,8931.092558383942
4747587,3178,2460.290803639407,2718,50,6,False,0,pistol,4,1,,,,,,,456.01140688699684,8937.053284168243
4750630,3179,3582.6996881205673,3043,59,6,True,20,pistol,4,3,,,,,,,621.0352329276179,8941.953585863113
4753030,3180,1144.6207615801343,2400,43,5,False,0,pistol,4,7,,,,,,,533.8647268413526,8946.449443340302
4755332,3181,3114.132965476617,2302,40,5,False,0,pistol,4,4,,,,,,,567.4440354358971,8950.506743431091
4757111,3182,621.5981945749335,1779,30,4,False,0,pistol,4,2,,,,,,,502.90208190000067,8954.04461479187
4758412,3183,492.4733107102719,1301,20,3,False,0,pistol,4,4,,,,,,,432.1127258266088,8957.055788516998
4760997,3184,3134.5343859208815,2585,47,5,True,46,machinegun,4,5,,,,,,,581.8281291664223,8961.499063253403
4763176,3185,774.8247502945563,2179,37,4,False,0,pistol,4,1,,,,,,,535.8855947244689,8965.565572977066
4764679,3186,554.5087943216702,1503,25,3,False,0,pistol,4,2,,,,,,,478.7177635999354,8968.705534934998
4767292,3187,1974.6750000000236,2613,45,5,False,0,pistol,4,1,,,,,,,590.4230976907772,8973.13160610199
4767594,3188,2.065481492193449,302,3,1,False,0,pistol,4,1,,,,,,,766.9140996501698,8973.525708913803
4768877,3189,481.4175150245116,1283,21,3,False,0,pistol,4,2,,,,,,,432.96499369092965,8976.489374637604
4771287,3190,1692.9444261907056,2410,43,4,False,0,pistol,4,2,,,,,,,581.6530827558726,8980.633155107498
4771755,3191,114.00489614588304,468,7,1,False,0,pistol,4,2,,,,,,,907.203041427245,8981.14935183525
4773204,3192,516.5894986793048,1449,24,3,False,0,pistol,4,3,,,,,,,456.6566121079837,8984.322798728943
4774456,3193,407.940000000002,1252,19,2,False,0,pistol,4,1,,,,,,,436.7176883073011,8987.189926147461
4774854,3194,18.82565183270612,398,4,1,False,0,pistol,4,1,,,,,,,879.8271434459365,8987.642718315125
4775579,3195,160.82006943224448,725,10,2,False,0,pistol,4,1,,,,,,,901.0397511471634,8988.447700023651
4777175,3196,469.6299999999985,1596,25,3,False,0,pistol,4,1,,,,,,,481.481683855105,8991.762826681137
4778122,3197,356.5602442401898,947,13,2,False,0,pistol,4,2,,,,,,,375.8624988762939,8994.282722473145
4780116,3198,1663.4822725904369,1994,36,4,False,0,pistol,4,2,,,,,,,534.8869225175105,8998.011065483093
4781371,3199,783.0754933433859,1255,20,2,True,28,machinegun,4,1,,,,,,,855.5174173567017,8999.478354215622
4782973,3200,664.6971399220648,1602,28,3,False,0,pistol,4,1,,,,,,,483.44980727913656,9002.792449951172
4784835,3201,1599.4628477321305,1862,31,4,False,0,pistol,4,4,,,,,,,518.7450269073698,9006.382290363312
4787282,3202,829.1320818651105,2447,43,5,False,0,pistol,4,1,,,,,,,585.9822035684671,9010.558540344238
4787596,3203,-1.6749999999998124,314,3,1,False,0,pistol,4,1,,,,,,,886.2121897863756,9010.913145303726
4788989,3204,537.0557009778678,1393,24,3,False,0,pistol,4,4,,,,,,,470.5178652003085,9013.874011039734
4791775,3205,3192.9509049216817,2786,48,5,False,0,pistol,4,2,,,,,,,598.8733373919925,9018.526441335678
4793470,3206,689.2965981446426,1695,29,3,True,48,machinegun,4,7,,,,,,,493.5752783073266,9021.961049556732
4795368,3207,3117.094445293915,1898,34,4,False,0,pistol,4,2,,,,,,,507.5091472963695,9025.701277256012
4798044,3208,993.8079327107719,2676,45,5,False,0,pistol,4,2,,,,,,,596.8677355978657,9030.185081005096
4800479,3209,2321.9761218593408,2435,45,5,True,64,machinegun,4,8,,,,,,,571.2541208861894,9034.448031902313
4800884,3210,32.95075497105538,405,5,1,False,0,pistol,4,2,,,,,,,200.76528201449221,9036.465717315674
4803245,3211,1075.3812910808151,2361,40,5,False,0,pistol,4,2,,,,,,,533.3285801648819,9040.893042087555
4805575,3212,1252.0658558064442,2330,42,5,True,93,machinegun,4,2,,,,,,,570.5425652757547,9044.977194547653
4806087,3213,116.93582054414168,512,7,1,False,0,pistol,4,3,,,,,,,922.3425264775524,9045.532700777054
4806433,3214,24.903848807772732,346,4,1,False,0,pistol,4,1,,,,,,,860.0371007992755,9045.93544459343
4808883,3215,983.9767326719959,2450,44,5,False,0,pistol,4,3,,,,,,,430.7040341443368,9051.624189853668
4810927,3216,863.8105157206023,2044,36,4,True,50,machinegun,4,3,,,,,,,547.4094895169783,9055.358595609665
4812412,3217,516.874379269835,1485,25,3,False,0,pistol,4,2,,,,,,,923.2005475876072,9056.967578411102
4815296,3218,3645.507890367297,2884,55,6,False,0,pistol,4,8,,,,,,,454.47441127915425,9063.313676834106
4817761,3219,2236.1320615093705,2465,44,5,False,0,pistol,4,1,,,,,,,578.8951307107677,9067.572211027145
4819792,3220,1062.6732592749643,2031,34,4,True,48,machinegun,4,1,,,,,,,535.265892316607,9071.36685872078
4820093,3221,6.4049999999999585,301,4,1,False,0,pistol,4,1,,,,,,,853.6236683317873,9071.719794034958
4822553,3222,3613.8296629361093,2460,45,5,False,0,pistol,4,2,,,,,,,572.8137351102534,9076.014761209488
4825519,3223,2844.1428964639017,2966,53,6,False,0,pistol,4,3,,,,,,,480.45654547254986,9082.188361406326
4827926,3224,1242.896298715927,2407,44,5,True,89,machinegun,4,1,,,,,,,562.2050457560206,9086.470179080963
4828749,3225,205.64616254103268,823,12,2,False,0,pistol,4,2,,,,,,,900.1835336283953,9087.38478064537
4832428,3226,4826.64726656596,3679,74,8,False,0,pistol,4,6,,,,,,,514.8653964590277,9094.530675411224
4834358,3227,677.0493863334118,1930,34,4,False,0,pistol,4,1,,,,,,,522.9642298578023,9098.221495628357
4834938,3228,110.72852823475137,580,9,1,False,0,pistol,4,1,,,,,,,903.2470531274331,9098.864037513733
4837619,3229,2687.6617595162893,2681,51,6,True,31,machinegun,4,1,,,,,,,440.48899420822846,9104.950844287872
4840450,3230,1382.5063127452743,2831,49,5,False,0,pistol,4,4,,,,,,,619.330771459932,9109.522267818451
4842657,3231,2230.1586285786207,2207,39,4,False,0,pistol,4,1,,,,,,,556.8205630770797,9113.486193418503
4843865,3232,369.2030244836294,1208,19,2,False,0,pistol,4,1,,,,,,,415.4312210870044,9116.394374608994
4845942,3233,1743.0473699624931,2077,37,4,True,50,machinegun,4,1,,,,,,,558.0462373640672,9120.116687059402
4848593,3234,2160.155330152474,2651,47,5,False,0,pistol,4,4,,,,,,,604.7040266595997,9124.501029729843
4851405,3235,2482.458138601174,2812,52,6,False,0,pistol,4,1,,,,,,,593.0042674407683,9129.243412017822
4853919,3236,1881.49227400176,2514,43,5,False,0,pistol,4,3,,,,,,,407.6081267575705,9135.411541461945
4855653,3237,821.9889383515359,1734,30,3,False,0,pistol,4,7,,,,,,,894.9819489351596,9137.349488973618
4857980,3238,1798.78446121765,2327,39,4,False,0,pistol,4,1,,,,,,,413.1861050123088,9142.98185300827
4859215,3239,367.52499999999776,1235,20,3,False,0,pistol,4,1,,,,,,,908.479934560947,9144.341671466827
4860392,3240,389.07982281731523,1177,19,2,False,0,pistol,4,3,,,,,,,409.77159267040537,9147.214300632477
4862659,3241,828.2315225741694,2267,40,5,False,0,pistol,4,3,,,,,,,571.2836393301303,9151.182930469513
4864944,3242,1083.2194686225835,2285,41,5,False,0,pistol,4,1,,,,,,,550.6217249689485,9155.333264827728
4866079,3243,392.43543859337444,1135,18,2,False,0,pistol,4,2,,,,,,,410.1733830322588,9158.100723028183
4867142,3244,267.000668739746,1063,17,2,False,0,pistol,4,2,,,,,,,908.5434316449492,9159.271082639694
4869579,3245,2921.157897735068,2437,42,5,False,0,pistol,4,2,,,,,,,574.273571705352,9163.515032529831
4870649,3246,302.7763209374692,1070,17,2,False,0,pistol,4,1,,,,,,,385.464030156154,9166.291284561157
4872107,3247,606.7546206553542,1458,24,3,False,0,pistol,4,4,,,,,,,861.4089169196772,9167.98429775238
4873664,3248,689.8146939771264,1557,26,3,False,0,pistol,4,2,,,,,,,475.4960923298964,9171.259109258652
4876965,3249,4425.523394354113,3301,67,7,True,50,pistol,4,2,,,,,,,486.66320993977814,9178.042413711548
4878798,3250,693.0802411653771,1833,32,4,False,0,pistol,4,3,,,,,,,517.4926272963091,9181.584979772568
4879787,3251,437.28999999999877,989,16,2,False,0,pistol,4,2,,,,,,,868.0348455533416,9182.724662542343
4880098,3252,45.80666084793588,311,4,1,True,50,machinegun,4,1,,,,,,,795.7879458212286,9183.115817546844
4881928,3253,763.7969331806476,1830,31,4,False,0,pistol,4,6,,,,,,,517.1592563815019,9186.654711723328
4882538,3254,139.22605034229332,610,9,1,False,0,pistol,4,1,,,,,,,270.10763658537513,9188.913399934769
4885310,3255,2734.6730772809306,2772,53,6,False,0,pistol,4,1,,,,,,,599.8890623668173,9193.534712314606
4887552,3256,2061.008178443027,2242,40,5,False,0,pistol,4,2,,,,,,,546.050848023545,9197.640899181366
4889940,3257,947.046940912019,2388,41,5,False,0,pistol,4,2,,,,,,,571.1594934699281,9201.822345018387
4893280,3258,4475.058157002965,3340,57,6,False,0,pistol,4,2,,,,,,,484.99080336865114,9208.709476232529
4895186,3259,675.4243957478664,1906,30,4,False,0,pistol,4,1,,,,,,,524.1653807769392,9212.346101522446
4897136,3260,1783.2965348237426,1950,34,4,False,0,pistol,4,1,,,,,,,513.7864680728313,9216.141805887222
4899486,3261,1961.4677493103836,2350,42,5,False,0,pistol,4,2,,,,,,,559.1765413285754,9220.344789028168
4900761,3262,505.2957121431621,1275,22,3,False,0,pistol,4,2,,,,,,,909.6250640196208,9221.74682688713
4902538,3263,679.7596335071895,1777,29,3,False,0,pistol,4,3,,,,,,,473.26442848611515,9225.501894950867
4903663,3264,293.2691639059555,1125,17,2,False,0,pistol,4,2,,,,,,,405.4994919861164,9228.276614189148
4906362,3265,3770.977055558156,2699,47,5,False,0,pistol,4,6,,,,,,,592.437304413434,9232.832856416702
4906771,3266,88.08633801066784,409,6,1,False,0,pistol,4,1,,,,,,,835.1579262020177,9233.322910785675
4908431,3267,625.38066455773,1660,27,3,False,0,pistol,4,1,,,,,,,492.46957070367705,9236.694022417068
4910593,3268,1895.5782115847244,2162,36,4,False,0,pistol,4,1,,,,,,,550.5344163646334,9240.621447563171
4911089,3269,95.58683307284562,496,7,1,False,0,pistol,4,2,,,,,,,908.2539666739576,9241.168024539948
4912369,3270,388.4865000283714,1280,19,1,False,0,pistol,4,1,,,,,,,416.7511136023864,9244.239742279053
4913148,3271,231.8413926011857,779,12,2,False,0,pistol,4,2,,,,,,,915.4687273399719,9245.090970754623
4913559,3272,82.37199915014322,411,6,1,False,0,pistol,4,1,,,,,,,208.77626557351317,9247.059952020645
4914873,3273,419.8200000000001,1314,20,3,True,49,machinegun,4,1,,,,,,,879.3807088861194,9248.554574489594
4916173,3274,426.03624207352163,1300,21,3,False,0,pistol,4,1,,,,,,,438.20287639302285,9251.52164721489
4918136,3275,3244.625495266557,1963,35,4,False,0,pistol,4,2,,,,,,,528.6303495819776,9255.235419273376
4921018,3276,1511.0124086242472,2882,53,6,False,0,pistol,4,1,,,,,,,604.9784430102602,9259.9996945858
4924394,3277,6783.128693284207,3376,70,8,True,90,machinegun,4,9,,,,,,,487.4780971431589,9266.925466775894
4928191,3278,5711.059999999919,3797,70,8,False,0,pistol,4,1,,,,,,,515.0015102636845,9274.29867053032
4930457,3279,2264.503141995236,2266,41,5,False,0,pistol,4,5,,,,,,,563.1180459078743,9278.323090314865
4930950,3280,106.90809022115292,493,7,1,False,0,pistol,4,2,,,,,,,897.3766761867026,9278.872913360596
4933360,3281,1995.77598796084,2410,44,5,False,0,pistol,4,1,,,,,,,584.8907852386759,9282.993741989136
4935010,3282,739.1560426692158,1650,26,3,False,0,pistol,4,1,,,,,,,486.34525881297657,9286.386797904968
4937143,3283,1930.6832559179632,2133,35,4,False,0,pistol,4,3,,,,,,,563.595588552593,9290.171844959259
4939356,3284,1801.6486328640754,2213,39,4,False,0,pistol,4,2,,,,,,,549.3411720729042,9294.200745344162
4942495,3285,3260.2694676462797,3139,60,7,False,0,pistol,4,6,,,,,,,486.5233313296058,9300.652998685837
4944043,3286,632.48603609678,1548,26,3,False,0,pistol,4,1,,,,,,,470.75156535755696,9303.941715478897
4946089,3287,1807.0890132245543,2046,36,4,False,0,pistol,4,1,,,,,,,547.0411066853528,9307.682351112366
4948273,3288,1680.1335792539955,2184,38,3,False,0,pistol,4,1,,,,,,,547.9598203312742,9311.668453454971
4949674,3289,391.22500000000105,1401,21,3,False,0,pistol,4,1,,,,,,,873.244441485524,9313.273188114166
4950796,3290,364.3648205968591,1122,17,2,False,0,pistol,4,1,,,,,,,395.5617392848029,9316.109954357147
4952083,3291,450.2884063087925,1287,20,3,False,0,pistol,4,1,,,,,,,394.0636329412239,9319.376363277435
4952910,3292,275.17440602143415,827,12,2,False,0,pistol,4,2,,,,,,,903.1319034330417,9320.292448043823
4954281,3293,500.3690436634475,1371,21,3,False,0,pistol,4,1,,,,,,,450.6685337966675,9323.334996938705
4955522,3294,1365.0524162180022,1241,20,3,True,3,machinegun,4,5,,,,,,,853.4608257422873,9324.789499759674
4956778,3295,546.6631981670038,1256,20,3,True,46,machinegun,4,1,,,,,,,434.8480842376287,9327.678091287613
4958242,3296,439.44177116703696,1464,21,3,False,0,pistol,4,1,,,,,,,475.37219320183647,9330.758199453354
4959980,3297,550.4349999999919,1738,27,3,False,0,pistol,4,1,,,,,,,861.4648851770188,9332.775995969772
4961297,3298,400.9052283922953,1317,22,3,False,0,pistol,4,1,,,,,,,430.50117743147234,9335.835544347763
4961621,3299,46.18000000000028,324,4,1,False,0,pistol,4,1,,,,,,,878.5035435455625,9336.20473909378
4962796,3300,315.535,1175,17,2,False,0,pistol,4,2,,,,,,,407.3889870145415,9339.089349746704
4964069,3301,1474.7752359314895,1273,19,1,False,0,pistol,4,1,,,,,,,890.6053188297087,9340.519027233124
4965794,3302,1645.7132522271627,1725,28,3,False,0,pistol,4,2,,,,,,,511.1322341040824,9343.89421582222
4967489,3303,577.4299999999886,1695,26,1,False,0,pistol,4,3,,,,,,,507.3649469597798,9347.235436201096
4970262,3304,3572.033366636609,2773,52,6,True,50,machinegun,4,6,,,,,,,600.7576766532748,9351.851597309113
4971503,3305,1471.5599260507686,1241,21,3,False,0,pistol,4,3,,,,,,,427.66458007765965,9354.753820180893
4973991,3306,1953.5850000000432,2488,40,5,False,0,pistol,4,2,,,,,,,595.5218567238363,9358.931998252869
4975358,3307,535.1549999999987,1367,22,3,False,0,pistol,4,1,,,,,,,452.84821296136727,9361.950910806656
4975713,3308,135.36954067822074,355,5,1,False,0,pistol,4,2,,,,,,,889.2616450807992,9362.35058760643
4977318,3309,549.6397131473683,1605,26,3,False,0,pistol,4,1,,,,,,,474.208448597699,9365.735598802567
4979653,3310,2047.4799999999962,2335,37,3,False,0,pistol,4,1,,,,,,,572.1567201293813,9369.816991567612
4980171,3311,119.37500000000041,518,8,1,True,50,machinegun,4,1,,,,,,,907.8792530537745,9370.387966632843
4980583,3312,73.13937853615408,412,6,1,False,0,pistol,4,2,,,,,,,883.9296254105568,9370.8544318676
4981034,3313,79.29139959232766,451,6,1,False,0,pistol,4,1,,,,,,,220.6397285182191,9372.89884018898
4982976,3314,1724.535000000013,1942,34,4,False,0,pistol,4,4,,,,,,,531.1277396853181,9376.555500507355
4983474,3315,109.1422459198634,498,7,1,False,0,pistol,4,2,,,,,,,904.0172046733766,9377.106808185577
4984506,3316,305.5442581914698,1032,17,2,True,50,pistol,4,1,,,,,,,877.0617692750503,9378.283856153488
4987007,3317,2267.461353867885,2501,46,5,False,0,pistol,4,6,,,,,,,426.13047969014286,9384.153277635574
4988042,3318,314.0300000000004,1035,16,2,False,0,pistol,4,1,,,,,,,849.6005721014807,9385.371880531311
4989139,3319,328.17,1097,17,2,False,0,pistol,4,3,,,,,,,397.01836923925987,9388.135425806046
4990891,3320,676.2279353022549,1752,29,2,False,0,pistol,4,1,,,,,,,897.9262009961425,9390.087049722672
4991134,3321,0.27000000000001023,243,3,1,False,0,pistol,4,1,,,,,,,134.3312251707912,9391.896336317062
4994273,3322,3460.8204304388664,3139,60,7,False,0,pistol,4,7,,,,,,,615.1874303260737,9396.999223709106
4997357,3323,6122.839628003215,3084,56,6,True,22,machinegun,4,1,,,,,,,472.0261080644761,9403.533170700073
5000071,3324,3497.26624407501,2714,52,6,False,0,pistol,4,3,,,,,,,599.566198225826,9408.060165405273
