timestep,episode,episode_reward,episode_length,zombies_killed,wave,policy_loss,value_loss,entropy_loss,total_loss,clip_fraction,approx_kl,fps,elapsed_time
1673,1,114.19000000000175,1673,30,4,,,,,,,736.1650302362817,2.2725889682769775
4068,2,192.0700000000041,2395,39,3,,,,,,,427.3238112505053,7.8874452114105225
6118,3,173.1900000000034,2050,37,4,,,,,,,513.4555898509924,11.893766403198242
7211,4,70.61999999999979,1093,18,1,,,,,,,393.5680800450746,14.671136140823364
7965,5,8.04999999999982,754,10,5,,,,,,,873.0399673587114,15.534955739974976
8964,6,41.65999999999925,999,14,2,,,,,,,370.3676590344936,18.232483863830566
10267,7,81.43999999999917,1303,20,3,,,,,,,424.2853576558536,21.303786277770996
11232,8,41.20999999999982,965,15,3,,,,,,,756.0999063539052,22.58030915260315
12077,9,28.91999999999983,845,12,2,,,,,,,826.5444079779718,23.60281777381897
12718,10,3.8900000000000716,641,9,1,,,,,,,260.85541595761885,26.06029486656189
13456,11,15.049999999999933,738,10,2,,,,,,,796.6936818055117,26.986797094345093
14637,12,65.61999999999966,1181,18,2,,,,,,,405.6950296826069,29.898069858551025
15418,13,17.269999999999882,781,11,2,,,,,,,874.0737741159004,30.791791200637817
16437,14,24.459999999999752,1019,16,2,,,,,,,354.6461534836053,33.665197134017944
17496,15,51.71,1059,15,2,,,,,,,906.6212807092671,34.83341145515442
18922,16,99.6900000000007,1426,22,2,,,,,,,411.84599321595636,38.29606914520264
20164,17,72.51999999999987,1242,20,3,,,,,,,758.4725977584451,39.93369698524475
20993,18,27.659999999999904,829,12,1,,,,,,,319.3405271048541,42.52984404563904
23352,19,168.38000000000426,2359,43,5,,,,,,,532.2009070212333,46.962674379348755
26337,20,287.8100000000126,2985,53,4,,,,,,,553.0260154180328,52.360459327697754
28385,21,169.88000000000332,2048,34,4,,,,,,,501.50977145809674,56.45179510116577
29927,22,108.79000000000137,1542,27,4,,,,,,,462.8845087679872,59.78328561782837
30188,23,-41.06000000000006,261,3,1,,,,,,,730.861336324307,60.14061689376831
32210,24,170.22000000000418,2022,34,4,,,,,,,488.72779577084697,64.27805304527283
33350,25,47.93999999999946,1140,18,2,,,,,,,355.1045501667389,67.48852181434631
34430,26,42.38999999999933,1080,16,2,,,,,,,750.9209981450139,68.92695474624634
35635,27,66.11999999999946,1205,17,2,,,,,,,316.08601260182303,72.73939633369446
36727,28,49.3899999999993,1092,17,2,,,,,,,666.8959409473744,74.37710332870483
37635,29,32.44999999999953,908,13,1,,,,,,,305.21745638016716,77.35218453407288
38549,30,18.399999999999565,914,15,2,,,,,,,616.9773750995412,78.83376240730286
39756,31,67.09999999999914,1207,18,2,,,,,,,358.1692450834129,82.20382356643677
41074,32,74.34999999999904,1318,20,3,,,,,,,368.0041390451837,85.78548622131348
42031,33,32.91999999999938,957,13,3,,,,,,,650.3804187310648,87.25716543197632
43718,34,107.39000000000247,1687,25,4,,,,,,,390.15185097126204,91.58126902580261
44423,35,12.059999999999832,705,11,2,,,,,,,671.0319877675008,92.6320447921753
45453,36,45.999999999999204,1030,15,2,,,,,,,374.8957999687076,95.37970638275146
46524,37,52.0699999999993,1071,17,3,,,,,,,720.6665125471322,96.86601901054382
47658,38,40.349999999999206,1134,17,2,,,,,,,330.835463577458,100.29398107528687
49237,39,101.59000000000023,1579,26,3,,,,,,,394.4487538407468,104.29720187187195
49713,40,-15.920000000000007,476,6,1,,,,,,,797.2022908764643,104.8944890499115
51487,41,113.33000000000197,1774,27,3,,,,,,,409.6757975639672,109.22491383552551
52298,42,20.659999999999663,811,12,2,,,,,,,673.9140600126914,110.42850875854492
53846,43,83.04000000000222,1548,23,3,,,,,,,419.096828164095,114.12239527702332
54945,44,68.79999999999968,1099,17,1,,,,,,,857.1963787371029,115.40469408035278
56523,45,118.13000000000115,1578,26,7,,,,,,,398.7481568789809,119.3622739315033
57071,46,-9.19000000000024,548,8,1,,,,,,,815.4916081814598,120.03443622589111
57991,47,37.539999999999495,920,14,3,,,,,,,287.1687255195555,123.23834466934204
59110,48,58.289999999999246,1119,16,2,,,,,,,748.9056528386739,124.73271083831787
61158,49,165.470000000004,2048,29,2,,,,,,,456.5352100279918,129.2188687324524
61802,50,6.829999999999835,644,10,3,,,,,,,244.9232388534307,131.84851694107056
62475,51,14.639999999999915,673,11,4,,,,,,,760.9214169781725,132.73328804969788
63284,52,25.75999999999965,809,12,2,,,,,,,905.1512103878699,133.62722063064575
64535,53,75.08999999999922,1251,19,1,,,,,,,416.4104753964176,136.63161635398865
65666,54,53.21999999999912,1131,17,3,,,,,,,351.9534543019937,139.84537076950073
67613,55,155.58000000000516,1947,33,4,,,,,,,522.1365333304008,143.57454705238342
68839,56,68.01999999999929,1226,18,3,,,,,,,852.5627207376231,145.0128412246704
70343,57,100.06000000000088,1504,23,4,,,,,,,404.37283540646877,148.73232507705688
70954,58,0.9500000000000242,611,9,1,,,,,,,851.856986722475,149.44976687431335
72289,59,76.44999999999938,1335,21,4,,,,,,,372.55076102701236,153.0333743095398
73431,60,50.709999999999255,1142,18,3,,,,,,,873.6042394990108,154.34077262878418
74138,61,14.499999999999815,707,12,2,,,,,,,313.4891562250377,156.59623885154724
76074,62,133.11000000000192,1936,32,4,,,,,,,492.7235647137085,160.5256290435791
77922,63,143.6800000000031,1848,29,3,,,,,,,462.5911009324664,164.52068543434143
79254,64,87.53999999999976,1332,22,4,,,,,,,768.1375879892091,166.2549364566803
80651,65,95.69999999999985,1397,23,3,,,,,,,406.0629360394204,169.69546175003052
82014,66,102.9500000000007,1363,23,3,,,,,,,419.7650109202971,172.94274306297302
83599,67,109.83000000000162,1585,26,2,,,,,,,876.1556216072383,174.75203680992126
84458,68,33.67999999999963,859,13,3,,,,,,,351.76955346766533,177.1941556930542
85516,69,55.969999999999274,1058,16,4,,,,,,,778.9043094853612,178.55265355110168
87427,70,154.20000000000402,1911,33,6,,,,,,,446.0271308505373,182.8373568058014
88656,71,55.70999999999926,1229,18,1,,,,,,,358.47136693401114,186.26602149009705
89115,72,-23.46000000000011,459,7,1,,,,,,,611.3928301488924,187.01702451705933
90782,73,112.83000000000068,1667,27,3,,,,,,,465.3888777731851,190.59912848472595
92289,74,101.51999999999965,1507,25,5,,,,,,,444.3318226830367,193.9908902645111
95998,75,351.6100000000181,3709,65,5,,,,,,,588.7764201695411,200.29060530662537
97750,76,142.23000000000172,1752,29,3,,,,,,,455.89282243172016,204.14650559425354
99903,77,163.67000000000627,2153,37,4,,,,,,,483.6737801376989,208.5980417728424
101694,78,124.88000000000176,1791,29,3,,,,,,,401.3958910453592,213.0601305961609
102412,79,13.849999999999902,718,11,4,,,,,,,254.11367174987907,215.88577961921692
104267,80,131.88000000000247,1855,32,5,,,,,,,845.4503907490719,218.08046555519104
106469,81,195.47000000000494,2202,39,4,,,,,,,536.4763304917152,222.18521213531494
107502,82,47.449999999999235,1033,16,2,,,,,,,350.1558454845968,225.1355311870575
108235,83,13.269999999999769,733,12,1,,,,,,,905.3543194952625,225.9454426765442
109644,84,92.71000000000068,1409,23,3,,,,,,,443.8993014666062,229.11974620819092
110436,85,20.939999999999714,792,12,1,,,,,,,809.3000922857135,230.0985827445984
111772,86,71.48999999999896,1336,21,4,,,,,,,410.8330721937972,233.35075044631958
112791,87,46.44999999999935,1019,15,1,,,,,,,372.4595904909944,236.08679509162903
114342,88,113.76000000000077,1551,27,4,,,,,,,780.4298041933058,238.07439136505127
115416,89,56.98999999999881,1074,18,3,,,,,,,327.98569721386184,241.34908294677734
117147,90,128.98000000000167,1731,29,3,,,,,,,413.4675576721774,245.53578066825867
120036,91,253.9900000000069,2889,56,6,,,,,,,569.1092969724922,250.61235284805298
122302,92,200.49000000000376,2266,39,4,,,,,,,446.5648719327685,255.68786454200745
124391,93,177.88000000000363,2089,38,6,,,,,,,531.0830796183868,259.6215183734894
125360,94,33.10999999999945,969,14,2,,,,,,,337.7146436803901,262.49101758003235
126164,95,23.19999999999959,804,11,4,,,,,,,724.8295979393143,263.60046124458313
127603,96,105.98000000000184,1439,21,3,,,,,,,354.3213523049778,267.66194319725037
128318,97,10.06000000000001,715,9,1,,,,,,,833.0835114917751,268.5203437805176
129286,98,47.6199999999993,968,14,3,,,,,,,308.95614171593184,271.65369057655334
130629,99,70.7299999999989,1343,20,2,,,,,,,822.8767710340145,273.2859869003296
131562,100,31.68999999999975,933,14,4,,,,,,,238.0727233835811,277.2051317691803
132664,101,29.129999999999285,1102,17,2,,,,,,,851.955243864316,278.4987840652466
133564,102,27.35999999999948,900,14,2,,,,,,,306.97379169240116,281.4308636188507
134636,103,43.9699999999994,1072,14,2,,,,,,,670.2237512606865,283.03051567077637
135676,104,45.26999999999932,1040,16,1,,,,,,,242.94875602884747,287.31142807006836
136539,105,29.049999999999578,863,12,3,,,,,,,594.4480203483178,288.7633635997772
137481,106,34.84999999999953,942,15,2,,,,,,,301.0932208814677,291.89218401908875
138426,107,20.35999999999985,945,13,3,,,,,,,799.9660284350394,293.07366371154785
139045,108,1.3500000000000796,619,9,1,,,,,,,788.2352153953162,293.85911989212036
139534,109,-13.940000000000001,489,5,1,,,,,,,221.0485251394288,296.07143568992615
139887,110,-28.09999999999997,353,5,1,,,,,,,808.9953501282403,296.50802063941956
140270,111,-26.380000000000035,383,5,1,,,,,,,870.0056389409709,296.94837617874146
141830,112,96.94999999999999,1560,24,4,,,,,,,374.10537546247775,301.11850666999817
142469,113,1.6800000000000068,639,8,1,,,,,,,800.1223564702145,301.9173336029053
142633,114,-52.38000000000003,164,1,1,,,,,,,889.6477523606777,302.1018400192261
143927,115,83.80999999999965,1294,18,1,,,,,,,391.4220359013862,305.40793466567993
144542,116,-2.1199999999999193,615,9,1,,,,,,,830.7160010679037,306.1483941078186
145524,117,33.91999999999971,982,13,2,,,,,,,349.3359910917258,308.959676027298
146326,118,21.519999999999797,802,12,3,,,,,,,877.4534339516333,309.87390542030334
147233,119,23.89000000000017,907,12,2,,,,,,,759.6812426375454,311.06796383857727
149509,120,172.1100000000021,2276,38,3,,,,,,,272.89700062276495,319.40831780433655
150638,121,61.19999999999905,1129,17,3,,,,,,,749.954699933024,320.9139440059662
152213,122,101.02000000000007,1575,22,3,,,,,,,435.6610563844247,324.5292797088623
153111,123,39.40999999999958,898,12,2,,,,,,,874.040441094568,325.55686354637146
154388,124,74.17999999999863,1277,18,2,,,,,,,357.36025401603814,329.13042306900024
155380,125,47.31999999999961,992,14,2,,,,,,,811.0692504964954,330.35365557670593
156161,126,22.20999999999936,781,10,3,,,,,,,316.68421394047994,332.82004618644714
157003,127,31.36999999999984,842,9,1,,,,,,,862.9759558982541,333.7959361076355
157189,128,-49.900000000000034,186,2,1,,,,,,,829.3465012666517,334.020388841629
158405,129,71.0499999999987,1216,18,2,,,,,,,378.84267277734347,337.23039650917053
159426,130,42.68999999999885,1021,13,3,,,,,,,764.7709034541076,338.56558179855347
160463,131,58.199999999999285,1037,14,1,,,,,,,353.98957310068977,341.49520087242126
161226,132,6.459999999999994,763,12,2,,,,,,,842.4432263331067,342.40108823776245
162058,133,22.930000000000078,832,12,3,,,,,,,295.9371453232427,345.21266865730286
163439,134,89.33999999999969,1381,20,5,,,,,,,823.7072117155359,346.88941717147827
164411,135,4.2499999999995595,972,12,3,,,,,,,322.54036838239045,349.90314531326294
165447,136,54.41999999999953,1036,16,6,,,,,,,849.354758405004,351.1230776309967
166199,137,5.350000000000058,752,10,3,,,,,,,292.56969171678077,353.69354271888733
167201,138,52.59999999999862,1002,13,4,,,,,,,782.2298565267273,354.9747507572174
168385,139,73.07999999999878,1184,17,3,,,,,,,360.844518963561,358.2560896873474
169388,140,49.20999999999923,1003,15,2,,,,,,,690.1416693707648,359.70961117744446
171660,141,192.09000000000378,2272,38,4,,,,,,,402.1807066374559,365.35939145088196
174951,142,299.95000000001545,3291,64,6,,,,,,,317.3166124501395,375.73092889785767
177135,143,166.25000000000333,2184,40,4,,,,,,,389.07973965132095,381.3443605899811
178926,144,131.60000000000176,1791,32,10,,,,,,,412.95051244464446,385.681601524353
180074,145,69.87999999999931,1148,19,1,,,,,,,727.630773843282,387.25950026512146
181359,146,83.16999999999905,1285,19,2,,,,,,,363.1315327544849,390.79835081100464
182726,147,91.51000000000047,1367,19,2,,,,,,,357.4040623012102,394.6233105659485
183692,148,21.199999999999797,966,15,2,,,,,,,704.2064639923248,395.9952130317688
185645,149,162.21000000000328,1953,33,6,,,,,,,429.9186541005381,400.5380709171295
186656,150,56.589999999999264,1011,16,2,,,,,,,305.10231548555436,403.85192108154297
187800,151,60.50999999999918,1144,16,2,,,,,,,751.3685319850631,405.3746635913849
188641,152,21.759999999999614,841,12,2,,,,,,,275.52792885878057,408.4271523952484
189679,153,38.45999999999892,1038,15,3,,,,,,,649.3654513383943,410.0258300304413
190716,154,53.06999999999991,1037,15,2,,,,,,,323.0326817190698,413.2361750602722
191997,155,84.93999999999961,1281,18,2,,,,,,,717.2288629936093,415.0223813056946
192987,156,36.63999999999938,990,15,2,,,,,,,314.0700262330053,418.17470502853394
193449,157,-17.96999999999993,462,7,1,,,,,,,720.1578917441387,418.81638646125793
194119,158,6.8200000000000145,670,10,2,,,,,,,647.8436239986167,419.85073590278625
196111,159,159.13000000000372,1992,32,3,,,,,,,427.09412378483427,424.51495695114136
196875,160,-0.13999999999996504,764,11,4,,,,,,,259.2830625428841,427.461688041687
197928,161,42.41999999999921,1053,16,3,,,,,,,691.3364331746784,428.984986782074
199066,162,54.79999999999927,1138,16,3,,,,,,,311.4136684191218,432.6394364833832
200345,163,74.84000000000043,1279,20,3,,,,,,,674.6546142626207,434.53545928001404
201071,164,17.509999999999707,726,10,3,,,,,,,248.5907330772699,437.4560806751251
202001,165,36.0799999999995,930,12,2,,,,,,,659.5185570304693,438.86637830734253
202826,166,26.419999999999654,825,13,1,,,,,,,253.27286835061892,442.1238739490509
204351,167,97.62000000000131,1525,23,6,,,,,,,553.5050355152645,444.8792061805725
205183,168,26.19999999999967,832,11,2,,,,,,,248.91836089664682,448.22184920310974
206427,169,71.71999999999915,1244,18,2,,,,,,,717.8966067689609,449.9549114704132
207582,170,63.7099999999989,1155,16,2,,,,,,,316.3141091709863,453.6064946651459
209063,171,86.49999999999908,1481,22,2,,,,,,,368.8800143709517,457.6215133666992
210065,172,27.739999999999384,1002,15,1,,,,,,,749.6385504001576,458.95831203460693
210855,173,18.229999999999848,790,11,2,,,,,,,658.7412605207744,460.157719373703
211875,174,47.219999999999104,1020,12,3,,,,,,,316.8253584103509,463.37730073928833
212540,175,5.009999999999977,665,10,2,,,,,,,713.996455631785,464.30883622169495
214273,176,131.81000000000006,1733,30,3,,,,,,,407.827415856017,468.55833983421326
214510,177,-41.65000000000005,237,3,1,,,,,,,691.1592033574462,468.901415348053
214949,178,-18.65999999999999,439,6,1,,,,,,,691.4229641262037,469.5364799499512
216337,179,91.54999999999936,1388,20,5,,,,,,,373.7826034922453,473.2500436306
217354,180,41.639999999999795,1017,15,2,,,,,,,314.38009149553756,476.48518562316895
218427,181,50.90999999999944,1073,14,2,,,,,,,784.8212147993552,477.8525106906891
219198,182,21.789999999999694,771,11,2,,,,,,,265.58713831626994,480.7556846141815
220106,183,24.859999999999395,908,13,3,,,,,,,704.4006464664998,482.0448989868164
221023,184,37.09999999999999,917,13,2,,,,,,,705.4382031704376,483.3449900150299
221948,185,29.969999999999324,925,13,4,,,,,,,301.45356528114553,486.4135961532593
223248,186,71.23999999999914,1300,19,1,,,,,,,346.6637793887393,490.1637680530548
223941,187,7.580000000000091,693,10,2,,,,,,,628.9722922666547,491.2657985687256
224566,188,2.2100000000001003,625,10,2,,,,,,,698.5841987110473,492.16061758995056
225876,189,75.2399999999993,1310,18,2,,,,,,,375.57974460481694,495.6487171649933
226510,190,8.029999999999987,634,9,1,,,,,,,762.3578309291189,496.48048639297485
227312,191,6.620000000000033,802,12,3,,,,,,,692.5310595328558,497.6387221813202
228501,192,53.859999999998834,1189,17,4,,,,,,,342.520562178438,501.1102349758148
229993,193,77.60999999999865,1492,24,4,,,,,,,381.6115216538369,505.0201201438904
231428,194,85.32999999999949,1435,20,1,,,,,,,368.24643011213334,508.9171404838562
232341,195,42.03999999999988,913,14,2,,,,,,,743.4002308202272,510.1454813480377
233476,196,60.31999999999924,1135,18,2,,,,,,,331.83633691627506,513.5660099983215
234630,197,74.68999999999944,1154,16,2,,,,,,,658.0952618953643,515.3197374343872
235571,198,38.02999999999954,941,12,2,,,,,,,298.4263939693498,518.47309923172
236230,199,-4.459999999999951,659,10,1,,,,,,,704.993364909569,519.4080078601837
236588,200,-28.80000000000011,358,6,1,,,,,,,696.7114288524748,519.9220008850098
237674,201,43.30999999999935,1086,15,1,,,,,,,329.59385798145047,523.2171127796173
238230,202,-5.909999999999904,556,8,1,,,,,,,706.4369135323769,524.0043308734894
238748,203,-10.159999999999958,518,7,1,,,,,,,747.6233311253151,524.6973810195923
239176,204,-23.319999999999965,428,7,1,,,,,,,730.0419124150818,525.2837948799133
240880,205,122.15000000000218,1704,27,3,,,,,,,382.173690871805,529.7426459789276
241842,206,44.95999999999978,962,12,4,,,,,,,241.7400382418113,533.722327709198
242746,207,28.98999999999974,904,12,6,,,,,,,599.4975924603073,535.2304079532623
243694,208,39.68999999999971,948,15,3,,,,,,,710.9940670031679,536.5639503002167
244706,209,44.839999999999286,1012,15,4,,,,,,,315.52668362058887,539.7714560031891
245902,210,55.96999999999853,1196,17,2,,,,,,,294.6879368392026,543.8301494121552
247088,211,48.68999999999888,1186,17,1,,,,,,,639.0110195785294,545.6863198280334
248513,212,63.939999999999344,1425,22,3,,,,,,,373.0777071695364,549.5060408115387
249797,213,64.25999999999846,1284,18,1,,,,,,,722.1524200715838,551.2842211723328
252183,214,186.0200000000036,2386,44,6,,,,,,,334.1112655312049,558.4256892204285
253910,215,137.06000000000273,1727,29,3,,,,,,,711.4600906135034,560.8532376289368
255349,216,99.24000000000117,1439,24,4,,,,,,,382.04782963142685,564.6199791431427
256083,217,5.6200000000001324,734,9,1,,,,,,,262.89489802958997,567.412112236023
256590,218,-16.42000000000004,507,7,1,,,,,,,752.9059660686177,568.0856623649597
257155,219,-0.6799999999999997,565,9,1,,,,,,,775.2948551013865,568.8145568370819
259153,220,127.22000000000143,1998,33,5,,,,,,,450.3147575835883,573.2516398429871
259949,221,6.669999999999682,796,12,2,,,,,,,781.0399055640215,574.270947933197
261679,222,110.41000000000084,1730,28,3,,,,,,,403.7718252061513,578.5556888580322
262064,223,-40.98000000000005,385,6,1,,,,,,,724.36616666719,579.087345123291
263055,224,46.83999999999967,991,15,3,,,,,,,311.67734576356895,582.2670800685883
264291,225,53.529999999998594,1236,18,3,,,,,,,358.8576401476227,585.7114951610565
265209,226,26.789999999999807,918,14,2,,,,,,,705.6100991112552,587.0126683712006
266672,227,85.54999999999919,1463,21,3,,,,,,,391.16200676510016,590.7529487609863
268008,228,78.87999999999901,1336,21,3,,,,,,,706.3547768781726,592.6445190906525
268473,229,-27.790000000000077,465,5,1,,,,,,,192.47496869884603,595.0606079101562
269172,230,13.229999999999919,699,11,2,,,,,,,751.3768824027507,595.9910695552826
269939,231,16.90999999999992,767,11,2,,,,,,,758.7208820982286,597.0021681785583
271277,232,71.92999999999915,1338,21,3,,,,,,,376.16909816803883,600.5592460632324
273025,233,131.97000000000332,1748,28,3,,,,,,,408.844872963065,604.8348858356476
274283,234,80.07999999999907,1258,19,2,,,,,,,762.2530367706246,606.4854004383087
275364,235,49.1799999999991,1081,18,2,,,,,,,338.1602349826085,609.6822462081909
278242,236,259.3400000000079,2878,59,7,,,,,,,490.6259937332962,615.5483739376068
279077,237,30.50999999999918,835,11,2,,,,,,,289.09544190469427,618.436853647232
280300,238,61.30999999999886,1223,17,3,,,,,,,756.0076749836886,620.0547454357147
280790,239,-16.479999999999983,490,6,1,,,,,,,200.72428805059886,622.4960429668427
281735,240,42.849999999999554,945,12,6,,,,,,,694.9025762617014,623.8560848236084
282317,241,-20.49000000000009,582,7,1,,,,,,,710.6438069153921,624.6751980781555
282905,242,-12.090000000000014,588,8,1,,,,,,,223.176096632483,627.3100612163544
283867,243,49.699999999999264,962,12,2,,,,,,,685.7762856774286,628.7130284309387
285061,244,57.96999999999927,1194,18,2,,,,,,,350.5683770178861,632.1191520690918
287428,245,212.2800000000044,2367,40,11,,,,,,,458.1968331726923,637.2852058410645
288150,246,12.669999999999838,722,11,2,,,,,,,706.7675172666658,638.3069195747375
288719,247,-3.9699999999999704,569,5,1,,,,,,,715.7193381896482,639.1020724773407
289638,248,30.499999999999353,919,10,11,,,,,,,285.7802034969651,642.3180100917816
290303,249,-2.0399999999998926,665,8,1,,,,,,,682.7468765910783,643.292177438736
291485,250,42.16999999999902,1182,18,7,,,,,,,333.2138527597342,646.8396632671356
292856,251,88.61999999999858,1371,21,4,,,,,,,690.2960909688397,648.826003074646
293802,252,40.70999999999962,946,12,2,,,,,,,254.49522144572978,652.5433230400085
294235,253,-9.249999999999794,433,6,1,,,,,,,577.1766418291339,653.293806552887
295397,254,62.3499999999994,1162,17,2,,,,,,,263.12616596739485,657.7101428508759
296040,255,3.959999999999969,643,8,1,,,,,,,567.1333597595147,658.8441023826599
297550,256,103.43999999999984,1510,24,3,,,,,,,303.64198028642477,663.81724858284
299523,257,133.20000000000226,1973,33,5,,,,,,,384.0816506573891,668.9543504714966
300899,258,80.20000000000098,1376,22,3,,,,,,,794.1574683337377,670.6871907711029
302006,259,34.77999999999919,1107,18,2,,,,,,,365.86395149607966,673.7130680084229
302615,260,-3.6699999999999093,609,7,1,,,,,,,871.7591881199472,674.4117879867554
304690,261,152.86000000000422,2075,37,4,,,,,,,508.52557582766326,678.4924280643463
305450,262,6.269999999999776,760,9,1,,,,,,,308.08812268275796,680.9593999385834
306940,263,96.71999999999987,1490,25,3,,,,,,,876.3507313962183,682.6598587036133
309438,264,227.1100000000074,2498,44,6,,,,,,,356.0685079120736,689.6755788326263
310218,265,23.849999999999696,780,13,2,,,,,,,720.6528518432773,690.7580914497375
311197,266,44.42999999999935,979,15,3,,,,,,,720.8722071673196,692.1163170337677
311587,267,-26.969999999999978,390,4,1,,,,,,,168.92561877641432,694.4251749515533
312009,268,-22.770000000000053,422,5,1,,,,,,,755.2548085723733,694.9841113090515
313222,269,70.62999999999948,1213,18,3,,,,,,,746.4255080601396,696.6093227863312
316375,270,295.2300000000114,3153,56,5,,,,,,,404.756779309434,704.3993618488312
316930,271,-25.710000000000072,555,6,1,,,,,,,748.1612759219043,705.1413481235504
318815,272,126.69999999999972,1885,32,8,,,,,,,443.4476667834422,709.3923017978668
321616,273,255.95000000000772,2801,50,6,,,,,,,342.0365323949982,717.5816628932953
322766,274,53.15999999999908,1150,16,2,,,,,,,563.7430922195628,719.6217601299286
323353,275,-13.43999999999994,587,9,1,,,,,,,538.666000387253,720.7116539478302
325497,276,169.18000000000345,2144,40,8,,,,,,,344.0105479471235,726.944216966629
327223,277,141.73000000000255,1726,29,4,,,,,,,347.01718253942954,731.9181854724884
329800,278,216.4300000000049,2577,48,5,,,,,,,328.6024510440716,739.7606763839722
331463,279,113.03999999999961,1663,25,2,,,,,,,691.1200331176682,742.1670794487
333754,280,199.57000000000602,2291,43,4,,,,,,,456.30773302944317,747.1879608631134
335727,281,155.38000000000534,1973,33,5,,,,,,,424.08599585771935,751.840484380722
337214,282,100.16000000000146,1487,26,5,,,,,,,329.83659858657853,756.348974943161
339070,283,143.59000000000202,1856,30,6,,,,,,,397.5336226352003,761.017942905426
340710,284,124.96000000000024,1640,24,1,,,,,,,389.61095536849825,765.2274262905121
342168,285,101.52000000000018,1458,24,5,,,,,,,340.34803606680185,769.5114517211914
344057,286,144.6600000000044,1889,29,2,,,,,,,646.5174450295684,772.4334497451782
345534,287,100.96000000000012,1477,21,4,,,,,,,384.188481093546,776.2780683040619
347198,288,101.49000000000099,1664,27,2,,,,,,,351.70568666096125,781.0094566345215
348643,289,85.67999999999975,1445,25,3,,,,,,,320.73125063701525,785.5149970054626
349619,290,35.63999999999931,976,13,3,,,,,,,708.652324805216,786.892463684082
350609,291,49.65999999999936,990,14,2,,,,,,,308.1801628492609,790.1050407886505
351663,292,53.67999999999923,1054,15,3,,,,,,,728.2229990365138,791.5526022911072
352610,293,40.719999999999516,947,13,5,,,,,,,300.43039600782146,794.7049012184143
354036,294,90.43999999999977,1426,21,6,,,,,,,732.0736392156277,796.6529350280762
355395,295,85.48000000000009,1359,23,7,,,,,,,368.1958998905113,800.3440473079681
357122,296,118.12000000000195,1727,32,4,,,,,,,420.3032776697686,804.4532423019409
358418,297,79.50999999999881,1296,19,2,,,,,,,351.6082140912939,808.1393382549286
359743,298,69.35999999999932,1325,22,4,,,,,,,703.9157426915637,810.0218377113342
363414,299,349.1700000000164,3671,73,8,,,,,,,404.792567078967,819.0908644199371
364956,300,101.62000000000032,1542,25,3,,,,,,,436.8984028079884,822.6204388141632
365824,301,19.42999999999911,868,13,1,,,,,,,634.0570217611314,823.9895970821381
366638,302,30.029999999999617,814,12,2,,,,,,,320.2992408595955,826.5311441421509
367552,303,41.02999999999953,914,13,6,,,,,,,872.5593474913537,827.5787925720215
369103,304,129.5700000000025,1551,25,2,,,,,,,340.1715123175694,832.1384897232056
370900,305,135.0300000000027,1797,30,4,,,,,,,385.2104632268229,836.8036954402924
372050,306,56.90999999999913,1150,17,3,,,,,,,850.1100475298172,838.1565871238708
373339,307,75.84999999999877,1289,18,1,,,,,,,406.0316698910131,841.331356048584
374689,308,70.65999999999937,1350,20,4,,,,,,,832.2112471990469,842.9537279605865
375141,309,-31.759999999999994,452,5,1,,,,,,,203.28733976914253,845.1773316860199
376877,310,130.8900000000022,1736,29,2,,,,,,,399.50357148363435,849.5229070186615
377948,311,54.20999999999908,1071,14,3,,,,,,,880.5291494359309,850.7393577098846
378367,312,-22.22999999999999,419,6,1,,,,,,,760.4410022305926,851.2905201911926
378911,313,-6.859999999999989,544,8,1,,,,,,,203.56584624484717,853.9630346298218
379521,314,-10.690000000000095,610,9,1,,,,,,,718.82361898597,854.8118388652802
380292,315,8.539999999999928,771,10,2,,,,,,,807.2482869920232,855.7670867443085
381040,316,14.129999999999725,748,10,3,,,,,,,285.029734733889,858.3915271759033
382235,317,70.99999999999963,1195,20,3,,,,,,,713.8223083940956,860.0657753944397
383447,318,48.17999999999931,1212,17,4,,,,,,,371.24345854109214,863.3306972980499
384777,319,71.62999999999985,1330,22,3,,,,,,,741.5659037502594,865.1243731975555
385521,320,15.149999999999892,744,8,1,,,,,,,298.20506926094015,867.6194367408752
386957,321,96.91000000000123,1436,22,3,,,,,,,777.8013368116247,869.465877532959
387734,322,13.019999999999932,777,11,3,,,,,,,302.8598136416983,872.0315716266632
389412,323,105.63000000000153,1678,29,4,,,,,,,447.99778790480684,875.7773871421814
390781,324,91.93000000000139,1369,21,3,,,,,,,831.5412929173331,877.4239661693573
391140,325,-26.190000000000072,359,4,1,,,,,,,895.1447064922218,877.8252065181732
392146,326,44.72999999999915,1006,15,1,,,,,,,359.84310097510973,880.6210556030273
393677,327,86.48999999999904,1531,26,4,,,,,,,434.490769570433,884.144971370697
395672,328,151.08000000000374,1995,34,6,,,,,,,443.43151411996985,888.6441843509674
398027,329,194.0500000000064,2355,40,4,,,,,,,559.5992154405096,892.8526911735535
400028,330,168.32000000000534,2001,35,4,,,,,,,427.404538376184,897.5346214771271
401810,331,127.25000000000308,1782,30,3,,,,,,,402.10381000804773,901.966498374939
403255,332,99.19000000000068,1445,23,3,,,,,,,711.8993412830415,903.9964554309845
405428,333,184.05000000000587,2173,40,4,,,,,,,425.3256721827144,909.1056594848633
408152,334,232.9800000000088,2724,53,7,,,,,,,380.7858630206163,916.2595319747925
411119,335,244.2800000000112,2967,58,6,,,,,,,527.7515362130769,921.8816564083099
412878,336,122.85000000000413,1759,33,8,,,,,,,373.70877759001735,926.588737487793
415790,337,270.0300000000067,2912,55,6,,,,,,,305.560422820634,936.1189472675323
417981,338,196.0500000000053,2191,36,3,,,,,,,370.829271902766,942.0275580883026
419473,339,103.73000000000086,1492,24,3,,,,,,,626.4721343654702,944.4093518257141
420874,340,97.21000000000012,1401,22,5,,,,,,,329.06132799388405,948.6670727729797
422634,341,119.40000000000093,1760,31,4,,,,,,,349.4619768035426,953.7035462856293
424327,342,116.30000000000142,1693,25,2,,,,,,,347.04999700892984,958.582014799118
425524,343,57.099999999999746,1197,18,2,,,,,,,645.9276585687619,960.4353406429291
427116,344,120.65000000000103,1592,26,4,,,,,,,352.80079993089106,964.9479568004608
429619,345,217.83000000000715,2503,43,8,,,,,,,385.0171855524911,971.4491419792175
430355,346,11.319999999999709,736,10,4,,,,,,,226.01031327791517,974.7058053016663
432981,347,221.4900000000086,2626,44,4,,,,,,,411.8817031767669,981.0815906524658
434078,348,56.729999999999045,1097,17,2,,,,,,,591.6741277819727,982.935830116272
435117,349,42.069999999999574,1039,17,2,,,,,,,284.597369747459,986.5867466926575
436093,350,45.45999999999917,976,16,2,,,,,,,786.7612446678986,987.8274781703949
438029,351,149.95000000000266,1936,33,4,,,,,,,394.0894508718,992.7402226924896
438924,352,38.479999999999414,895,15,1,,,,,,,294.8386172006613,995.7759704589844
440669,353,127.30000000000234,1745,29,3,,,,,,,419.09728370630336,999.9398248195648
442126,354,83.11999999999875,1457,21,2,,,,,,,702.5098567023116,1002.013959646225
443036,355,35.619999999999656,910,14,2,,,,,,,236.48925279127417,1005.8621141910553
444826,356,132.54000000000377,1790,30,5,,,,,,,357.83430247729507,1010.8646414279938
447203,357,197.5400000000064,2377,45,6,,,,,,,344.1018923073031,1017.7726359367371
448071,358,27.899999999999565,868,14,3,,,,,,,588.4719509470914,1019.2478535175323
449789,359,125.16000000000352,1718,29,3,,,,,,,348.537067770973,1024.1771767139435
450714,360,36.01999999999941,925,16,2,,,,,,,223.03354570702248,1028.3246903419495
452056,361,90.62000000000111,1342,22,2,,,,,,,618.221438309666,1030.495641708374
453560,362,101.69000000000099,1504,24,3,,,,,,,305.00241633437395,1035.4269330501556
454519,363,30.459999999999823,959,15,2,,,,,,,516.9477728643443,1037.28222322464
456805,364,208.25000000000358,2286,41,6,,,,,,,284.89408065745243,1045.3065011501312
458800,365,134.28000000000372,1995,36,5,,,,,,,357.19891802615973,1050.8918249607086
461866,366,305.66000000001264,3066,54,5,,,,,,,436.754867284589,1057.9119584560394
464353,367,219.3000000000074,2487,43,5,,,,,,,397.7235535975654,1064.1652467250824
466054,368,128.20000000000283,1701,27,3,,,,,,,344.1738282321283,1069.1076986789703
466554,369,-23.129999999999903,500,5,1,,,,,,,539.1542344963258,1070.0352528095245
467550,370,45.57999999999967,996,14,2,,,,,,,269.9640291958652,1073.7248368263245
469406,371,137.85000000000036,1856,29,3,,,,,,,357.61029320023806,1078.915064573288
470354,372,33.30999999999956,948,15,2,,,,,,,607.6510033759915,1080.475349187851
472730,373,165.8700000000029,2376,41,4,,,,,,,398.0372704129541,1086.4448351860046
475169,374,221.81000000000643,2439,43,5,,,,,,,286.6955942055354,1094.9522716999054
475741,375,-5.29999999999999,572,8,1,,,,,,,600.5403512214854,1095.9049227237701
476773,376,57.799999999999045,1032,15,3,,,,,,,599.9554977602791,1097.625202178955
477504,377,13.829999999999941,731,10,1,,,,,,,221.01027635184823,1100.9329044818878
478244,378,13.909999999999798,740,10,4,,,,,,,635.2255237545576,1102.098058462143
479291,379,45.84999999999946,1047,15,3,,,,,,,289.87047806384965,1105.710168838501
480090,380,17.67999999999971,799,12,2,,,,,,,644.9690561017894,1106.949194908142
480990,381,33.599999999999554,900,12,3,,,,,,,640.6593156680815,1108.35418009758
481854,382,24.889999999999674,864,13,2,,,,,,,259.1450669577045,1111.6884324550629
482604,383,21.090000000000025,750,11,2,,,,,,,649.806858885111,1112.842878818512
483406,384,22.66999999999991,802,12,3,,,,,,,244.80937122401417,1116.1190621852875
484722,385,73.6899999999999,1316,21,1,,,,,,,668.2061327905724,1118.088670015335
485633,386,35.39999999999961,911,12,3,,,,,,,266.6673746138272,1121.5050930976868
486695,387,43.929999999999325,1062,16,3,,,,,,,603.105171280428,1123.2661871910095
487463,388,18.12999999999984,768,9,1,,,,,,,233.5337241577606,1126.5549757480621
488830,389,84.01999999999921,1367,23,3,,,,,,,672.7208862586266,1128.587213754654
489607,390,17.769999999999676,777,8,1,,,,,,,247.78496869285513,1131.7232086658478
491758,391,164.2200000000065,2151,34,3,,,,,,,379.6483214225103,1137.3892030715942
492971,392,70.67000000000037,1213,18,2,,,,,,,605.5713513060568,1139.3924560546875
494425,393,86.85000000000068,1454,22,3,,,,,,,343.48549679931716,1143.6256985664368
495703,394,78.19999999999948,1278,22,4,,,,,,,386.15688111668163,1146.9353938102722
497108,395,80.16000000000055,1405,23,4,,,,,,,832.5213131493789,1148.6232409477234
498081,396,30.379999999999534,973,14,2,,,,,,,344.11321290862446,1151.4509801864624
499380,397,90.00000000000023,1299,17,2,,,,,,,576.5024090059811,1153.7043850421906
499925,398,-9.16,545,8,1,,,,,,,236.17037732470808,1156.0122473239899
501436,399,95.67000000000071,1511,22,2,,,,,,,763.6802912052318,1157.991027355194
502850,400,99.6100000000012,1414,22,3,,,,,,,328.5310783166678,1162.2952346801758
503652,401,25.5899999999995,802,12,2,,,,,,,705.7106273921723,1163.4318599700928
504313,402,6.190000000000076,661,9,1,,,,,,,246.4274245983272,1166.1143651008606
505673,403,82.39999999999995,1360,20,5,,,,,,,821.2627101818662,1167.7704949378967
506502,404,11.640000000000093,829,12,2,,,,,,,308.71543663298365,1170.456034898758
507426,405,28.599999999999866,924,14,2,,,,,,,685.7335334395203,1171.80380320549
507835,406,-28.750000000000043,409,3,1,,,,,,,432.6287501970254,1172.7493579387665
508871,407,50.79999999999927,1036,15,2,,,,,,,258.7031667256672,1176.7541365623474
510568,408,113.08000000000074,1697,28,4,,,,,,,363.2975651007333,1181.4253945350647
511238,409,-3.990000000000002,670,8,1,,,,,,,646.1365811262275,1182.46249127388
512377,410,50.07999999999893,1139,19,2,,,,,,,292.12065402621676,1186.3617658615112
514183,411,134.46000000000225,1806,26,2,,,,,,,375.91484326850866,1191.1662273406982
515846,412,119.12000000000188,1663,27,5,,,,,,,623.7218453530755,1193.832644701004
518136,413,202.96000000000754,2290,37,4,,,,,,,408.5350033793081,1199.4382617473602
519738,414,104.05000000000186,1602,24,3,,,,,,,345.38838040554515,1204.076712846756
520833,415,56.57999999999933,1095,17,3,,,,,,,274.80892703024455,1208.0615470409393
521877,416,50.30999999999906,1044,16,1,,,,,,,499.77519931757115,1210.1508350372314
523125,417,77.35999999999939,1248,18,2,,,,,,,277.7824950730607,1214.6437165737152
525121,418,153.4200000000024,1996,32,4,,,,,,,393.4493395068343,1219.7170169353485
526928,419,148.49000000000143,1807,31,7,,,,,,,346.19304170518785,1224.936806678772
527926,420,46.36999999999914,998,15,2,,,,,,,670.4028138909117,1226.4256284236908
529444,421,111.14999999999995,1518,21,4,,,,,,,354.14134097235564,1230.7122385501862
530189,422,20.869999999999735,745,10,2,,,,,,,621.5814543036382,1231.9109771251678
531361,423,69.9800000000001,1172,17,2,,,,,,,291.2144101635501,1235.9356880187988
532623,424,79.48999999999953,1262,19,3,,,,,,,288.85188438986887,1240.3048720359802
533690,425,38.599999999999305,1067,14,2,,,,,,,651.4117321355013,1241.9430096149445
534642,426,42.289999999999566,952,14,5,,,,,,,276.31736471046753,1245.388473033905
535902,427,79.52999999999977,1260,18,2,,,,,,,670.7544126583782,1247.267141342163
536782,428,26.719999999999537,880,13,3,,,,,,,265.29004220289374,1250.584461927414
538546,429,124.66000000000138,1764,28,3,,,,,,,618.0032535841045,1253.438984632492
540735,430,187.14000000000493,2189,36,4,,,,,,,259.3724530804515,1261.8787372112274
541480,431,14.489999999999611,745,10,4,,,,,,,581.4791041062696,1263.1601572036743
542091,432,-0.6900000000001327,611,9,1,,,,,,,629.6893382894951,1264.1306974887848
543961,433,95.05000000000109,1870,32,4,,,,,,,342.7718420919455,1269.5863728523254
545403,434,85.7899999999992,1442,24,4,,,,,,,274.33577083073277,1274.8430306911469
546658,435,73.88000000000028,1255,20,2,,,,,,,570.0155686645027,1277.0450038909912
548064,436,93.3699999999996,1406,21,3,,,,,,,338.08097570545385,1281.203955411911
549049,437,43.5399999999991,985,14,2,,,,,,,236.21514604135646,1285.374085187912
551070,438,157.31000000000355,2021,35,4,,,,,,,392.70153257441604,1290.5206716060638
553152,439,175.03000000000327,2082,37,5,,,,,,,372.21547485883264,1296.1143732070923
555946,440,243.58000000000766,2794,49,4,,,,,,,426.47963207756493,1302.6659572124481
558485,441,213.9300000000087,2539,47,6,,,,,,,409.01460703101037,1308.8737506866455
560379,442,135.39000000000374,1894,35,6,,,,,,,374.4191492676002,1313.9324650764465
561931,443,111.61000000000173,1552,25,2,,,,,,,330.07419099100196,1318.6346230506897
563576,444,107.9000000000011,1645,27,3,,,,,,,342.38043979884816,1323.4393763542175
565096,445,101.40000000000022,1520,24,3,,,,,,,646.4137349109782,1325.7910149097443
566206,446,52.129999999999484,1110,17,2,,,,,,,291.31804203943017,1329.6014578342438
566954,447,6.339999999999925,748,11,1,,,,,,,645.7636542522755,1330.760052204132
568155,448,70.82999999999889,1201,18,4,,,,,,,297.4983749490326,1334.7972049713135
569578,449,91.51999999999944,1423,25,3,,,,,,,328.51830388298146,1339.1289274692535
571515,450,133.18000000000183,1937,36,6,,,,,,,374.6992762690197,1344.2985861301422
572992,451,95.94999999999956,1477,23,3,,,,,,,632.6661278525438,1346.6333792209625
573503,452,-12.710000000000024,511,8,1,,,,,,,171.12079640987056,1349.6198008060455
574566,453,45.379999999999804,1063,16,3,,,,,,,612.5409292310474,1351.3553490638733
575222,454,3.1299999999999457,656,10,3,,,,,,,531.5062765515206,1352.5897443294525
576030,455,30.299999999999798,808,13,1,,,,,,,243.45140282054703,1355.9088697433472
576611,456,-4.910000000000025,581,9,1,,,,,,,604.588635257907,1356.8700621128082
577325,457,-4.260000000000005,714,10,1,,,,,,,635.0719149983852,1357.9945302009583
577737,458,-22.63000000000003,412,6,1,,,,,,,155.8629869463359,1360.6380767822266
578446,459,6.389999999999866,709,11,2,,,,,,,589.0012985212386,1361.8419871330261
579569,460,64.49999999999929,1123,17,2,,,,,,,636.8183538537271,1363.6056506633759
580300,461,11.539999999999921,731,11,3,,,,,,,228.5877450830917,1366.803777217865
582061,462,135.91000000000207,1761,30,8,,,,,,,371.39832557802754,1371.5455057621002
582934,463,25.259999999999494,873,13,2,,,,,,,637.5204498267185,1372.9150443077087
584120,464,76.77999999999935,1186,18,2,,,,,,,293.56390876985995,1376.9551939964294
585368,465,80.01999999999944,1248,20,3,,,,,,,625.2737127785635,1378.9513516426086
585695,466,-33.35000000000006,327,4,1,,,,,,,669.4318882003585,1379.440006494522
587239,467,99.89999999999978,1544,23,5,,,,,,,353.2327520452138,1383.8112745285034
588471,468,79.69000000000024,1232,20,7,,,,,,,304.12634993529184,1387.8623750209808
589798,469,83.55000000000032,1327,19,2,,,,,,,639.5366488152033,1389.9374952316284
591203,470,93.80000000000027,1405,22,4,,,,,,,335.25101711726654,1394.1285812854767
592521,471,82.51999999999992,1318,20,4,,,,,,,297.58648230682076,1398.557703256607
593409,472,34.029999999999646,888,14,5,,,,,,,672.6420188749405,1399.8780663013458
594928,473,107.54999999999951,1519,24,2,,,,,,,341.24556057643076,1404.3295896053314
595822,474,36.35999999999953,894,13,2,,,,,,,643.9779464158289,1405.7180211544037
597420,475,104.38000000000133,1598,23,4,,,,,,,355.18885067527236,1410.217211484909
599137,476,128.85000000000355,1717,26,3,,,,,,,374.3291253303621,1414.8042328357697
600485,477,92.37000000000037,1348,20,4,,,,,,,310.45734018830865,1419.1463749408722
602376,478,126.23000000000144,1891,30,3,,,,,,,395.6525796490231,1423.9260184764862
603525,479,67.2799999999991,1149,18,2,,,,,,,645.4944750796612,1425.706268787384
604070,480,-8.029999999999973,545,7,1,,,,,,,646.4935120029571,1426.5494759082794
604878,481,22.59999999999973,808,11,2,,,,,,,247.64708665176886,1429.8123831748962
605723,482,27.789999999999594,845,12,2,,,,,,,648.2340996687852,1431.1160793304443
606671,483,26.559999999999683,948,15,1,,,,,,,279.38842535729844,1434.5093512535095
607514,484,11.359999999999658,843,12,3,,,,,,,656.655614437962,1435.7932841777802
609757,485,163.4600000000058,2243,36,2,,,,,,,383.43551496928404,1441.6432180404663
611407,486,117.63000000000027,1650,28,4,,,,,,,311.4511113540299,1446.9411780834198
613550,487,173.89000000000175,2143,36,3,,,,,,,444.2459189905482,1451.7652399539948
615878,488,191.1300000000042,2328,40,10,,,,,,,558.2113591144757,1455.9358930587769
618120,489,166.2000000000051,2242,39,5,,,,,,,553.9003606855676,1459.9837672710419
620991,490,262.8000000000122,2871,56,6,,,,,,,463.09831265394746,1466.1834707260132
622152,491,53.87999999999858,1161,17,2,,,,,,,887.8306641153804,1467.4913296699524
623043,492,21.969999999999864,891,12,2,,,,,,,317.7861313820199,1470.2952723503113
623818,493,23.019999999999804,775,11,2,,,,,,,570.5442292212755,1471.6537799835205
624686,494,28.54999999999921,868,11,2,,,,,,,243.48460758957282,1475.21888589859
625399,495,0.2799999999999727,713,8,1,,,,,,,671.6478127091502,1476.2806069850922
626515,496,51.83000000000041,1116,15,2,,,,,,,668.247414862343,1477.9508028030396
627875,497,89.21000000000073,1360,20,2,,,,,,,332.40526069723103,1482.0423419475555
629448,498,90.82000000000056,1573,23,2,,,,,,,334.2119933433579,1486.749086856842
630003,499,-5.049999999999983,555,8,1,,,,,,,650.437404753775,1487.602546453476
630768,500,29.589999999999705,765,12,2,,,,,,,644.1683640958495,1488.7903785705566
631791,501,49.25999999999984,1023,15,2,,,,,,,278.690861249035,1492.4612607955933
632733,502,44.06999999999919,942,14,2,,,,,,,641.6146866938781,1493.9296023845673
633573,503,24.359999999999815,840,13,2,,,,,,,256.02470476480596,1497.2106838226318
634281,504,-4.139999999999841,708,9,1,,,,,,,662.8785335793559,1498.2789099216461
635031,505,1.070000000000121,750,12,2,,,,,,,242.17799820498715,1501.376009464264
635594,506,-5.369999999999962,563,9,1,,,,,,,645.0253096821547,1502.2490072250366
636986,507,122.81000000000036,1392,22,3,,,,,,,336.53757002131465,1506.3854258060455
638083,508,55.799999999999166,1097,16,2,,,,,,,656.1810674962903,1508.0574162006378
640449,509,191.650000000008,2366,44,6,,,,,,,411.8446087377486,1513.8024549484253
641546,510,57.09999999999947,1097,17,2,,,,,,,295.94289782941615,1517.5094134807587
643143,511,109.86999999999993,1597,26,4,,,,,,,357.95645559219093,1521.9710519313812
644149,512,54.94999999999928,1006,16,2,,,,,,,629.5095704191195,1523.569307088852
645258,513,49.479999999999364,1109,15,2,,,,,,,297.98235686929496,1527.291155576706
646453,514,82.12999999999943,1195,17,2,,,,,,,648.3738732480545,1529.1344332695007
647928,515,102.76999999999988,1475,22,4,,,,,,,334.53350716289924,1533.5437097549438
648641,516,12.579999999999878,713,10,4,,,,,,,629.1946207029173,1534.6774344444275
649854,517,69.06999999999924,1213,18,2,,,,,,,314.8798922609602,1538.5298631191254
651437,518,101.61000000000062,1583,24,4,,,,,,,347.8283608654492,1543.0811088085175
652571,519,59.68999999999919,1134,16,2,,,,,,,620.0764083825821,1544.9101333618164
654319,520,152.33000000000436,1748,30,5,,,,,,,370.8541310490872,1549.623753786087
655878,521,99.77000000000015,1559,26,2,,,,,,,333.8344708043656,1554.2938966751099
657494,522,118.20000000000259,1616,25,4,,,,,,,358.8807922449926,1558.7969596385956
658907,523,86.96999999999892,1413,23,5,,,,,,,613.1873662463389,1561.101484298706
660048,524,65.969999999999,1141,18,2,,,,,,,279.29161150711343,1565.1870081424713
661050,525,30.919999999999554,1002,14,1,,,,,,,627.2530423549903,1566.7846190929413
661941,526,37.84999999999954,891,12,2,,,,,,,255.66939145808163,1570.2697768211365
662715,527,17.779999999999703,774,10,2,,,,,,,619.9265947198015,1571.518483877182
663659,528,37.80999999999952,944,12,2,,,,,,,233.3921678914271,1575.5633702278137
664901,529,76.72999999999911,1242,18,2,,,,,,,654.6928537495759,1577.4606094360352
665862,530,36.04999999999946,961,13,2,,,,,,,285.0875597965987,1580.8316581249237
666722,531,30.679999999999694,860,11,1,,,,,,,656.1384491411504,1582.1425149440765
668074,532,81.49000000000004,1352,21,5,,,,,,,322.5936912775502,1586.3337409496307
668723,533,4.4199999999999875,649,9,1,,,,,,,651.29458333443,1587.3303661346436
670505,534,129.02000000000263,1782,27,2,,,,,,,370.62440678026616,1592.1386115550995
671838,535,84.63999999999993,1333,18,2,,,,,,,302.95130498909924,1596.5388345718384
672779,536,39.47000000000028,941,14,3,,,,,,,665.5729148907359,1597.9528448581696
674296,537,94.3700000000006,1517,21,3,,,,,,,358.1474518980423,1602.1887378692627
675250,538,27.889999999999496,954,15,3,,,,,,,615.1600901086356,1603.7397050857544
676091,539,21.1099999999997,841,12,3,,,,,,,249.5277536437644,1607.110247850418
676670,540,2.410000000000032,579,9,1,,,,,,,650.0241744017293,1608.001130104065
677478,541,21.519999999999534,808,12,3,,,,,,,650.8199169085399,1609.2428033351898
678235,542,15.029999999999866,757,10,1,,,,,,,239.89589396518016,1612.398485660553
678803,543,-18.580000000000066,568,8,1,,,,,,,595.9968928848314,1613.3516907691956
679638,544,23.14999999999967,835,11,5,,,,,,,556.8434168980193,1614.8513751029968
680012,545,-27.05000000000005,374,4,1,,,,,,,138.42197802624466,1617.5534148216248
680983,546,41.84999999999912,971,14,2,,,,,,,646.177774724416,1619.0562915802002
681925,547,44.839999999999876,942,13,2,,,,,,,654.3813802871767,1620.4959740638733
682681,548,13.490000000000116,756,11,1,,,,,,,240.51659506298697,1623.6393644809723
683538,549,29.839999999999904,857,13,2,,,,,,,650.7672075848885,1624.9565546512604
684324,550,23.94000000000007,786,13,2,,,,,,,245.00218521373387,1628.1649081707
685396,551,66.46999999999872,1072,15,2,,,,,,,617.9712444998175,1629.8997905254364
686174,552,20.629999999999896,778,11,2,,,,,,,239.56719733114045,1633.147456407547
686936,553,17.099999999999866,762,11,1,,,,,,,556.0179641249848,1634.5181074142456
687853,554,35.47999999999956,917,11,6,,,,,,,615.8412464335768,1636.0073170661926
688439,555,-2.559999999999924,586,7,1,,,,,,,200.0609612939282,1638.9366388320923
689251,556,23.299999999999756,812,11,3,,,,,,,670.0336176082153,1640.1487407684326
689838,557,1.0999999999999375,587,9,1,,,,,,,681.2313037145623,1641.0106010437012
690575,558,11.959999999999816,737,11,2,,,,,,,232.94459634380013,1644.1746261119843
691132,559,-4.659999999999869,557,6,1,,,,,,,627.0369209900315,1645.0631217956543
691691,560,-5.469999999999857,559,8,1,,,,,,,643.1188821009761,1645.9324927330017
692743,561,52.89999999999912,1052,15,2,,,,,,,285.43224971176403,1649.618347644806
693402,562,5.650000000000013,659,9,1,,,,,,,560.184771944374,1650.7949419021606
694096,563,14.399999999999643,694,10,2,,,,,,,435.0735510250325,1652.390239238739
696147,564,160.38000000000065,2051,34,4,,,,,,,329.55951913255285,1658.61386013031
697181,565,41.34999999999994,1034,14,2,,,,,,,256.05459336131236,1662.6522839069366
697932,566,11.150000000000126,751,11,2,,,,,,,614.518864536217,1663.8745856285095
699121,567,60.27999999999884,1189,19,2,,,,,,,295.99143950225283,1667.8917734622955
700010,568,34.299999999999805,889,12,3,,,,,,,646.8833001743881,1669.2662534713745
701594,569,122.15999999999903,1584,26,4,,,,,,,360.5476239718364,1673.6597745418549
702586,570,44.58999999999927,992,14,2,,,,,,,279.08063574920857,1677.2145020961761
702988,571,-29.580000000000076,402,6,1,,,,,,,638.3221961088362,1677.8445463180542
703408,572,-28.85000000000004,420,5,1,,,,,,,655.5299793138325,1678.4854173660278
703708,573,-35.590000000000025,300,4,1,,,,,,,680.8559267832619,1678.9262268543243
705437,574,135.48999999999904,1729,28,2,,,,,,,374.55817856493366,1683.5425140857697
707201,575,144.46000000000225,1764,29,3,,,,,,,370.9251081692235,1688.2983882427216
707593,576,-24.81000000000001,392,4,1,,,,,,,642.2565632220501,1688.9089407920837
708224,577,0.5399999999999707,631,9,1,,,,,,,652.4044385885554,1689.8763146400452
708993,578,13.04,769,11,2,,,,,,,237.45147793387414,1693.115046262741
709580,579,-3.48999999999986,587,9,1,,,,,,,617.8441567762424,1694.0653116703033
710209,580,2.2999999999999616,629,8,1,,,,,,,623.1366408661784,1695.0748972892761
711228,581,21.51999999999945,1019,16,3,,,,,,,276.08908991605244,1698.7658879756927
713616,582,191.61000000000573,2388,46,6,,,,,,,414.23324719601544,1704.530927181244
714121,583,-25.960000000000107,505,8,1,,,,,,,627.841616476354,1705.335500240326
714687,584,-12.810000000000038,566,7,1,,,,,,,615.298981299284,1706.2555575370789
717216,585,230.3400000000085,2529,43,3,,,,,,,321.82448290795446,1714.1140348911285
718266,586,50.79999999999922,1050,16,2,,,,,,,622.2130796417968,1715.801749944687
719753,587,101.17999999999978,1487,24,4,,,,,,,336.3216912883832,1720.2232792377472
721741,588,164.3900000000043,1988,33,5,,,,,,,339.4006903469429,1726.080851316452
722859,589,48.25999999999968,1118,18,4,,,,,,,618.7000015437048,1727.8880641460419
723803,590,38.89999999999993,944,14,1,,,,,,,237.17464755862602,1731.8684408664703
724755,591,49.86999999999941,952,15,2,,,,,,,590.1420750328585,1733.4817876815796
726692,592,136.30000000000325,1937,31,4,,,,,,,375.2825796879392,1738.6434359550476
727551,593,24.91999999999979,859,13,2,,,,,,,253.88918406312794,1742.027012348175
729010,594,92.2399999999993,1459,22,2,,,,,,,623.9520438581072,1744.3655090332031
730555,595,114.48000000000197,1545,27,4,,,,,,,338.7918802871863,1748.9260232448578
732259,596,121.13000000000127,1704,27,4,,,,,,,359.84966447116113,1753.6615071296692
734227,597,157.98000000000224,1968,30,5,,,,,,,375.07053355463904,1758.9086990356445
735557,598,87.44999999999939,1330,21,4,,,,,,,337.3039816135545,1762.8518850803375
737143,599,129.50999999999945,1586,25,1,,,,,,,572.5142485099036,1765.622281074524
738963,600,129.4200000000007,1820,32,7,,,,,,,368.68560696033046,1770.558890581131
740063,601,55.739999999998886,1100,17,2,,,,,,,297.79976944039595,1774.2528007030487
742676,602,241.53000000000756,2613,49,6,,,,,,,422.5805251500913,1780.4364008903503
744567,603,150.39000000000297,1891,31,3,,,,,,,376.2150666959426,1785.4629595279694
745158,604,-8.890000000000008,591,6,1,,,,,,,622.1481700488465,1786.4130465984344
746174,605,29.67999999999916,1016,14,2,,,,,,,275.3662377353221,1790.1028635501862
746578,606,-26.620000000000026,404,6,1,,,,,,,643.1108963822188,1790.7313089370728
747069,607,-16.18999999999999,491,7,1,,,,,,,646.986076343859,1791.490386247635
747738,608,-17.67999999999993,669,8,1,,,,,,,224.2805630982103,1794.473505973816
750114,609,180.08000000000536,2376,42,5,,,,,,,405.7102228232222,1800.3300750255585
750514,610,-25.990000000000016,400,5,1,,,,,,,668.0051283276396,1800.9290416240692
751108,611,1.1199999999998482,594,7,1,,,,,,,650.2907224432853,1801.8426513671875
752080,612,47.01999999999937,972,15,2,,,,,,,270.8202253483066,1805.4319438934326
753478,613,85.70999999999987,1398,21,3,,,,,,,584.6047404569132,1807.8234634399414
754946,614,87.14999999999927,1468,23,3,,,,,,,329.01706959144417,1812.2854177951813
755662,615,14.419999999999874,716,10,4,,,,,,,628.8829359748557,1813.4241449832916
756411,616,18.909999999999734,749,10,2,,,,,,,230.23018491649728,1816.6775739192963
757564,617,49.60999999999886,1153,17,2,,,,,,,592.162001503905,1818.6248264312744
758352,618,1.2600000000000975,788,9,1,,,,,,,236.82943539331922,1821.9522700309753
759323,619,32.73999999999964,971,13,2,,,,,,,646.512585954028,1823.4543726444244
759664,620,-40.14000000000001,341,5,1,,,,,,,644.8612080357775,1823.9833221435547
760187,621,-21.360000000000117,523,5,1,,,,,,,176.49946811699093,1826.9466524124146
761940,622,130.59000000000148,1753,30,3,,,,,,,377.83173002090183,1831.5864868164062
762620,623,9.799999999999855,680,11,2,,,,,,,656.4576660008014,1832.6225154399872
764201,624,119.44000000000149,1581,25,5,,,,,,,351.49809135936397,1837.120585680008
764735,625,-9.099999999999827,534,8,1,,,,,,,655.5032762603483,1837.935380935669
765931,626,59.52999999999928,1196,18,2,,,,,,,654.2137754829898,1839.763718366623
766745,627,24.899999999999707,814,12,2,,,,,,,255.95004430182698,1842.9442224502563
767295,628,-9.169999999999895,550,7,1,,,,,,,674.0887516542716,1843.7602932453156
767713,629,-16.950000000000017,418,6,1,,,,,,,657.7584876071351,1844.395937204361
768641,630,28.149999999999707,928,12,2,,,,,,,247.32016436440892,1848.1483073234558
769131,631,-14.50000000000011,490,7,1,,,,,,,615.452350414617,1848.9446544647217
770197,632,51.14999999999906,1066,17,1,,,,,,,298.6744447610055,1852.5139093399048
771483,633,75.71999999999956,1286,20,3,,,,,,,641.694901857306,1854.5181345939636
773371,634,134.79000000000076,1888,30,5,,,,,,,371.93280749775516,1859.5945689678192
774533,635,60.62999999999931,1162,16,2,,,,,,,307.2722867991628,1863.3764164447784
776054,636,83.02000000000135,1521,25,3,,,,,,,653.5595958536313,1865.7038354873657
777473,637,95.76000000000003,1419,23,4,,,,,,,329.13511527465175,1870.0153238773346
779191,638,117.28000000000067,1718,28,3,,,,,,,368.07942138834596,1874.6831555366516
780743,639,105.43,1552,27,3,,,,,,,335.1270867769627,1879.314406633377
782496,640,136.82999999999956,1753,26,2,,,,,,,376.9090593783581,1883.965665102005
783931,641,103.4099999999998,1435,24,3,,,,,,,629.5928302798228,1886.2450709342957
785895,642,139.52000000000243,1964,34,5,,,,,,,373.32047433595756,1891.5061538219452
786964,643,60.10999999999906,1069,15,3,,,,,,,293.2195268280136,1895.1521055698395
788996,644,177.54000000000127,2032,32,5,,,,,,,386.2187257149758,1900.4135761260986
791014,645,147.47000000000082,2018,34,5,,,,,,,382.9791365846578,1905.682993888855
792920,646,150.77000000000356,1906,31,4,,,,,,,369.40463919764727,1910.8428568840027
793466,647,-1.590000000000316,546,5,1,,,,,,,634.3316094410318,1911.7037584781647
795301,648,137.45000000000175,1835,32,4,,,,,,,379.38932032972383,1916.5406579971313
796448,649,70.39999999999924,1147,17,3,,,,,,,594.3104822794581,1918.4707956314087
798032,650,117.96000000000026,1584,26,4,,,,,,,343.39603566910586,1923.0836970806122
799811,651,142.020000000001,1779,31,7,,,,,,,377.8234189583973,1927.7924206256866
801268,652,102.87000000000077,1457,22,3,,,,,,,328.7205241238742,1932.224990606308
802094,653,24.78999999999953,826,13,2,,,,,,,630.1313818057741,1933.5360579490662
804261,654,176.63000000000488,2167,40,5,,,,,,,411.33039902284185,1938.8045134544373
804951,655,10.759999999999792,690,9,1,,,,,,,238.1911015299253,1941.7015249729156
806224,656,78.05999999999986,1273,21,2,,,,,,,807.4874086172739,1943.2782807350159
807302,657,59.569999999999055,1078,17,2,,,,,,,328.8583311652904,1946.5564937591553
808916,658,124.55000000000017,1614,25,3,,,,,,,796.2142055925713,1948.5837950706482
810236,659,74.72999999999861,1320,19,2,,,,,,,443.0449297011395,1951.5633132457733
811100,660,32.04999999999961,864,14,3,,,,,,,347.4757025903436,1954.0499889850616
812102,661,50.21999999999918,1002,15,2,,,,,,,894.9279465363351,1955.1698470115662
813590,662,113.19000000000155,1488,24,3,,,,,,,449.7151489953487,1958.4787366390228
815058,663,118.67000000000247,1468,24,3,,,,,,,921.1854079824202,1960.072533607483
815971,664,43.66999999999926,913,12,2,,,,,,,374.5520493312513,1962.5103614330292
816785,665,29.029999999999674,814,10,5,,,,,,,911.0468227362278,1963.4039986133575
817739,666,47.379999999999264,954,13,2,,,,,,,366.41539298370924,1966.0077710151672
818740,667,54.52999999999889,1001,12,2,,,,,,,903.3570651222055,1967.116003036499
820135,668,99.05000000000157,1395,21,3,,,,,,,452.0454989517138,1970.2021205425262
821624,669,110.39999999999957,1489,25,2,,,,,,,466.5959839827901,1973.3934590816498
822884,670,88.43999999999812,1260,19,2,,,,,,,901.7986135213915,1974.790908575058
824582,671,142.98000000000314,1698,29,3,,,,,,,498.90842136064106,1978.194500207901
826369,672,149.01000000000352,1787,29,3,,,,,,,507.4952189200008,1981.7159054279327
827611,673,84.17000000000004,1242,22,4,,,,,,,419.14442336203143,1984.6792407035828
829103,674,107.3100000000006,1492,24,2,,,,,,,909.016394509443,1986.3207609653473
830474,675,119.17999999999964,1371,24,4,,,,,,,444.46314116697266,1989.4055724143982
831717,676,76.62999999999869,1243,21,3,,,,,,,421.47293310897976,1992.35497713089
833139,677,120.6200000000013,1422,24,3,,,,,,,889.0665506744656,1993.9546053409576
834119,678,62.699999999998795,980,17,2,,,,,,,375.29021957997696,1996.5661005973816
835262,679,81.54999999999882,1143,17,2,,,,,,,926.7839769503036,1997.7995719909668
837021,680,144.70000000000294,1759,27,3,,,,,,,506.07904437803074,2001.27552485466
839146,681,197.90000000000276,2125,37,4,,,,,,,545.1707995454594,2005.1736145019531
841145,682,186.93000000000313,1999,36,8,,,,,,,536.8373794024303,2008.8974809646606
843318,683,195.82000000000664,2173,40,9,,,,,,,551.9296957811655,2012.8348071575165
845385,684,173.4100000000023,2067,36,6,,,,,,,535.9249544150529,2016.6918532848358
846476,685,68.18999999999927,1091,17,2,,,,,,,392.698771894248,2019.4702651500702
848123,686,120.41000000000226,1647,27,4,,,,,,,494.6236451229582,2022.8002688884735
849123,687,46.339999999999286,1000,15,2,,,,,,,899.2732580577106,2023.9125065803528
849681,688,3.2799999999996032,558,8,1,,,,,,,848.2858947858301,2024.570550441742
850593,689,47.399999999999174,912,13,5,,,,,,,363.7448521454137,2027.0780079364777
851738,690,71.71999999999912,1145,17,3,,,,,,,905.2353434142108,2028.3430984020233
852739,691,54.869999999998804,1001,15,2,,,,,,,369.7213464960115,2031.050693511963
854034,692,79.88999999999939,1295,18,1,,,,,,,433.0527687279796,2034.0412685871124
855225,693,83.75999999999934,1191,21,4,,,,,,,901.7250420769972,2035.362250328064
856651,694,103.38000000000171,1426,23,4,,,,,,,457.65078782096924,2038.478376865387
858150,695,121.47000000000058,1499,22,3,,,,,,,477.6992203577254,2041.6164782047272
859668,696,118.87000000000172,1518,22,2,,,,,,,884.4754970574687,2043.3329591751099
860780,697,70.47999999999988,1112,18,1,,,,,,,400.92469668034926,2046.1067743301392
861773,698,60.60999999999896,993,15,2,,,,,,,891.1504194454424,2047.2212607860565
862985,699,84.31999999999873,1212,18,3,,,,,,,422.28854784390956,2050.091505765915
864664,700,115.65000000000049,1679,29,3,,,,,,,492.90204401197315,2053.498108148575
866034,701,101.62999999999991,1370,24,4,,,,,,,895.9282932619484,2055.0274319648743
867217,702,75.6999999999992,1183,18,2,,,,,,,415.724303927238,2057.873292684555
868561,703,85.53999999999836,1344,21,3,,,,,,,447.2220918397826,2060.8786990642548
870504,704,183.2800000000057,1943,33,4,,,,,,,514.3128649266916,2064.6567618846893
872280,705,156.65000000000396,1776,35,7,,,,,,,884.9177809092276,2066.663966178894
873882,706,141.23000000000218,1602,28,2,,,,,,,485.30269818412205,2069.965227842331
877475,707,369.19000000001824,3593,68,7,,,,,,,506.7007899990058,2077.056386947632
879380,708,159.94000000000392,1905,34,7,,,,,,,527.0825056731226,2080.68407535553
880844,709,118.76000000000042,1464,24,4,,,,,,,461.4237080786895,2083.8570137023926
883690,710,273.62000000001314,2846,55,7,,,,,,,606.7187097642511,2088.548019170761
886136,711,231.12000000000782,2446,49,8,,,,,,,578.5354555333311,2092.7761096954346
888467,712,215.43000000000495,2331,45,6,,,,,,,564.4784216788219,2096.9057881832123
890685,713,226.17000000000377,2218,44,7,,,,,,,552.5751844433514,2100.919855117798
892677,714,176.82000000000164,1992,33,5,,,,,,,521.9000192142928,2104.7369124889374
895275,715,260.6700000000096,2598,50,7,,,,,,,428.77294660670424,2110.79630279541
896936,716,144.74000000000098,1661,30,6,,,,,,,914.5472072118432,2112.6127076148987
898479,717,126.30000000000136,1543,24,2,,,,,,,476.5930578424271,2115.8504526615143
899812,718,98.79999999999957,1333,23,4,,,,,,,441.6952537374393,2118.8686044216156
902056,719,233.1600000000031,2244,41,6,,,,,,,558.502798590881,2122.8867247104645
904845,720,287.2000000000146,2789,44,3,,,,,,,603.2701244128735,2127.510083436966
907462,721,284.9100000000125,2617,51,7,,,,,,,429.1169317642496,2133.608878850937
910987,722,406.6000000000272,3525,76,11,,,,,,,654.3454165482775,2138.9960844516754
912955,723,190.27000000000209,1968,33,4,,,,,,,523.6830569260471,2142.7618651390076
914985,724,206.57000000000102,2030,33,2,,,,,,,536.7703228280153,2146.5439376831055
916731,725,154.99000000000163,1746,28,4,,,,,,,499.0515613473719,2150.0427577495575
917836,726,81.68999999999933,1105,16,2,,,,,,,411.265130925045,2152.7298085689545
919591,727,174.12000000000114,1755,29,3,,,,,,,498.29998755096807,2156.2519586086273
922226,728,308.7100000000125,2635,46,4,,,,,,,600.4478610141362,2160.6405465602875
924391,729,239.54000000000548,2165,38,4,,,,,,,546.5518791544742,2164.601975440979
927527,730,356.3800000000148,3136,60,6,,,,,,,631.1700638913139,2169.5707194805145
930469,731,315.8500000000122,2942,63,9,,,,,,,467.48356298718534,2175.864133834839
931890,732,132.08000000000027,1421,24,2,,,,,,,455.9719120176528,2178.9807801246643
933666,733,180.28000000000105,1776,29,3,,,,,,,891.8452457006575,2180.9723641872406
935499,734,179.1600000000003,1833,31,5,,,,,,,514.9215820410217,2184.5322687625885
938419,735,341.00000000001637,2920,49,5,,,,,,,458.3370122316211,2190.9033217430115
941804,736,394.84000000001924,3385,65,7,,,,,,,633.3638217638429,2196.247969865799
943726,737,199.57000000000176,1922,34,3,,,,,,,529.0910775151402,2199.8807911872864
946211,738,285.1400000000101,2485,47,7,,,,,,,433.40604444692093,2205.6146297454834
948012,739,176.02000000000265,1801,31,5,,,,,,,894.4012821508611,2207.628537416458
950419,740,277.2700000000108,2407,44,5,,,,,,,411.24203628907014,2213.4817748069763
953045,741,302.73000000001167,2626,47,5,,,,,,,594.2468472132383,2217.9009869098663
955914,742,340.19000000001677,2869,54,6,,,,,,,613.6819590034446,2222.5762498378754
958142,743,232.58000000000422,2228,39,5,,,,,,,553.9039948512806,2226.5987634658813
959999,744,196.39000000000038,1857,30,11,,,,,,,515.9869522349753,2230.197834968567
962588,745,308.3700000000115,2589,46,3,,,,,,,438.84504727452247,2236.0975937843323
964419,746,170.24000000000078,1831,30,5,,,,,,,913.4125223795726,2238.1024253368378
965896,747,143.85000000000016,1477,24,4,,,,,,,466.7026374743492,2241.2674272060394
968930,748,361.85000000001884,3034,53,6,,,,,,,467.20656789679623,2247.7615208625793
970696,749,177.2200000000002,1766,32,11,,,,,,,883.1216994147925,2249.7614471912384
972376,750,178.17000000000272,1680,29,4,,,,,,,503.08958659644503,2253.101031064987
974142,751,189.000000000002,1766,31,5,,,,,,,508.46829458089644,2256.574424982071
976312,752,240.28000000000657,2170,39,5,,,,,,,544.7520044309687,2260.55810546875
978657,753,243.81000000000628,2345,41,5,,,,,,,567.5166770334348,2264.6903204917908
980896,754,259.7300000000111,2239,38,3,,,,,,,562.2409597958101,2268.6728689670563
982914,755,229.24000000000404,2018,37,5,,,,,,,541.141867485189,2272.4022109508514
985016,756,234.27000000000714,2102,39,5,,,,,,,543.0842170960249,2276.272928953171
988288,757,390.380000000022,3272,63,5,,,,,,,487.28477515523326,2282.987912416458
990453,758,252.4000000000093,2165,36,4,,,,,,,549.784776913693,2286.9259996414185
993024,759,312.4000000000109,2571,45,4,,,,,,,591.2255196696676,2291.2748296260834
995823,760,318.8900000000204,2799,55,7,,,,,,,452.3007554670498,2297.4634811878204
998195,761,275.20000000001374,2372,48,8,,,,,,,568.5284473971604,2301.635909795761
1000771,762,294.9000000000157,2576,52,7,,,,,,,579.7700964193699,2306.0792438983917
1003758,763,372.52000000000584,2987,58,6,,,,,,,472.56650921598884,2312.4002838134766
1006275,764,295.34000000001197,2517,48,6,,,,,,,582.8795850421305,2316.7187621593475
1008401,765,245.3000000000054,2126,41,8,,,,,,,553.236812303733,2320.561806678772
1011043,766,312.75000000000693,2642,51,7,,,,,,,595.3293281007329,2324.999887228012
1013930,767,357.9600000000167,2887,55,6,,,,,,,461.87262239526285,2331.2506997585297
1016257,768,246.4600000000111,2327,42,6,,,,,,,549.5506200088626,2335.4852826595306
1019217,769,369.1000000000161,2960,55,7,,,,,,,613.0144357718706,2340.3140766620636
1020980,770,188.72000000000077,1763,31,4,,,,,,,494.00180830835785,2343.8830745220184
1022740,771,193.4999999999988,1760,29,2,,,,,,,503.7945810574235,2347.3767693042755
1024816,772,238.60000000000468,2076,36,4,,,,,,,534.6261332686267,2351.2601108551025
1026945,773,233.62000000000072,2129,37,4,,,,,,,556.6270443000957,2355.0851323604584
1028940,774,218.95000000000448,1995,32,5,,,,,,,536.8517780106147,2358.8014183044434
1030800,775,184.84000000000285,1860,32,4,,,,,,,531.93517587484,2362.298284292221
1031821,776,71.93999999999872,1021,16,2,,,,,,,907.1793098641705,2363.4238982200623
1033039,777,102.60999999999909,1218,18,2,,,,,,,424.20711843185944,2366.2952888011932
1034781,778,141.82000000000033,1742,30,6,,,,,,,496.65504151108127,2369.8028976917267
1036161,779,129.61999999999983,1380,23,1,,,,,,,909.7326663797757,2371.3199672698975
1038080,780,199.2100000000023,1919,36,7,,,,,,,525.6545923717262,2374.9707922935486
1039846,781,190.0799999999998,1766,28,1,,,,,,,519.0937192676538,2378.3730850219727
1041863,782,229.80000000000285,2017,34,3,,,,,,,538.4369868087917,2382.119349718094
1044018,783,247.70000000000618,2155,38,4,,,,,,,554.0457184062662,2386.009088754654
1046232,784,258.81000000000824,2214,42,6,,,,,,,552.7811005810751,2390.0144698619843
1048961,785,322.82000000001386,2729,49,5,,,,,,,452.2984957992816,2396.0483112335205
1051251,786,256.40000000000987,2290,38,3,,,,,,,556.8436900451837,2400.1609632968903
1053574,787,263.45000000000897,2323,41,5,,,,,,,567.1317785635199,2404.257219552994
1056363,788,337.41000000000815,2789,48,4,,,,,,,600.5528564589555,2408.901469707489
1059249,789,345.6400000000199,2886,55,6,,,,,,,458.85965702549595,2415.191192150116
1062151,790,356.79000000002026,2902,50,6,,,,,,,604.6158935900445,2419.991219997406
1064445,791,255.2100000000086,2294,41,9,,,,,,,568.7053034864516,2424.02512383461
1067293,792,318.4200000000159,2848,54,7,,,,,,,455.591086883526,2430.276521205902
1069874,793,305.8999999999993,2581,45,5,,,,,,,592.8395522578096,2434.6304025650024
1072262,794,285.8900000000082,2388,42,4,,,,,,,571.4334099656729,2438.8095939159393
1075041,795,331.4400000000166,2779,54,5,,,,,,,597.2976730288218,2443.462475299835
1077853,796,340.36000000000945,2812,53,9,,,,,,,456.79573914889716,2449.6186451911926
1079774,797,217.41000000000412,1921,38,6,,,,,,,526.4641179179138,2453.2677240371704
1082581,798,330.04000000001685,2807,52,7,,,,,,,592.0854190543962,2458.008737564087
1085564,799,363.0300000000157,2983,56,5,,,,,,,470.8877611533829,2464.3437225818634
1088394,800,320.8400000000143,2830,54,6,,,,,,,609.5310835743838,2468.9868652820587
1090756,801,277.95000000000965,2362,46,6,,,,,,,571.8258340740213,2473.1177542209625
1093117,802,283.97000000000185,2361,42,6,,,,,,,565.226330447028,2477.29501414299
1096315,803,388.05000000002,3198,64,7,,,,,,,483.72201735839013,2483.9064252376556
1098289,804,225.06000000000654,1974,36,5,,,,,,,537.6979666523663,2487.577894926071
1100541,805,242.14000000000908,2252,43,7,,,,,,,567.8404415192265,2491.5440192222595
1103030,806,277.92000000001303,2489,48,7,,,,,,,584.162712430419,2495.804974794388
1105934,807,352.7200000000175,2904,53,5,,,,,,,469.5079316822655,2501.9903099536896
1108411,808,271.5800000000126,2477,48,7,,,,,,,575.5928863387971,2506.2938826084137
1112831,809,577.2899999999894,4420,80,8,,,,,,,558.7066187940641,2514.205253124237
1114125,810,106.66999999999864,1294,20,2,,,,,,,444.22385867154264,2517.1338918209076
1116371,811,248.64000000000726,2246,42,6,,,,,,,568.8353968928919,2521.082512617111
1118362,812,189.0400000000013,1991,34,6,,,,,,,524.523258297167,2524.878514766693
1121013,813,305.7700000000164,2651,48,4,,,,,,,591.4864120530007,2529.360707759857
1124108,814,393.70000000001176,3095,59,5,,,,,,,632.016609473094,2534.257933139801
1127287,815,375.78000000002055,3179,62,7,,,,,,,480.2723566554393,2540.8772871494293
1130095,816,307.6200000000112,2808,57,7,,,,,,,610.1125649269985,2545.4799394607544
1132679,817,310.600000000005,2584,48,5,,,,,,,438.50589872580565,2551.3728799819946
1136223,818,385.8100000000232,3544,65,5,,,,,,,643.3999033728018,2556.881437778473
1138498,819,230.81000000000813,2275,42,4,,,,,,,556.6133509389294,2560.968925476074
1141396,820,292.15000000001163,2898,54,5,,,,,,,459.0978134873785,2567.2815012931824
1144056,821,261.0300000000118,2660,51,8,,,,,,,586.9716330022794,2571.8134434223175
1146615,822,258.0300000000095,2559,43,6,,,,,,,592.0560312829415,2576.135888814926
1148790,823,200.44000000000736,2175,43,7,,,,,,,562.1062154295028,2580.005458831787
1152185,824,380.3600000000243,3395,58,4,,,,,,,492.79986666401805,2586.894851922989
1154561,825,241.340000000009,2376,46,6,,,,,,,563.3783290168379,2591.112399816513
1157049,826,273.9700000000093,2488,45,5,,,,,,,578.7026187339782,2595.411877632141
1159972,827,353.2500000000153,2923,57,7,,,,,,,461.65769036320705,2601.743630886078
1161702,828,158.91999999999962,1730,26,2,,,,,,,499.5342377502466,2605.207075357437
1163594,829,193.09999999999968,1892,32,3,,,,,,,530.6447283867353,2608.772782802582
1165428,830,181.07000000000028,1834,34,5,,,,,,,519.187001861212,2612.3054070472717
1167218,831,181.21000000000203,1790,30,6,,,,,,,912.7629866656292,2614.2666985988617
1168912,832,163.73999999999953,1694,31,4,,,,,,,502.9358994387411,2617.6350994110107
1170397,833,149.01000000000042,1485,24,2,,,,,,,480.86440601809556,2620.7234802246094
1172100,834,160.54000000000127,1703,31,5,,,,,,,495.13812398729385,2624.163177728653
1173995,835,198.01000000000278,1895,31,7,,,,,,,516.8157174488016,2627.8299927711487
1175151,836,95.02999999999943,1156,18,2,,,,,,,888.8762356616319,2629.1307055950165
1176221,837,75.08999999999915,1070,17,2,,,,,,,394.05305200442285,2631.846294403076
1178331,838,224.12000000000324,2110,38,5,,,,,,,544.0996413914742,2635.7244629859924
1181335,839,324.510000000016,3004,49,3,,,,,,,629.3200875835381,2640.498087644577
1183289,840,207.32000000000272,1954,37,5,,,,,,,524.39605269228,2644.224445104599
1184947,841,152.89000000000124,1658,27,3,,,,,,,486.91915726925845,2647.6297442913055
1186287,842,114.5200000000011,1340,22,2,,,,,,,451.08469629056043,2650.6005911827087
1187787,843,144.67000000000192,1500,25,3,,,,,,,905.3365223351241,2652.2575883865356
1189415,844,163.10000000000142,1628,28,3,,,,,,,491.7631747943541,2655.5683336257935
1193243,845,464.2700000000326,3828,76,7,,,,,,,521.4200196268941,2662.9100461006165
1196096,846,328.0600000000158,2853,57,7,,,,,,,456.24074441858204,2669.163568019867
1198768,847,291.98000000001167,2672,47,5,,,,,,,585.7611622502003,2673.725414991379
1200509,848,158.62000000000106,1741,32,5,,,,,,,501.3563121654793,2677.1982007026672
1201542,849,72.47999999999878,1033,17,3,,,,,,,917.1252308309746,2678.3248279094696
1202236,850,4.56999999999978,694,9,1,,,,,,,300.7805387344275,2680.6323223114014
1203812,851,138.51000000000002,1576,26,2,,,,,,,913.1527273058815,2682.3583738803864
1204844,852,58.05999999999918,1032,15,2,,,,,,,382.96927572853156,2685.053327322006
1206193,853,100.01999999999886,1349,23,6,,,,,,,914.0956859866255,2686.529307603836
1206751,854,1.909999999999826,558,8,1,,,,,,,252.94813951791798,2688.735470533371
1208538,855,146.0700000000001,1787,31,5,,,,,,,510.7884431239376,2692.234256029129
1209199,856,4.99999999999973,661,9,1,,,,,,,890.3076519443202,2692.9768571853638
1209684,857,-8.250000000000249,485,8,1,,,,,,,914.7483206839396,2693.5072627067566
1211580,858,143.41000000000045,1896,34,4,,,,,,,534.5252797496031,2697.054528236389
1215380,859,419.53000000003016,3800,73,7,,,,,,,518.0369806716187,2704.3901817798615
1216798,860,112.29999999999939,1418,22,5,,,,,,,470.23285919918965,2707.405882835388
1218409,861,143.9100000000018,1611,27,4,,,,,,,898.4191288010993,2709.1991732120514
1219963,862,130.04000000000013,1554,26,3,,,,,,,483.8918648284371,2712.41077542305
1221294,863,112.08000000000301,1331,23,5,,,,,,,442.90893263873147,2715.416063308716
1222978,864,157.2900000000006,1684,30,4,,,,,,,507.9679826339468,2718.7314291000366
1226044,865,318.1000000000153,3066,64,7,,,,,,,629.2576903742981,2723.6040222644806
1227329,866,99.52000000000055,1285,22,2,,,,,,,442.84537536039807,2726.5059275627136
1227807,867,-16.420000000000208,478,7,1,,,,,,,920.2544151964645,2727.0255160331726
1230305,868,261.9800000000091,2498,48,7,,,,,,,579.7172865987582,2731.3348484039307
1230723,869,-20.429999999999986,418,5,1,,,,,,,908.5232315548263,2731.7952060699463
1233561,870,312.55000000001655,2838,62,8,,,,,,,446.7019138618441,2738.1486492156982
1235148,871,160.45000000000033,1587,28,5,,,,,,,480.47223243202507,2741.4518744945526
1238443,872,412.02000000002243,3295,64,7,,,,,,,627.952699506134,2746.6992897987366
1240694,873,237.1200000000083,2251,42,7,,,,,,,550.2894516111189,2750.790064573288
1243492,874,334.29000000001406,2798,55,6,,,,,,,453.49647846150526,2756.960102558136
1246324,875,339.2900000000177,2832,61,9,,,,,,,607.8337510496639,2761.61945104599
1249646,876,416.24000000002604,3322,70,8,,,,,,,496.70429618973174,2768.3077397346497
1253702,877,497.7300000000082,4056,91,10,,,,,,,532.7441476375553,2775.921361684799
1257247,878,442.4000000000177,3545,82,11,,,,,,,647.5285238066164,2781.3962049484253
1261027,879,467.5000000000066,3780,79,7,,,,,,,520.7577480951797,2788.6550443172455
1264027,880,342.5800000000029,3000,59,6,,,,,,,478.21733862569795,2794.928535938263
1266286,881,251.34000000000847,2259,42,8,,,,,,,556.3419074401379,2798.989235162735
1269108,882,351.99999999999534,2822,54,4,,,,,,,606.0990798260078,2803.6454207897186
1269589,883,-15.06000000000009,481,5,1,,,,,,,906.9499241383805,2804.1759877204895
1270300,884,15.50999999999918,711,9,1,,,,,,,309.797088344861,2806.471221446991
1270783,885,-11.920000000000211,483,6,1,,,,,,,900.2856295959211,2807.007933139801
1271599,886,44.28999999999912,816,11,2,,,,,,,904.906558483175,2807.9098258018494
1274766,887,383.95000000002335,3167,69,8,,,,,,,478.9459612697813,2814.522539615631
1275681,888,56.87999999999877,915,13,2,,,,,,,902.564492357058,2815.5365517139435
1276027,889,-31.390000000000057,346,5,1,,,,,,,179.71671459387525,2817.4620814323425
1277080,890,72.86999999999856,1053,16,3,,,,,,,912.1537860064201,2818.6167075634003
1277684,891,0.5399999999998819,604,7,1,,,,,,,912.6612479168123,2819.278662919998
1278631,892,64.24999999999883,947,17,2,,,,,,,373.8735699263022,2821.8117632865906
1279205,893,6.839999999999353,574,10,2,,,,,,,863.3167279796063,2822.4767842292786
1280231,894,83.03999999999876,1026,18,3,,,,,,,384.15998301730167,2825.1477212905884
1280683,895,-10.76000000000013,452,6,1,,,,,,,913.0624787787339,2825.6429262161255
1281675,896,49.76999999999847,992,14,2,,,,,,,918.7483796176178,2826.7228038311005
1283166,897,140.49000000000018,1491,23,3,,,,,,,474.52764222552804,2829.8650674819946
1285665,898,267.21000000000794,2499,48,7,,,,,,,565.798635355038,2834.282046556473
1287836,899,233.13000000000645,2171,34,5,,,,,,,560.827521082997,2838.1532776355743
1288561,900,27.95999999999912,725,11,2,,,,,,,311.05860999055227,2840.4842205047607
1292038,901,405.540000000022,3477,66,6,,,,,,,651.0694509140985,2845.824855327606
1292551,902,-5.480000000000171,513,8,1,,,,,,,249.0261645075575,2847.885022878647
1294792,903,242.53000000000569,2241,44,6,,,,,,,558.3378580623455,2851.898897409439
1297196,904,251.13000000000895,2404,48,7,,,,,,,577.8321133256427,2856.059461593628
1300274,905,380.770000000023,3078,61,8,,,,,,,609.9701249444722,2861.1057987213135
1303128,906,326.79000000001486,2854,52,6,,,,,,,455.92354970144646,2867.365800380707
1304086,907,49.24999999999949,958,15,2,,,,,,,907.6974272055098,2868.42138004303
1305397,908,79.18999999999839,1311,21,2,,,,,,,445.0303373460042,2871.3674647808075
1308257,909,300.26000000001375,2860,56,6,,,,,,,614.3114498270377,2876.0233120918274
1309980,910,166.84999999999923,1723,30,3,,,,,,,486.53573541581557,2879.5648789405823
1310955,911,53.56999999999882,975,15,2,,,,,,,365.63025217597334,2882.231736421585
1312151,912,93.70999999999987,1196,20,5,,,,,,,853.5058470671765,2883.633205652237
1316036,913,453.4500000000278,3885,77,8,,,,,,,528.6187962305856,2890.9828305244446
1318882,914,320.20000000001295,2846,55,6,,,,,,,602.9593975148675,2895.7030730247498
1321226,915,249.1200000000082,2344,46,6,,,,,,,417.0462264319821,2901.3237404823303
1323972,916,288.84000000001265,2746,51,6,,,,,,,605.1893789871754,2905.8613469600677
1327071,917,363.640000000018,3099,68,8,,,,,,,628.8877742764704,2910.789283514023
1328597,918,131.3499999999981,1526,26,3,,,,,,,477.2896323841566,2913.986676931381
1331560,919,342.67000000001565,2963,58,6,,,,,,,464.29578946652686,2920.368551492691
1332752,920,76.77999999999881,1192,17,2,,,,,,,897.234162089369,2921.6973412036896
1334291,921,119.61000000000068,1539,27,2,,,,,,,479.397408861312,2924.9077956676483
1334870,922,8.889999999999631,579,7,1,,,,,,,918.396819706204,2925.538446187973
1335409,923,-9.250000000000178,539,7,1,,,,,,,267.7092734868652,2927.552058696747
1336593,924,83.58999999999797,1184,21,4,,,,,,,916.4771237632497,2928.844162464142
1338396,925,156.09000000000088,1803,31,5,,,,,,,505.5864876176163,2932.4104993343353
1339541,926,66.61999999999871,1145,17,3,,,,,,,408.53382177840155,2935.2134194374084
1341860,927,221.90000000000032,2319,43,6,,,,,,,560.3724583128042,2939.3519835472107
1343399,928,132.1900000000016,1539,24,3,,,,,,,914.1393109847388,2941.0356776714325
1345703,929,248.0700000000062,2304,42,7,,,,,,,405.7622186531157,2946.7140979766846
1348402,930,291.8500000000116,2699,51,7,,,,,,,599.2198734899712,2951.2184603214264
1353446,931,616.780000000021,5044,101,8,,,,,,,584.2762695270076,2959.851511001587
1356208,932,320.4400000000103,2762,59,8,,,,,,,455.25887811719804,2965.925842523575
1357731,933,147.4399999999992,1523,26,3,,,,,,,898.2418399718656,2967.6216204166412
1360723,934,358.26000000001557,2992,60,8,,,,,,,461.21025296049663,2974.1090433597565
1363442,935,317.8000000000058,2719,58,8,,,,,,,613.7785952896098,2978.539181947708
1366316,936,356.6100000000158,2874,61,9,,,,,,,461.65710210618664,2984.7648224830627
1367205,937,35.56999999999911,889,13,2,,,,,,,919.5666894540017,2985.731775999069
1368360,938,75.10999999999798,1155,18,2,,,,,,,408.50334232766454,2988.559336423874
1369258,939,43.989999999998936,898,15,3,,,,,,,903.2097687567549,2989.5537433624268
1370040,940,23.13999999999922,782,10,4,,,,,,,904.255094583064,2990.4187014102936
1371723,941,138.70000000000067,1683,27,3,,,,,,,498.46514355577756,2993.7952840328217
1372961,942,94.47000000000025,1238,20,2,,,,,,,430.29607093831845,2996.672515153885
1374265,943,100.76999999999879,1304,19,2,,,,,,,450.50075288384454,2999.5672883987427
1376594,944,220.27000000000396,2329,40,4,,,,,,,554.573574855619,3003.7671377658844
1378652,945,195.17000000000203,2058,34,2,,,,,,,541.4631424728154,3007.5680928230286
1380717,946,199.72000000000338,2065,35,2,,,,,,,543.0449092269644,3011.3709256649017
1381888,947,85.1999999999997,1171,18,3,,,,,,,912.318063917414,3012.654672384262
1384287,948,259.46000000000913,2399,47,6,,,,,,,582.6978417595316,3016.7719025611877
1386318,949,221.41000000000466,2031,37,5,,,,,,,537.5474033645903,3020.5503845214844
1388237,950,198.55000000000314,1919,39,7,,,,,,,535.3295200545647,3024.135288953781
1391736,951,439.0400000000256,3499,75,8,,,,,,,508.59823854883115,3031.015155315399
1395189,952,431.4200000000159,3453,68,7,,,,,,,498.15224688600927,3037.946997642517
1396137,953,59.58999999999929,948,15,2,,,,,,,905.1133809131305,3038.9945583343506
1396425,954,-34.35000000000004,288,4,1,,,,,,,918.2533688788344,3039.3084876537323
1397038,955,10.139999999999421,613,9,1,,,,,,,271.499608554401,3041.5665674209595
1397441,956,-21.620000000000104,403,5,1,,,,,,,880.1835617579671,3042.024694919586
1398457,957,63.729999999999144,1016,14,2,,,,,,,907.0778774688657,3043.1449484825134
1400298,958,184.5800000000017,1841,29,4,,,,,,,527.5347673128102,3046.6349399089813
1401331,959,69.30999999999902,1033,15,3,,,,,,,378.1536645605161,3049.366807460785
1403079,960,155.59999999999903,1748,31,5,,,,,,,509.1771556683473,3052.7999720573425
1404479,961,114.3399999999993,1400,23,3,,,,,,,890.4500407691502,3054.372397661209
1407039,962,279.56000000001103,2560,44,4,,,,,,,442.10459778283524,3060.16308760643
1407782,963,25.45999999999976,743,8,1,,,,,,,916.172167117594,3060.974259853363
1408887,964,70.63999999999913,1105,16,5,,,,,,,915.2262875197472,3062.1817359924316
1410010,965,77.45999999999921,1123,16,2,,,,,,,398.6982675996311,3064.9985389709473
1410717,966,24.729999999999354,707,10,1,,,,,,,910.3175052148647,3065.7754259109497
1411438,967,17.059999999999796,721,10,2,,,,,,,306.5841358953137,3068.1273953914642
1412124,968,17.629999999999413,686,9,1,,,,,,,887.6743488813263,3068.900396823883
1412977,969,27.31999999999892,853,14,2,,,,,,,914.1522201605325,3069.8337030410767
1413754,970,24.829999999999167,777,9,1,,,,,,,327.50494607732594,3072.2063636779785
1414921,971,62.949999999998596,1167,17,1,,,,,,,877.2918984498124,3073.5368366241455
1417087,972,213.43000000000313,2166,33,4,,,,,,,558.6652577143093,3077.4141228199005
1418485,973,104.7900000000007,1398,22,4,,,,,,,450.4501086401741,3080.5178835392
1419595,974,53.579999999999025,1110,16,2,,,,,,,411.4584481692145,3083.215830564499
1420538,975,49.71999999999963,943,15,3,,,,,,,920.7932360181383,3084.240152835846
1421334,976,26.49999999999961,796,13,3,,,,,,,335.8456697627781,3086.6104607582092
1422168,977,32.72999999999936,834,14,2,,,,,,,881.8300300468362,3087.5564424991608
1422990,978,30.90999999999957,822,13,2,,,,,,,886.5886041412836,3088.483830690384
1424012,979,59.339999999999094,1022,15,2,,,,,,,390.24173131050446,3091.102870464325
1424590,980,4.519999999999541,578,8,1,,,,,,,899.827039859431,3091.745572090149
1425879,981,86.39999999999993,1289,20,3,,,,,,,433.9380010813018,3094.7162420749664
1426862,982,51.29999999999921,983,14,2,,,,,,,936.6239499897887,3095.7659590244293
1428457,983,117.30000000000231,1595,26,3,,,,,,,487.1675507037549,3099.0401968955994
1429542,984,60.639999999998864,1085,18,2,,,,,,,401.1728215325585,3101.7449448108673
1430379,985,22.739999999999462,837,11,2,,,,,,,912.2762592081725,3102.662605047226
1431795,986,118.53000000000141,1416,22,3,,,,,,,457.5622341813516,3105.7574672698975
1433971,987,185.04000000000758,2176,34,2,,,,,,,550.9742650838532,3109.7070775032043
1435266,988,103.24999999999939,1295,20,3,,,,,,,880.1737783056161,3111.178558111191
1436561,989,67.38999999999851,1295,19,2,,,,,,,437.6563009388829,3114.1377334594727
1437914,990,95.78000000000158,1353,21,5,,,,,,,446.3807797958676,3117.169016599655
1440571,991,232.0300000000109,2657,51,7,,,,,,,594.2093550550846,3121.640693664551
1442418,992,156.53000000000526,1847,33,5,,,,,,,506.0975339006348,3125.2904045581818
1443421,993,46.85999999999935,1003,11,1,,,,,,,916.851697267351,3126.384548187256
1444519,994,61.4199999999991,1098,16,1,,,,,,,396.54396270338464,3129.153746366501
1445945,995,84.40999999999882,1426,23,3,,,,,,,455.81283032855896,3132.2824425697327
1446491,996,-5.61000000000022,546,6,1,,,,,,,929.6471433552936,3132.8700952529907
1447451,997,46.52999999999919,960,13,1,,,,,,,895.9946452142938,3133.941715478897
1448544,998,51.14999999999945,1093,16,2,,,,,,,398.7357240737479,3136.683078765869
1449800,999,77.57999999999998,1256,19,2,,,,,,,908.3739736911804,3138.065949678421
1450588,1000,31.289999999999573,788,13,1,,,,,,,312.2333873826826,3140.5899019241333
1451678,1001,62.29999999999865,1090,14,3,,,,,,,908.8744868958651,3141.78937792778
1452283,1002,2.2699999999997473,605,8,1,,,,,,,270.799426675103,3144.0236854553223
1454433,1003,155.98000000000306,2150,39,5,,,,,,,552.4785047947414,3147.9154357910156
1456422,1004,178.53000000000173,1989,36,3,,,,,,,534.8791586239494,3151.634256362915
1459513,1005,282.4200000000114,3091,55,6,,,,,,,620.012748033795,3156.6198303699493
1461149,1006,139.50000000000128,1636,24,2,,,,,,,491.93609767200945,3159.9456651210785
1462979,1007,151.4300000000017,1830,32,4,,,,,,,513.5793788237045,3163.5090618133545
1465095,1008,209.93000000000427,2116,39,5,,,,,,,547.3737666948541,3167.375124692917
1467405,1009,223.99000000000672,2310,44,6,,,,,,,563.5488111363571,3171.474310874939
1469655,1010,201.70000000000368,2250,39,4,,,,,,,552.8759887657695,3175.5441088676453
1471098,1011,103.07000000000036,1443,23,5,,,,,,,471.6143845807692,3178.6040468215942
1473632,1012,239.50000000000938,2534,44,3,,,,,,,592.6689983012377,3182.8798303604126
1476014,1013,237.1700000000078,2382,43,5,,,,,,,563.3157038660875,3187.108570098877
1479122,1014,328.33000000001834,3108,60,6,,,,,,,485.579624923648,3193.5093717575073
1481264,1015,216.29000000000258,2142,38,4,,,,,,,546.728599144301,3197.427486181259
1484922,1016,381.6100000000216,3658,65,7,,,,,,,524.0021659863436,3204.408637523651
1488051,1017,364.23000000001616,3129,68,8,,,,,,,632.9908525331808,3209.3519682884216
1490449,1018,231.86000000000993,2398,44,5,,,,,,,576.5894477893988,3213.5111088752747
1493187,1019,254.81000000001254,2738,48,6,,,,,,,452.7028883765739,3219.5594716072083
1495618,1020,228.2400000000075,2431,44,6,,,,,,,570.2602157831109,3223.8226578235626
1498496,1021,281.20000000001494,2878,50,11,,,,,,,606.4678738809602,3228.5684044361115
1500057,1022,117.57000000000114,1561,25,3,,,,,,,462.54975647871186,3231.9434037208557
1501039,1023,45.16999999999935,982,16,2,,,,,,,896.709717141088,3233.038748025894
1502926,1024,157.05000000000337,1887,32,4,,,,,,,517.5558314957603,3236.6849060058594
1504478,1025,116.92000000000043,1552,23,2,,,,,,,480.3099313855584,3239.916433572769
1506293,1026,149.6000000000015,1815,31,6,,,,,,,504.92911509645285,3243.5112869739532
1507884,1027,104.49000000000082,1591,24,3,,,,,,,481.179350657067,3246.8179507255554
1508924,1028,52.539999999999196,1040,16,3,,,,,,,896.2701798529296,3247.9785075187683
1510786,1029,155.9000000000017,1862,30,5,,,,,,,527.9757489814058,3251.5054166316986
1511648,1030,31.469999999999565,862,10,8,,,,,,,351.3949214522549,3253.9586646556854
1512747,1031,58.999999999999055,1099,19,3,,,,,,,924.7436531379823,3255.147282600403
1514334,1032,114.44000000000248,1587,26,5,,,,,,,476.2029768228479,3258.48006939888
1515499,1033,58.76999999999899,1165,19,3,,,,,,,908.4644618121047,3259.7626354694366
1516189,1034,16.93999999999982,690,9,1,,,,,,,300.51319230459717,3262.0588760375977
1517015,1035,32.35999999999925,826,12,1,,,,,,,909.8724926602115,3262.96692943573
1517949,1036,40.36999999999931,934,14,2,,,,,,,357.9295236584632,3265.576582431793
1519869,1037,171.55000000000467,1920,31,4,,,,,,,529.1560983033233,3269.205230951309
1521442,1038,124.09000000000121,1573,25,4,,,,,,,910.0059063955883,3270.934012413025
1522954,1039,114.66000000000119,1512,23,3,,,,,,,482.5366151182825,3274.067640066147
1523741,1040,27.57999999999936,787,13,2,,,,,,,330.05449465300313,3276.452244758606
1524649,1041,46.79999999999899,908,15,2,,,,,,,896.9041284746124,3277.4648151397705
1525976,1042,67.28999999999888,1327,21,5,,,,,,,435.53546432525644,3280.5119330883026
1527954,1043,158.69000000000153,1978,30,4,,,,,,,530.2853449490304,3284.2421700954437
1530169,1044,191.69000000000563,2215,37,4,,,,,,,565.2946733975941,3288.1606516838074
1531593,1045,104.83000000000153,1424,22,2,,,,,,,902.4267517819437,3289.738831758499
1533161,1046,119.48000000000093,1568,24,4,,,,,,,482.7397475210722,3292.9872267246246
1534400,1047,101.71000000000001,1239,21,4,,,,,,,438.33014144248546,3295.814009666443
1535826,1048,105.59000000000125,1426,23,3,,,,,,,882.4575443978393,3297.4301204681396
1537757,1049,162.4900000000029,1931,32,4,,,,,,,521.5727358242026,3301.1325941085815
1539816,1050,187.5700000000029,2059,29,2,,,,,,,536.2871648535869,3304.9722044467926
1540957,1051,74.45000000000032,1141,16,2,,,,,,,409.06387530789624,3307.761750936508
1542013,1052,61.229999999999166,1056,18,2,,,,,,,898.8252088326739,3308.9368007183075
1544108,1053,188.3600000000066,2095,33,5,,,,,,,523.3766501099756,3312.939887046814
1545265,1054,77.14999999999954,1157,19,1,,,,,,,349.3193496459557,3316.2522003650665
1547651,1055,218.65000000000663,2386,40,10,,,,,,,551.1711657053289,3320.5813014507294
1549318,1056,127.1699999999995,1667,26,4,,,,,,,474.6414187301268,3324.093629837036
1551123,1057,135.0400000000011,1805,30,5,,,,,,,495.4670845734378,3327.7368688583374
1552486,1058,90.90000000000005,1363,22,2,,,,,,,433.7760716593999,3330.8792185783386
1554511,1059,173.32000000000443,2025,35,5,,,,,,,528.2942312536737,3334.7125265598297
1555861,1060,87.06000000000026,1350,20,3,,,,,,,880.6667691099811,3336.245693922043
1557475,1061,128.95000000000053,1614,28,3,,,,,,,480.81969506447194,3339.6026649475098
1559427,1062,164.7500000000024,1952,33,3,,,,,,,512.5519840501458,3343.4112927913666
1560645,1063,65.8599999999991,1218,19,2,,,,,,,405.0616526513787,3346.4184255599976
1562479,1064,143.91000000000093,1834,30,7,,,,,,,881.1307664190978,3348.5000743865967
1564686,1065,192.31000000000358,2207,39,5,,,,,,,400.30015187210915,3354.0136370658875
1566313,1066,122.20000000000202,1627,26,3,,,,,,,873.454985943587,3355.8765313625336
1567818,1067,108.47000000000094,1505,22,1,,,,,,,476.86806531441323,3359.0328249931335
1570909,1068,311.70000000001704,3091,57,6,,,,,,,470.7479925863128,3365.5991411209106
1573302,1069,206.88000000000363,2393,37,2,,,,,,,563.1273119316252,3369.848759651184
1575513,1070,208.28000000000492,2211,39,4,,,,,,,548.6477036958855,3373.8788754940033
1578157,1071,259.69000000001125,2644,46,5,,,,,,,588.6412803274812,3378.3708066940308
1580826,1072,247.82000000000934,2669,48,6,,,,,,,601.0252628137208,3382.811733007431
1582873,1073,184.83000000000413,2047,37,5,,,,,,,527.9301246803792,3386.689357280731
1585178,1074,209.67000000000633,2305,44,6,,,,,,,384.3285023824273,3392.6870799064636
1586980,1075,142.03000000000068,1802,25,1,,,,,,,772.5144944030501,3395.019910812378
1589804,1076,260.0400000000083,2824,47,3,,,,,,,417.6248233293353,3401.782136440277
1592136,1077,205.58000000000604,2332,43,7,,,,,,,551.4535302357663,3406.0111656188965
1594342,1078,194.1600000000053,2206,38,5,,,,,,,519.0907975194413,3410.261117219925
1595389,1079,54.82999999999918,1047,16,3,,,,,,,801.1971860357049,3411.5681891441345
1596417,1080,35.959999999998985,1028,15,3,,,,,,,373.5446543129724,3414.3203818798065
1597664,1081,64.88999999999915,1247,20,3,,,,,,,412.0093743744883,3417.347149848938
1599589,1082,160.27000000000254,1925,32,4,,,,,,,423.4117905562906,3421.8937447071075
1601016,1083,103.68999999999997,1427,21,3,,,,,,,507.3994992359682,3424.7062935829163
1603437,1084,232.25000000000722,2421,48,5,,,,,,,415.3614363317204,3430.5351102352142
1606166,1085,259.3900000000115,2729,54,9,,,,,,,327.4171286021766,3438.870198726654
1607297,1086,69.7099999999989,1131,16,1,,,,,,,642.1914553851802,3440.6315174102783
1609812,1087,235.33000000000888,2515,50,7,,,,,,,318.79080479708983,3448.5209062099457
1611726,1088,173.27000000000237,1914,36,6,,,,,,,649.7704128279973,3451.4667534828186
1612921,1089,72.71999999999969,1195,19,3,,,,,,,303.39651651035064,3455.4057025909424
1614173,1090,100.11000000000047,1252,19,2,,,,,,,316.3007634499101,3459.36417222023
1615253,1091,60.3999999999985,1080,16,2,,,,,,,678.2441661936516,3460.9566814899445
1616610,1092,105.87999999999938,1357,19,2,,,,,,,329.1433287627259,3465.0796768665314
1617759,1093,72.32999999999839,1149,17,2,,,,,,,614.657340117206,3466.9492099285126
1619232,1094,111.20000000000228,1473,22,3,,,,,,,341.3330504641403,3471.2648346424103
1622987,1095,429.19000000001904,3755,80,10,,,,,,,376.71700232261924,3481.232702732086
1623908,1096,30.20999999999902,921,13,7,,,,,,,664.4064282560646,3482.619080066681
1625937,1097,184.28000000000415,2029,38,5,,,,,,,388.9358368325896,3487.8360426425934
1628491,1098,226.88000000001182,2554,45,4,,,,,,,327.3431563301761,3495.6384720802307
1630796,1099,219.2500000000058,2305,42,5,,,,,,,409.2660425713495,3501.2707154750824
1632578,1100,151.45000000000292,1782,33,5,,,,,,,368.7788522805353,3506.1030848026276
1634926,1101,220.63000000000704,2348,46,6,,,,,,,378.5827265596334,3512.305319786072
1637293,1102,221.60000000000616,2367,44,6,,,,,,,394.5645644218242,3518.304491519928
1639752,1103,237.500000000008,2459,46,5,,,,,,,428.4855597184934,3524.0434777736664
1641033,1104,76.83999999999887,1281,20,7,,,,,,,304.7992202717987,3528.2465903759003
1643244,1105,180.86000000000502,2211,38,6,,,,,,,400.9457838526819,3533.7612731456757
1645149,1106,167.47000000000196,1905,33,5,,,,,,,367.4244660212747,3538.9461874961853
1646231,1107,62.38999999999879,1082,17,2,,,,,,,661.5408327078567,3540.5819697380066
1648326,1108,169.98000000000673,2095,34,5,,,,,,,406.57426931474504,3545.7349905967712
1650086,1109,144.02000000000118,1760,32,5,,,,,,,349.9815521833883,3550.764016866684
1652240,1110,167.17000000000314,2154,38,4,,,,,,,396.3531517568723,3556.1987631320953
1653810,1111,129.8200000000018,1570,27,4,,,,,,,352.0897766048564,3560.6580135822296
1656030,1112,198.44000000000554,2220,39,4,,,,,,,412.5704498893555,3566.039070367813
1658226,1113,214.3700000000053,2196,42,8,,,,,,,391.7083809305501,3571.645480632782
1660653,1114,234.77000000000697,2427,46,5,,,,,,,427.12804997556077,3577.3277842998505
1663168,1115,236.8800000000084,2515,45,5,,,,,,,356.00764510264975,3584.3924198150635
1664538,1116,107.8400000000005,1370,23,4,,,,,,,891.4144305536508,3585.929478406906
1666633,1117,198.81000000000336,2095,35,4,,,,,,,533.2917854026398,3589.8580713272095
1668829,1118,208.60000000000633,2196,39,4,,,,,,,551.725211877123,3593.8384895324707
1669717,1119,45.92999999999884,888,12,2,,,,,,,351.2359936971555,3596.366960287094
1671601,1120,164.22000000000406,1884,33,5,,,,,,,514.4066951707904,3600.029650449753
1674372,1121,289.1700000000129,2771,50,10,,,,,,,600.2867753638159,3604.645966053009
1676199,1122,165.2400000000011,1827,29,2,,,,,,,509.6156982253148,3608.2312047481537
1678776,1123,258.54000000001014,2577,47,6,,,,,,,590.1819459513944,3612.5978121757507
1680955,1124,207.58000000000533,2179,39,5,,,,,,,548.5705549156471,3616.5701863765717
1682591,1125,117.44000000000051,1636,28,3,,,,,,,482.8920359437775,3619.958240032196
1684719,1126,198.91000000000622,2128,39,5,,,,,,,542.7419598993284,3623.8792679309845
1686448,1127,140.60000000000306,1729,29,3,,,,,,,501.8683590234623,3627.3245985507965
1687126,1128,11.909999999999798,678,11,2,,,,,,,907.6841427914816,3628.0718173980713
1688807,1129,119.09000000000084,1681,28,2,,,,,,,487.3331584158224,3631.521451473236
1689982,1130,80.4299999999991,1175,19,2,,,,,,,417.54105338498954,3634.3357026576996
1692618,1131,266.87000000001314,2636,59,8,,,,,,,576.4263781969335,3638.9088735580444
1693600,1132,49.4199999999994,982,16,2,,,,,,,866.8277345711516,3640.041919231415
1696279,1133,269.1200000000118,2679,47,4,,,,,,,442.3559991430454,3646.0982871055603
1697684,1134,103.57000000000009,1405,23,4,,,,,,,908.285488155523,3647.6453895568848
1699518,1135,136.95000000000084,1834,29,2,,,,,,,502.44224145825393,3651.295688867569
1700545,1136,50.01999999999917,1027,17,1,,,,,,,381.06013080892086,3653.9910192489624
1701864,1137,87.50999999999888,1319,23,3,,,,,,,881.6205320874423,3655.4872801303864
1703055,1138,73.80999999999986,1191,17,1,,,,,,,409.360073450863,3658.396926164627
1704431,1139,102.03999999999884,1376,23,3,,,,,,,437.1444394074872,3661.5448150634766
1707344,1140,293.08000000001346,2913,59,6,,,,,,,523.2655394950889,3667.1119763851166
1708685,1141,86.69999999999982,1341,21,3,,,,,,,319.5928021523767,3671.3081271648407
1709913,1142,76.70000000000044,1228,18,2,,,,,,,673.0891398526618,3673.132748603821
1711926,1143,175.0400000000049,2013,35,4,,,,,,,362.25984048892076,3678.689687728882
1713986,1144,193.84000000000503,2060,37,5,,,,,,,380.0464117378644,3684.110286474228
1715876,1145,176.01000000000232,1890,31,4,,,,,,,355.212714903607,3689.431225299835
1718467,1146,276.05000000001417,2591,50,9,,,,,,,274.472500145098,3698.8715209960938
1719176,1147,25.77999999999949,709,9,1,,,,,,,560.086957176845,3700.137571811676
1720290,1148,69.73999999999938,1114,15,2,,,,,,,585.9615733393362,3702.0389285087585
1721326,1149,60.749999999999154,1036,15,4,,,,,,,280.9262120000706,3705.726938724518
1722362,1150,53.84999999999884,1036,17,5,,,,,,,682.5002550757563,3707.2450704574585
1723360,1151,60.099999999998566,998,15,1,,,,,,,366.2256639614764,3709.9703707695007
1726424,1152,321.7900000000177,3064,57,5,,,,,,,604.3057255702344,3715.040872812271
1728032,1153,146.31000000000142,1608,27,4,,,,,,,476.5673250789316,3718.415179014206
1729355,1154,124.12000000000069,1323,23,5,,,,,,,382.2255790884731,3721.876631259918
1730133,1155,36.28999999999971,778,12,1,,,,,,,700.4891604739296,3722.9875576496124
1730577,1156,-13.98000000000032,444,6,1,,,,,,,201.2141296162037,3725.194326400757
1731936,1157,103.30000000000001,1359,21,2,,,,,,,792.7691216014549,3726.908796310425
1732811,1158,20.379999999999427,875,14,1,,,,,,,341.2436426214613,3729.473082780838
1735446,1159,257.75000000000875,2635,51,8,,,,,,,575.0315619845973,3734.055677175522
1737862,1160,199.6300000000045,2416,42,3,,,,,,,520.7979959626924,3738.694880247116
1739132,1161,81.31000000000026,1270,22,4,,,,,,,385.63334207628407,3741.988355398178
1741230,1162,205.75000000000466,2098,37,5,,,,,,,458.93056224204014,3746.5600304603577
1744843,1163,369.9000000000207,3613,68,6,,,,,,,653.5977632615494,3752.0880587100983
1747289,1164,223.960000000005,2446,44,6,,,,,,,417.3431043610424,3757.949081659317
1748664,1165,96.30000000000118,1375,21,6,,,,,,,884.7883281915235,3759.503395318985
1750284,1166,136.22000000000367,1620,26,7,,,,,,,417.0104779001902,3763.388345003128
1751751,1167,111.07000000000201,1467,24,2,,,,,,,386.73602145945324,3767.18177986145
1753562,1168,147.41000000000315,1811,29,3,,,,,,,490.84869546381964,3770.8715121746063
1755179,1169,113.8800000000016,1617,27,3,,,,,,,475.1781740832653,3774.27468585968
1756457,1170,82.22999999999966,1278,20,4,,,,,,,867.8856674337928,3775.74737739563
1757766,1171,91.43999999999964,1309,21,3,,,,,,,401.5249045395946,3779.007627725601
1759142,1172,81.94000000000116,1376,24,4,,,,,,,766.8339180002929,3780.8022005558014
1761224,1173,185.88000000000358,2082,35,5,,,,,,,502.32763285461,3784.9470341205597
1763147,1174,156.56000000000222,1923,32,5,,,,,,,430.9318431606501,3789.4096295833588
1765327,1175,191.01000000000295,2180,37,4,,,,,,,442.0636962408077,3794.3411786556244
1768014,1176,263.8500000000096,2687,45,4,,,,,,,369.33837136781955,3801.6165137290955
1770130,1177,182.57000000000278,2116,37,4,,,,,,,443.1760713060714,3806.391415119171
1771826,1178,144.4300000000021,1696,29,4,,,,,,,448.877477102391,3810.169961452484
1773926,1179,190.37000000000484,2100,37,6,,,,,,,539.1232601292666,3814.0654253959656
1776671,1180,265.3300000000116,2745,47,5,,,,,,,555.0457489676925,3819.0111742019653
1779701,1181,277.5300000000133,3030,58,6,,,,,,,583.9888903373901,3824.199821949005
1783315,1182,355.5400000000215,3614,71,9,,,,,,,502.5919243460993,3831.3907277584076
1784901,1183,113.4400000000014,1586,24,2,,,,,,,469.20801569536377,3834.7710716724396
1785360,1184,-18.410000000000103,459,5,1,,,,,,,834.8035456435259,3835.321058988571
1786500,1185,67.5899999999991,1140,19,3,,,,,,,383.88867332062085,3838.29079914093
1787666,1186,69.02999999999889,1166,17,1,,,,,,,882.0785645657378,3839.6128256320953
1789766,1187,191.86000000000445,2100,34,5,,,,,,,519.1444221304738,3843.658210039139
1791072,1188,83.8399999999992,1306,19,3,,,,,,,425.47914311690664,3846.727921485901
1791638,1189,-16.240000000000027,566,7,1,,,,,,,829.3528411385515,3847.410539627075
1792246,1190,-9.790000000000077,608,8,1,,,,,,,258.6918938933222,3849.761002063751
1794976,1191,250.920000000011,2730,51,7,,,,,,,541.669822498699,3854.801160812378
1796919,1192,162.76000000000562,1943,30,3,,,,,,,467.4309115849902,3858.9581055641174
1798448,1193,86.26000000000144,1529,23,2,,,,,,,437.52152891994774,3862.4529762268066
1799244,1194,1.6700000000002717,796,11,3,,,,,,,812.4779269348899,3863.432872533798
1799933,1195,-1.0000000000000355,689,9,1,,,,,,,881.9232296993275,3864.2143371105194
1800359,1196,-27.12000000000003,426,4,1,,,,,,,180.20058595306122,3866.5785100460052
1800865,1197,-14.270000000000053,506,6,1,,,,,,,736.3641493630814,3867.2659549713135
1801673,1198,25.649999999999828,808,12,2,,,,,,,859.3520932046476,3868.2063686847687
1801990,1199,-34.900000000000034,317,3,1,,,,,,,806.7505991798972,3868.5994431972504
1802548,1200,-10.619999999999955,558,8,1,,,,,,,255.9219548040144,3870.779952287674
1804298,1201,114.50000000000308,1750,29,3,,,,,,,475.4263613440931,3874.4610755443573
1805323,1202,30.509999999999323,1025,13,2,,,,,,,806.056728961379,3875.732863664627
1805885,1203,1.2300000000000608,562,6,1,,,,,,,850.1005818207784,3876.3940999507904
1807455,1204,98.84000000000125,1570,22,3,,,,,,,430.34484994100376,3880.042500257492
1808580,1205,56.569999999999666,1125,15,5,,,,,,,397.0953903244926,3882.8757696151733
1809042,1206,-22.929999999999897,462,5,1,,,,,,,892.2695031150281,3883.3937492370605
1810315,1207,74.76999999999916,1273,18,1,,,,,,,778.3173688849084,3885.0295009613037
1811085,1208,16.629999999999775,770,8,1,,,,,,,243.79717425692422,3888.1880712509155
1812384,1209,73.60999999999984,1299,20,3,,,,,,,764.9484106375603,3889.8864221572876
1813673,1210,78.18999999999906,1289,18,2,,,,,,,405.59994532441607,3893.0646324157715
1814229,1211,-11.150000000000041,556,6,1,,,,,,,757.4796889829843,3893.7988822460175
1815632,1212,59.669999999998836,1403,21,5,,,,,,,428.45688410376727,3897.073553800583
1816675,1213,35.53999999999942,1043,15,4,,,,,,,347.680537512289,3900.073710680008
1817180,1214,-10.990000000000029,505,6,1,,,,,,,835.9348624497699,3900.677998304367
1817831,1215,-0.8700000000001893,651,9,1,,,,,,,813.0083823035494,3901.4789021015167
1818993,1216,62.849999999999284,1162,17,2,,,,,,,353.5427749739963,3904.7658116817474
1819518,1217,-6.229999999999919,525,6,1,,,,,,,793.575025488351,3905.4275200366974
1821404,1218,159.6400000000059,1886,32,5,,,,,,,477.9771523211821,3909.3734924793243
1822208,1219,1.5599999999998388,804,11,2,,,,,,,828.527699320121,3910.34406375885
1823377,1220,60.63999999999899,1169,17,2,,,,,,,379.5744643165004,3913.4241273403168
1824259,1221,32.03999999999955,882,13,2,,,,,,,653.7662363275751,3914.7734048366547
1825630,1222,72.7599999999989,1371,20,4,,,,,,,375.50757233025075,3918.424671649933
1826438,1223,24.619999999999315,808,8,1,,,,,,,840.2563743246828,3919.3864731788635
1828070,1224,116.9200000000016,1632,25,1,,,,,,,458.81392459305096,3922.943690061569
1828693,1225,1.2100000000000506,623,8,1,,,,,,,834.5546054020459,3923.690370321274
1829436,1226,15.599999999999923,743,10,4,,,,,,,291.1149584318042,3926.242798805237
1830219,1227,20.079999999999742,783,11,3,,,,,,,704.9450153454234,3927.3537323474884
1831207,1228,41.70999999999971,988,12,2,,,,,,,327.93713441175566,3930.3666830062866
1831596,1229,-27.730000000000025,389,5,1,,,,,,,901.595631893894,3930.798271417618
1832617,1230,52.54999999999935,1021,15,2,,,,,,,910.3369632294717,3931.9200377464294
1833608,1231,35.80999999999981,991,15,2,,,,,,,367.4583319814807,3934.6171386241913
1835215,1232,100.99000000000163,1607,28,4,,,,,,,475.30949364959673,3937.99827504158
1836637,1233,81.49000000000032,1422,23,4,,,,,,,873.8448273891728,3939.625760793686
1837331,1234,12.639999999999958,694,9,1,,,,,,,291.6046286528881,3942.0059089660645
1839241,1235,141.2600000000055,1910,31,7,,,,,,,450.75405443255727,3946.2434420585632
1840512,1236,78.00000000000091,1271,21,2,,,,,,,783.6396671322088,3947.8655486106873
1841513,1237,48.14999999999952,1001,16,2,,,,,,,362.79254056412816,3950.6248710155487
1843020,1238,84.5099999999994,1507,23,6,,,,,,,703.3433793110662,3952.7676241397858
1844411,1239,88.03000000000003,1391,21,2,,,,,,,363.703539701089,3956.592303752899
1845361,1240,37.419999999999455,950,14,2,,,,,,,314.4694388607534,3959.6134457588196
1846690,1241,83.58999999999885,1329,21,3,,,,,,,753.7571384914121,3961.3767886161804
1847984,1242,67.83999999999922,1294,19,2,,,,,,,378.0172911642332,3964.8001079559326
1849048,1243,43.15999999999962,1064,16,2,,,,,,,848.3411720604013,3966.054513692856
1850170,1244,58.02999999999934,1122,17,2,,,,,,,366.73919516410183,3969.1142094135284
1851036,1245,28.209999999999717,866,10,3,,,,,,,858.8114054625088,3970.122766494751
1851871,1246,22.879999999999875,835,11,2,,,,,,,296.84812300285637,3972.9358384609222
1852327,1247,-18.33000000000006,456,6,1,,,,,,,822.7574873366672,3973.490302801132
1853408,1248,48.43999999999896,1081,16,3,,,,,,,827.8735925231338,3974.796219110489
1854247,1249,16.61999999999992,839,13,2,,,,,,,325.0428405563104,3977.3775577545166
1855452,1250,79.30000000000032,1205,20,3,,,,,,,829.1088288358045,3978.831184387207
1856235,1251,19.23999999999971,783,9,1,,,,,,,319.98605060611095,3981.2783830165863
1857910,1252,123.580000000002,1675,26,3,,,,,,,462.0375134154757,3984.9038417339325
1858737,1253,25.17999999999971,827,13,3,,,,,,,700.9264430142657,3986.083915948868
1859458,1254,13.069999999999823,721,12,2,,,,,,,860.0311649309209,3986.922490119934
1860926,1255,95.72999999999911,1468,21,4,,,,,,,313.0884238954564,3991.6114735603333
1862237,1256,70.77999999999889,1311,22,4,,,,,,,321.7581867567392,3995.6861338615417
1863649,1257,89.74999999999997,1412,24,5,,,,,,,621.8041277660058,3997.9571726322174
1865857,1258,179.92000000000385,2208,40,7,,,,,,,261.390939864457,4006.4044528007507
1868678,1259,230.3200000000137,2821,49,5,,,,,,,430.0608142554124,4012.964192867279
1870963,1260,203.00000000000728,2285,41,5,,,,,,,412.13388077047483,4018.5087037086487
1871737,1261,14.659999999999798,774,9,1,,,,,,,631.99681197402,4019.7335534095764
1872867,1262,67.37999999999883,1130,19,1,,,,,,,285.4415223408071,4023.692489862442
1873627,1263,13.640000000000008,760,11,2,,,,,,,662.2222508448464,4024.8404054641724
1874877,1264,80.08999999999988,1250,18,1,,,,,,,323.71147935086555,4028.702138900757
1877191,1265,177.95000000000118,2314,41,6,,,,,,,396.25621005717767,4034.541944026947
1879349,1266,169.4400000000046,2158,37,4,,,,,,,409.19206562401814,4039.81596159935
1880514,1267,53.22999999999925,1165,19,2,,,,,,,301.71130047514447,4043.677417755127
1882822,1268,201.55000000000547,2308,41,4,,,,,,,408.2491319735479,4049.33101439476
1885237,1269,199.27000000000896,2415,39,4,,,,,,,407.3379284319404,4055.259958744049
1888498,1270,329.5000000000148,3261,59,6,,,,,,,338.52061902707777,4064.8932032585144
1890103,1271,117.46000000000292,1605,27,3,,,,,,,642.7253658274843,4067.390604734421
1892091,1272,161.26000000000323,1988,35,5,,,,,,,362.0862944892058,4072.8811888694763
1894452,1273,199.990000000005,2361,42,6,,,,,,,304.6508314610461,4080.6312170028687
1897490,1274,295.5000000000158,3038,56,6,,,,,,,452.21064023904216,4087.3494942188263
1898098,1275,-4.339999999999968,608,7,1,,,,,,,689.9362457361523,4088.230937242508
1899079,1276,43.909999999999656,981,13,5,,,,,,,270.3171854563138,4091.8601546287537
1901452,1277,187.9900000000057,2373,39,3,,,,,,,425.40770997464375,4097.438491344452
1903496,1278,172.3600000000019,2044,35,4,,,,,,,388.31741686918997,4102.702395915985
1905936,1279,184.92000000000576,2440,39,4,,,,,,,428.8775350573726,4108.391872644424
1907946,1280,156.61000000000269,2010,35,5,,,,,,,371.0454461791727,4113.809153318405
1909508,1281,112.49000000000113,1562,26,4,,,,,,,360.256891013251,4118.145152330399
1911573,1282,172.2400000000049,2065,34,3,,,,,,,383.1158588670176,4123.535346031189
1912719,1283,63.23999999999879,1146,16,1,,,,,,,623.4966711932817,4125.373525381088
1914091,1284,83.41000000000037,1372,21,2,,,,,,,340.0929994181065,4129.407948732376
1917442,1285,319.4300000000154,3351,60,6,,,,,,,357.9442056173946,4138.769914865494
1918196,1286,16.669999999999995,754,10,3,,,,,,,636.950781358571,4139.9539840221405
1919335,1287,61.60999999999941,1139,16,3,,,,,,,284.62617215927895,4143.955971479416
1920605,1288,72.28999999999911,1270,20,2,,,,,,,632.3119643971482,4145.964663028717
1921298,1289,2.660000000000089,693,10,3,,,,,,,225.65243214770783,4149.035993099213
1921717,1290,-22.070000000000032,419,6,1,,,,,,,502.93141938105623,4149.869311571121
1923132,1291,93.4599999999998,1415,23,5,,,,,,,330.7682416483939,4154.147407054901
1924391,1292,73.57999999999889,1259,17,2,,,,,,,626.5332945593367,4156.157124757767
1925102,1293,12.049999999999834,711,10,4,,,,,,,623.227567758479,4157.2981061935425
1925472,1294,-27.25000000000003,370,5,1,,,,,,,144.68350388430335,4159.855574131012
1926662,1295,57.36999999999917,1190,18,1,,,,,,,629.8248846623696,4161.745157241821
1928059,1296,101.52000000000149,1397,22,4,,,,,,,311.33715010890666,4166.232422113419
1930309,1297,177.6200000000053,2250,38,6,,,,,,,415.0765604938211,4171.65332198143
1931683,1298,60.3399999999988,1374,19,1,,,,,,,330.0990975417214,4175.815895318985
1933561,1299,139.2300000000047,1878,30,3,,,,,,,390.1562185535759,4180.629496097565
1934656,1300,40.99999999999939,1095,16,2,,,,,,,622.2144717244264,4182.389527797699
1937486,1301,243.98000000001426,2830,47,3,,,,,,,329.594173849157,4190.976024866104
1938687,1302,45.16999999999943,1201,18,2,,,,,,,628.4492823812949,4192.887236595154
1939661,1303,28.489999999999895,974,14,2,,,,,,,276.9317352861386,4196.404546022415
1940485,1304,37.40999999999964,824,12,3,,,,,,,627.8300522230966,4197.717170000076
1941167,1305,5.709999999999951,682,9,1,,,,,,,634.6052053543044,4198.792063713074
1942143,1306,29.069999999999716,976,14,3,,,,,,,287.498026806663,4202.187016248703
1943848,1307,117.0700000000013,1705,29,3,,,,,,,344.5447586597648,4207.135736703873
1944780,1308,27.209999999999418,932,15,2,,,,,,,667.116291746058,4208.532944917679
1945832,1309,47.019999999999285,1052,16,4,,,,,,,302.21141241257686,4212.014112710953
1946853,1310,54.909999999999336,1021,15,3,,,,,,,631.0952268459905,4213.632114171982
1947221,1311,-29.71000000000006,368,5,1,,,,,,,648.9476739688338,4214.199346542358
1947823,1312,-9.249999999999998,602,9,1,,,,,,,200.32437911423398,4217.204648017883
1948620,1313,20.829999999999778,797,11,2,,,,,,,629.336572459284,4218.47122335434
1949700,1314,56.3899999999993,1080,17,2,,,,,,,283.13249025363456,4222.285871505737
1950261,1315,-16.42999999999995,561,8,1,,,,,,,650.2996385910773,4223.148797988892
1951419,1316,62.869999999999315,1158,18,2,,,,,,,582.4233289548694,4225.137208223343
1952578,1317,53.76999999999924,1159,18,2,,,,,,,290.37298629532455,4229.128790616989
1952994,1318,-23.1600000000001,416,4,1,,,,,,,674.74315272178,4229.745483160019
1954058,1319,46.21999999999922,1064,17,2,,,,,,,291.8066880662013,4233.391888141632
1955612,1320,91.49999999999966,1554,27,4,,,,,,,650.6879563175083,4235.7803201675415
1956353,1321,9.34999999999988,741,9,1,,,,,,,230.63057654986378,4238.9934051036835
1957722,1322,90.42000000000046,1369,21,3,,,,,,,660.0281685478191,4241.067725896835
1958641,1323,38.81999999999955,919,13,3,,,,,,,246.53960563286594,4244.795481681824
1959211,1324,-1.129999999999967,570,8,1,,,,,,,623.4440401882573,4245.70992732048
1960988,1325,136.36000000000178,1777,30,3,,,,,,,379.45889989333494,4250.393068552017
1961887,1326,32.109999999999694,899,14,2,,,,,,,662.4160154229046,4251.750388622284
1963051,1327,64.67999999999947,1164,18,2,,,,,,,305.9146851046224,4255.555554151535
1963777,1328,16.279999999999788,726,11,1,,,,,,,650.7432856259953,4256.671375513077
1965037,1329,81.98999999999967,1260,22,3,,,,,,,327.29205095869435,4260.52136182785
1965984,1330,41.25999999999939,947,12,2,,,,,,,660.4920871602159,4261.955307722092
1966465,1331,-9.839999999999982,481,6,1,,,,,,,161.3777237077309,4264.9360427856445
1967278,1332,27.08999999999968,813,11,2,,,,,,,604.1163464201,4266.2819747924805
1967929,1333,-6.499999999999929,651,8,1,,,,,,,608.1113912819218,4267.352646112442
1968660,1334,13.969999999999821,731,10,3,,,,,,,230.4524529442095,4270.524828195572
1969600,1335,31.839999999999783,940,12,3,,,,,,,676.2640455749953,4271.915112257004
1970532,1336,36.25999999999938,932,12,5,,,,,,,265.48582417601824,4275.425800085068
1971259,1337,11.979999999999684,727,9,1,,,,,,,633.2613194931764,4276.573992013931
1972314,1338,44.47999999999991,1055,15,1,,,,,,,286.73844668435703,4280.253541231155
1974522,1339,170.0300000000023,2208,37,4,,,,,,,346.0500096124762,4286.634360790253
1975679,1340,53.80000000000008,1157,16,2,,,,,,,637.9178805941269,4288.448316574097
1977265,1341,99.30000000000076,1586,25,2,,,,,,,345.9162591557358,4293.03341293335
1978328,1342,50.55999999999954,1063,14,3,,,,,,,618.7938426299048,4294.751463890076
1979397,1343,58.12999999999924,1069,13,2,,,,,,,277.7895925405341,4298.599902868271
1981074,1344,87.69000000000032,1677,29,4,,,,,,,357.7185165294552,4303.28814291954
1981630,1345,-7.839999999999911,556,5,1,,,,,,,617.1195384900368,4304.189247608185
1982935,1346,76.22999999999976,1305,19,2,,,,,,,290.5102839705401,4308.681492090225
1983527,1347,-3.1099999999999284,592,6,1,,,,,,,636.3016830412777,4309.6120772361755
1984359,1348,31.12999999999966,832,12,2,,,,,,,677.4921130508337,4310.84036231041
1985307,1349,21.569999999999474,948,11,5,,,,,,,271.4527275153939,4314.3329067230225
1986292,1350,37.73,985,13,2,,,,,,,640.0546326772011,4315.872023820877
1986920,1351,-2.7099999999999227,628,9,1,,,,,,,200.9746891595623,4318.996999502182
1987965,1352,60.1799999999991,1045,13,3,,,,,,,630.387493524324,4320.654869318008
1988451,1353,-15.399999999999944,486,6,1,,,,,,,668.5026626219562,4321.3820905685425
1988941,1354,-17.14999999999989,490,5,1,,,,,,,171.5216513009742,4324.239046573639
1989507,1355,-8.74000000000003,566,7,1,,,,,,,641.7726469090253,4325.121128559113
1989994,1356,-14.79999999999986,487,7,1,,,,,,,533.4101904959873,4326.034413576126
1990646,1357,-3.5699999999999825,652,8,1,,,,,,,593.6498891581665,4327.132905960083
1991540,1358,26.779999999999944,894,12,4,,,,,,,254.80541175482466,4330.641633749008
1992647,1359,66.97999999999928,1107,14,3,,,,,,,636.635993402046,4332.380657911301
1993491,1360,31.85999999999983,844,12,1,,,,,,,236.9773526160112,4335.942756891251
1994100,1361,-6.409999999999911,609,8,1,,,,,,,614.1896287063006,4336.9344799518585
1994913,1362,18.209999999999688,813,11,1,,,,,,,246.24157947276962,4340.236321926117
1995906,1363,19.069999999999844,993,13,2,,,,,,,648.3810682630703,4341.768002748489
1996987,1364,55.5299999999989,1081,14,2,,,,,,,275.17676019978836,4345.696619987488
1997880,1365,34.75999999999955,893,13,2,,,,,,,549.5095176818778,4347.321969747543
1998194,1366,-42.05000000000005,314,5,1,,,,,,,613.756725168001,4347.8337297439575
1999955,1367,103.18000000000309,1761,29,3,,,,,,,372.4160369579904,4352.562457084656
2000661,1368,0.9799999999997908,706,8,1,,,,,,,641.3988157472647,4353.663501262665
