timestep,episode,episode_reward,episode_length,zombies_killed,wave,has_machinegun,mg_ammo,weapon,policy_loss,value_loss,entropy_loss,total_loss,clip_fraction,approx_kl,fps,elapsed_time
376,1,7.075668324824214,376,4,1,False,0,pistol,,,,,,,459.4294790169097,0.8184070587158203
3681,2,1012.6564412116445,3305,57,6,False,0,pistol,,,,,,,443.55880451049654,8.279196739196777
6249,3,684.7517077878892,2568,45,5,False,0,pistol,,,,,,,291.83546745503355,17.085601806640625
7776,4,344.0200000000135,1527,24,3,False,0,pistol,,,,,,,796.6555836211937,19.002579927444458
9245,5,353.0382573928942,1469,25,3,False,0,pistol,,,,,,,313.4141012404498,23.68986225128174
10853,6,422.91740256149694,1608,27,3,True,81,pistol,,,,,,,335.85484370225686,28.47782564163208
12073,7,248.30710692587036,1220,18,2,False,0,pistol,,,,,,,885.2595763909829,29.8561851978302
13843,8,417.79310277654196,1770,29,3,False,0,pistol,,,,,,,355.020784295666,34.84212517738342
15683,9,464.25854344534656,1840,32,4,False,0,pistol,,,,,,,340.0642469751653,40.25307083129883
18739,10,895.8632771882216,3056,55,6,False,0,pistol,,,,,,,317.4404580013153,49.880319595336914
19739,11,177.030000000004,1000,14,1,False,0,pistol,,,,,,,862.2746612414868,51.04032349586487
21602,12,465.40521830362206,1863,31,4,True,34,machinegun,,,,,,,361.1581607953959,56.19887971878052
23137,13,345.06000000001404,1535,24,3,True,50,pistol,,,,,,,276.41600195089194,61.75231099128723
24797,14,369.5700000000157,1660,24,3,False,0,pistol,,,,,,,295.7471321101296,67.36545610427856
25550,15,113.93000000000166,753,10,2,False,0,pistol,,,,,,,717.383645490184,68.41575002670288
26384,16,154.78148400888466,834,12,2,True,49,machinegun,,,,,,,663.0596711134127,69.67374277114868
27364,17,191.23714593263412,980,15,2,False,0,pistol,,,,,,,211.0315523756066,74.3177843093872
28215,18,160.4077450184541,851,13,2,False,0,pistol,,,,,,,764.2669124183992,75.43149304389954
29089,19,181.56105100731327,874,15,2,False,0,pistol,,,,,,,183.97973012885882,80.18219685554504
29678,20,52.2199999999994,589,6,1,False,0,pistol,,,,,,,587.1143433287189,81.18564867973328
31004,21,269.0100000000087,1326,19,2,False,0,pistol,,,,,,,294.43144121688687,85.68949174880981
31858,22,160.06952406046156,854,12,2,False,0,pistol,,,,,,,826.9647093046746,86.72234535217285
32581,23,111.69107163181799,723,10,2,False,0,pistol,,,,,,,903.6978052155224,87.5225887298584
33631,24,191.33000000000504,1050,15,1,False,0,pistol,,,,,,,231.21331493084972,92.0640459060669
34522,25,153.05846801200303,891,12,2,False,0,pistol,,,,,,,792.5680646249053,93.18846416473389
35448,26,165.72307650746546,926,13,2,False,0,pistol,,,,,,,193.14592832716406,97.98292970657349
36866,27,324.5869673692269,1418,23,3,False,0,pistol,,,,,,,234.79166143264558,104.02254033088684
37531,28,107.28702879070923,665,10,2,False,0,pistol,,,,,,,654.0992912391835,105.03941535949707
38134,29,65.80267739982116,603,7,1,False,0,pistol,,,,,,,516.0899370264511,106.20802545547485
39071,30,188.63727518153297,937,15,2,False,0,pistol,,,,,,,189.06236610701893,111.16425800323486
40599,31,364.74338095701535,1528,25,3,False,0,pistol,,,,,,,845.0814400557401,112.97260093688965
41933,32,354.64915834917394,1334,22,3,True,30,machinegun,,,,,,,236.32546508401182,118.6175286769867
43780,33,494.33934729505415,1847,28,3,True,7,pistol,,,,,,,233.64402977588705,126.52292203903198
44448,34,107.41274869108507,668,9,1,False,0,pistol,,,,,,,487.8567664779929,127.8925051689148
45244,35,131.5882797622522,796,12,2,False,0,pistol,,,,,,,144.28724323031085,133.4094681739807
47613,36,918.9500000000254,2369,40,5,False,0,pistol,,,,,,,325.16869081975557,140.69516849517822
49443,37,554.270000000018,1830,29,3,False,0,pistol,,,,,,,318.84483732594714,146.43484163284302
51302,38,597.802946134927,1859,32,4,True,3,machinegun,,,,,,,338.5821541249193,151.9256148338318
53429,39,736.9450087751629,2127,36,4,False,0,pistol,,,,,,,379.30628611341103,157.5334188938141
55734,40,961.8496451307608,2305,41,5,False,0,pistol,,,,,,,416.01415671903476,163.07431054115295
58200,41,713.028215523778,2466,45,4,True,86,pistol,,,,,,,439.1353617295673,168.69010734558105
59651,42,339.20815152310246,1451,24,3,False,0,pistol,,,,,,,319.6578492123286,173.22954773902893
61226,43,399.7249629213683,1575,26,3,False,0,pistol,,,,,,,901.4689950465819,174.97691869735718
62302,44,323.61267657126206,1076,16,2,True,18,pistol,,,,,,,264.24059625978686,179.04914569854736
63229,45,184.13645143690275,927,15,2,True,47,machinegun,,,,,,,904.8327723682639,180.0738787651062
64151,46,192.4061090682846,922,15,2,True,48,machinegun,,,,,,,229.0802315191412,184.0988097190857
65296,47,239.69000000000693,1145,18,2,False,0,pistol,,,,,,,908.2144337633023,185.35976266860962
66909,48,394.0968970346054,1613,26,3,False,0,pistol,,,,,,,344.954314414367,190.03594660758972
67821,49,179.0300000000036,912,14,2,False,0,pistol,,,,,,,229.114764105914,194.01663398742676
69681,50,446.15565078613827,1860,30,4,False,0,pistol,,,,,,,369.1104809816494,199.05600214004517
70124,51,45.394154850807716,443,6,1,False,0,pistol,,,,,,,915.0233803941924,199.5404191017151
71369,52,264.74089236433997,1245,19,2,False,0,pistol,,,,,,,899.5794504338023,200.92463660240173
72409,53,203.49569780534853,1040,16,2,False,0,pistol,,,,,,,250.2551508087971,205.08058881759644
73559,54,252.81000000000705,1150,18,2,False,0,pistol,,,,,,,900.8470684297941,206.35745906829834
75376,55,422.81038500334154,1817,28,1,False,0,pistol,,,,,,,372.8598552309382,211.2307870388031
76856,56,327.97411681303373,1480,23,1,False,0,pistol,,,,,,,330.771801412762,215.7054591178894
78706,57,569.5100000000186,1850,31,3,False,0,pistol,,,,,,,369.7629950437842,220.7088701725006
80221,58,501.92756991359704,1515,25,3,True,49,pistol,,,,,,,328.4187219592172,225.32208013534546
81751,59,547.7500000000127,1530,25,2,False,0,pistol,,,,,,,902.4389829569377,227.01776552200317
83619,60,477.89671449217315,1868,33,4,False,0,pistol,,,,,,,372.920292222504,232.02707862854004
84930,61,308.54284700745916,1311,22,3,False,0,pistol,,,,,,,301.41144839274216,236.3768448829651
87040,62,533.0800000000182,2110,36,4,False,0,pistol,,,,,,,401.4945536809325,241.63239121437073
89572,63,864.0108840033088,2532,45,5,False,0,pistol,,,,,,,441.96766113344466,247.36159133911133
90998,64,340.4669599760206,1426,23,3,False,0,pistol,,,,,,,315.3969237570907,251.88319778442383
92932,65,491.57291428694765,1934,32,4,True,50,pistol,,,,,,,374.7706621970194,257.04395866394043
93788,66,177.3142407051849,856,14,2,False,0,pistol,,,,,,,894.9490109587703,258.0006287097931
94945,67,248.8005225973357,1157,18,2,True,50,pistol,,,,,,,279.805207348516,262.135817527771
96561,68,555.0182453252285,1616,28,3,False,0,pistol,,,,,,,343.0528467256727,266.84669399261475
96862,69,2.4199999999999875,301,4,1,False,0,pistol,,,,,,,888.5636873458632,267.1856577396393
97870,70,202.3413578113953,1008,16,2,False,0,pistol,,,,,,,887.067646418271,268.3221547603607
98774,71,179.22470346863975,904,15,1,False,0,pistol,,,,,,,232.8869776858128,272.20403003692627
99589,72,141.96000000000302,815,12,2,False,0,pistol,,,,,,,892.18500069817,273.11777114868164
101037,73,440.8627437708763,1448,24,3,True,60,pistol,,,,,,,324.73269477752314,277.57707595825195
102180,74,238.86046975909022,1143,18,2,False,0,pistol,,,,,,,891.9214654922695,278.8588480949402
103407,75,272.59363729425434,1227,20,2,True,42,pistol,,,,,,,295.7684358329153,283.00753831863403
105366,76,650.9200000000212,1959,33,4,True,50,machinegun,,,,,,,387.46524878787454,288.06371092796326
106557,77,253.0500000000083,1191,18,2,False,0,pistol,,,,,,,280.1129141765142,292.31579875946045
107852,78,275.2078022016275,1295,20,3,False,0,pistol,,,,,,,911.4603405057076,293.73682141304016
109929,79,520.2415938726458,2077,33,4,False,0,pistol,,,,,,,395.9812555971708,298.98221826553345
111131,80,256.3784926633052,1202,19,2,True,42,pistol,,,,,,,286.77801040342126,303.17376494407654
113613,81,720.608453620138,2482,46,5,False,0,pistol,,,,,,,431.82288158885575,308.92168498039246
115903,82,616.4173229224788,2290,39,4,True,41,pistol,,,,,,,415.57110547091366,314.43239665031433
118275,83,742.5371868275599,2372,41,5,True,10,machinegun,,,,,,,433.3883364397751,319.9058084487915
120704,84,764.0904603497726,2429,42,5,False,0,pistol,,,,,,,434.48608518055244,325.49662017822266
122995,85,833.7389175990633,2291,42,5,False,0,pistol,,,,,,,272.2503433179184,333.91185879707336
125153,86,572.3996415772161,2158,38,4,False,0,pistol,,,,,,,405.3248510131455,339.23624086380005
126685,87,368.55000000001365,1532,26,3,False,0,pistol,,,,,,,901.9426197247153,340.9350891113281
127930,88,295.5854783131575,1245,20,3,False,0,pistol,,,,,,,293.0540034140099,345.18365144729614
128864,89,170.71000000000453,934,14,1,False,0,pistol,,,,,,,896.5313809331572,346.22568678855896
129614,90,136.98651555661064,750,12,2,False,0,pistol,,,,,,,200.91705553269372,349.95880103111267
132391,91,890.7553830906334,2777,52,5,True,73,machinegun,,,,,,,466.3422096076828,355.9139492511749
135210,92,894.2462357468671,2819,51,6,True,5,pistol,,,,,,,313.62894819922303,364.9025020599365
136648,93,318.4199872443561,1438,22,2,False,0,pistol,,,,,,,894.239073150199,366.51079058647156
140803,94,1588.5709067954683,4155,82,9,True,49,machinegun,,,,,,,399.7722834894932,376.9044711589813
144311,95,1188.8937578638006,3508,69,7,True,58,pistol,,,,,,,361.0019999155988,386.63480520248413
146673,96,783.0004261463982,2362,42,5,False,0,pistol,,,,,,,430.1185734000236,392.1265206336975
148301,97,473.69000000001483,1628,26,3,True,17,machinegun,,,,,,,344.12309744138986,396.8576319217682
151908,98,1447.4432997092981,3607,65,5,True,45,machinegun,,,,,,,364.4015000797384,406.75625824928284
154172,99,620.0996556286439,2264,41,4,False,0,pistol,,,,,,,418.57275108876956,412.1653826236725
156816,100,751.9116433491226,2644,50,5,False,0,pistol,,,,,,,445.71468735495847,418.09763050079346
158613,101,435.5323727295135,1797,30,3,False,0,pistol,,,,,,,364.9720598357124,423.0215120315552
160816,102,574.4511254695273,2203,39,4,False,0,pistol,,,,,,,408.69858369483126,428.41200947761536
164110,103,1227.9266925780532,3294,67,7,False,0,pistol,,,,,,,350.7864090539819,437.80250120162964
167153,104,1307.296062149298,3043,58,6,False,0,pistol,,,,,,,484.76302663702467,444.0800395011902
169758,105,833.7892265401686,2605,48,5,True,13,machinegun,,,,,,,446.1068170325681,449.9197533130646
170887,106,236.81000000000682,1129,18,1,False,0,pistol,,,,,,,273.3264628593306,454.05060839653015
173029,107,554.7057685690071,2142,33,4,False,0,pistol,,,,,,,402.6450634272922,459.37065505981445
174456,108,318.78667654870816,1427,22,3,True,41,machinegun,,,,,,,314.1329313454162,463.9135401248932
176350,109,470.46000000001845,1894,31,4,False,0,pistol,,,,,,,379.43034788705756,468.9054980278015
178520,110,570.6268041100805,2170,39,4,False,0,pistol,,,,,,,402.7980338854095,474.29305028915405
180813,111,617.8040824392187,2293,41,5,False,0,pistol,,,,,,,422.7227706766306,479.71763038635254
183079,112,590.6188178510826,2266,40,5,False,0,pistol,,,,,,,421.5695585414728,485.09298300743103
184914,113,679.1226947905202,1835,33,4,False,0,pistol,,,,,,,377.4521283920703,489.9547700881958
187562,114,1142.1634616729796,2648,49,5,False,0,pistol,,,,,,,453.86127995264303,495.7893919944763
189369,115,418.22451518804104,1807,28,3,False,0,pistol,,,,,,,370.53110097413736,500.66643834114075
191082,116,418.8732891906031,1713,29,3,False,0,pistol,,,,,,,353.8080179428172,505.508269071579
193460,117,643.7296626002478,2378,42,5,False,0,pistol,,,,,,,420.2850916209292,511.1665241718292
196475,118,818.5232170446219,3015,53,6,False,0,pistol,,,,,,,486.10015707177797,517.3692038059235
198801,119,644.1508677809588,2326,44,5,False,0,pistol,,,,,,,274.4578397758527,525.8443791866302
200569,120,483.11824722155677,1768,31,3,False,0,pistol,,,,,,,889.3821318796562,527.832478761673
204837,121,1912.1013534356423,4268,86,9,False,0,pistol,,,,,,,315.73295029513173,541.3504467010498
206489,122,404.050000000015,1652,28,3,False,0,pistol,,,,,,,904.7463811725786,543.1844716072083
207958,123,370.5180015463571,1469,26,3,False,0,pistol,,,,,,,325.0904383374013,547.7034122943878
209852,124,495.3062149229437,1894,34,4,False,0,pistol,,,,,,,378.54740064980064,552.7069942951202
211449,125,382.5300000000151,1597,27,3,False,0,pistol,,,,,,,342.0438644997789,557.3761930465698
213970,126,693.5645242935063,2521,47,5,False,0,pistol,,,,,,,430.1225189988562,563.2376279830933
216315,127,629.8079277382017,2345,42,5,False,0,pistol,,,,,,,429.05092940054357,568.703417301178
218957,128,741.3399819898455,2642,49,5,False,0,pistol,,,,,,,452.42244179364116,574.5433461666107
219811,129,165.06000000000319,854,13,2,False,0,pistol,,,,,,,220.8116036302524,578.4111332893372
220987,130,273.4152079505859,1176,21,3,False,0,pistol,,,,,,,898.9338918841192,579.7195730209351
222494,131,326.29302727009105,1507,22,3,False,0,pistol,,,,,,,326.3676668406381,584.3372578620911
223849,132,430.8869815852,1355,21,3,True,18,machinegun,,,,,,,308.0547090599312,588.7360937595367
224881,133,189.6500000000054,1032,15,1,False,0,pistol,,,,,,,909.9499331389342,589.8704717159271
226249,134,372.9810627140913,1368,21,3,True,25,machinegun,,,,,,,309.1800490393867,594.2952964305878
227724,135,337.3100000000129,1475,23,3,False,0,pistol,,,,,,,325.06614450939884,598.8329849243164
229356,136,375.6300000000153,1632,26,3,False,0,pistol,,,,,,,925.0880783976231,600.5973947048187
229865,137,56.23834778036348,509,7,1,False,0,pistol,,,,,,,147.16863241860042,604.0562074184418
232779,138,997.8440245850888,2914,52,6,False,0,pistol,,,,,,,474.82015953181065,610.1935753822327
235028,139,554.2893310009594,2249,37,4,False,0,pistol,,,,,,,417.278456592664,615.5834839344025
238884,140,1718.4820904289954,3856,73,8,False,0,pistol,,,,,,,386.6154510629391,625.5574882030487
241969,141,1494.2098171120786,3085,58,6,True,46,machinegun,,,,,,,313.94839886758126,635.3841860294342
245382,142,1204.9006764113042,3413,63,7,False,0,pistol,,,,,,,488.5884069280688,642.3699109554291
247854,143,895.9730150691623,2472,44,5,False,0,pistol,,,,,,,268.9559597667979,651.561206817627
249425,144,313.01000000001284,1571,22,3,False,0,pistol,,,,,,,814.4182976452357,653.4903659820557
252717,145,1390.9694125212948,3292,64,7,False,0,pistol,,,,,,,334.92831235983857,663.3194861412048
254158,146,301.8568650452336,1441,21,3,False,0,pistol,,,,,,,288.5278275048153,668.3140184879303
255410,147,375.47000000000986,1252,20,3,True,26,machinegun,,,,,,,848.7742390556799,669.7892725467682
256424,148,190.8109064011392,1014,15,2,False,0,pistol,,,,,,,243.02366664451486,673.9618825912476
258766,149,1135.1874635025222,2342,45,5,True,28,machinegun,,,,,,,401.79522663803874,679.7909300327301
261490,150,1134.8963085165663,2724,50,6,False,0,pistol,,,,,,,461.2503095346607,685.6968252658844
262885,151,660.4131688957895,1395,22,3,True,14,machinegun,,,,,,,299.9875350717102,690.3472647666931
264629,152,423.89789367644426,1744,29,3,False,0,pistol,,,,,,,357.6397989435963,695.2239084243774
265584,153,181.3500000000043,955,15,1,False,0,pistol,,,,,,,896.9139548797833,696.2888352870941
266872,154,285.6600000000097,1288,20,3,False,0,pistol,,,,,,,296.8551186354211,700.6278088092804
267686,155,141.95393494914714,814,12,2,False,0,pistol,,,,,,,750.047937060502,701.7132723331451
268885,156,252.41156320217488,1199,17,2,False,0,pistol,,,,,,,258.34370537939066,706.3545083999634
270086,157,358.8500000000092,1201,17,2,True,57,machinegun,,,,,,,833.1179053167888,707.7963116168976
271994,158,648.9900000000181,1908,30,4,False,0,pistol,,,,,,,336.25734064941986,713.4707038402557
275021,159,1443.7768604103594,3027,58,5,False,0,pistol,,,,,,,324.0472726399368,722.8121194839478
276336,160,314.85486212754984,1315,20,3,False,0,pistol,,,,,,,897.1266882802979,724.2781414985657
277360,161,201.8200000000056,1024,16,1,False,0,pistol,,,,,,,256.669394096057,728.2679238319397
278619,162,271.85024374447994,1259,20,3,False,0,pistol,,,,,,,299.39170825665406,732.4733424186707
281000,163,969.257585627238,2381,42,5,False,0,pistol,,,,,,,434.69076613162986,737.9510889053345
282827,164,598.8500000000166,1827,28,2,False,0,pistol,,,,,,,375.33636828860966,742.8189656734467
284890,165,691.1291680028644,2063,33,2,False,0,pistol,,,,,,,393.2664569633192,748.0649876594543
287480,166,1271.5573755318758,2590,48,5,False,0,pistol,,,,,,,448.86085444418114,753.8353106975555
288399,167,168.2942330460436,919,13,1,False,0,pistol,,,,,,,911.7892566577583,754.8434278964996
290379,168,515.128057005223,1980,33,4,False,0,pistol,,,,,,,386.96602236025586,759.9603960514069
292024,169,401.01628822592676,1645,28,3,False,0,pistol,,,,,,,348.11511441971624,764.6860580444336
293774,170,444.7540984052989,1750,31,4,False,0,pistol,,,,,,,372.21550169385205,769.3879642486572
295881,171,726.6044366726551,2107,35,4,False,0,pistol,,,,,,,406.53412273851154,774.5710384845734
297328,172,329.3318537570693,1447,23,3,False,0,pistol,,,,,,,326.45670389829405,779.0036351680756
300380,173,1060.8657269180796,3052,58,6,False,0,pistol,,,,,,,488.9309585345733,785.2460513114929
302572,174,574.2903329239992,2192,39,4,True,47,machinegun,,,,,,,411.211479392473,790.5768513679504
305014,175,656.7550807949335,2442,44,5,False,0,pistol,,,,,,,439.51069328269546,796.1332049369812
307232,176,539.120100519783,2218,35,4,False,0,pistol,,,,,,,271.70349485619,804.2967765331268
309234,177,493.2818837175604,2002,32,4,False,0,pistol,,,,,,,903.7902275879684,806.512199640274
311316,178,505.3562226875635,2082,33,4,False,0,pistol,,,,,,,252.40476892910556,814.7611427307129
313919,179,1127.6519988687592,2603,43,5,True,38,machinegun,,,,,,,453.1852119415413,820.505234003067
315309,180,301.691815708409,1390,21,3,False,0,pistol,,,,,,,920.8431328819423,822.0150511264801
318065,181,991.7515156896003,2756,52,6,False,0,pistol,,,,,,,312.45817749508404,830.8357443809509
320886,182,1045.1425937103875,2821,53,6,True,37,machinegun,,,,,,,476.29284309529584,836.7588310241699
323440,183,706.835969278301,2554,46,5,False,0,pistol,,,,,,,453.57685173086384,842.3898637294769
326053,184,985.8766475539005,2613,50,6,True,41,machinegun,,,,,,,299.51551706803014,851.1141586303711
328704,185,679.7273245508758,2651,44,5,False,0,pistol,,,,,,,451.76051975192274,856.982568025589
331600,186,1439.3946592275263,2896,53,4,False,0,pistol,,,,,,,471.89984555170054,863.1196894645691
334143,187,897.5681604674105,2543,47,5,False,0,pistol,,,,,,,292.2062954189117,871.8226761817932
335539,188,301.84303032147085,1396,21,3,False,0,pistol,,,,,,,924.6290166754625,873.3326699733734
337416,189,470.11994057912534,1877,32,4,False,0,pistol,,,,,,,370.30945281260745,878.4016046524048
340952,190,1708.8357146717683,3536,76,8,False,0,pistol,,,,,,,360.8109561729678,888.2019197940826
343529,191,732.6191309000762,2577,48,5,False,0,pistol,,,,,,,449.90754192928773,893.9300172328949
345238,192,579.1286297608748,1709,30,4,False,0,pistol,,,,,,,353.47055979105977,898.7651920318604
346009,193,370.66579659063916,771,13,2,False,0,pistol,,,,,,,896.8727638214368,899.6251204013824
348223,194,789.5049494175698,2214,38,4,True,42,machinegun,,,,,,,267.303953294896,907.9080021381378
350968,195,994.4222884601375,2745,50,6,False,0,pistol,,,,,,,455.70990551670974,913.9318487644196
354081,196,1213.3263508515934,3113,59,6,True,126,machinegun,,,,,,,499.9428853240376,920.1588261127472
356100,197,766.2614198654386,2019,36,4,False,0,pistol,,,,,,,394.3239741979321,925.2791845798492
357044,198,190.48879233666366,944,15,1,False,0,pistol,,,,,,,236.8983297191101,929.2643051147461
358224,199,253.60380615785718,1180,19,2,False,0,pistol,,,,,,,907.6930068659102,930.5645182132721
360316,200,521.9000000000212,2092,34,4,False,0,pistol,,,,,,,405.2065836018976,935.7274544239044
361677,201,287.63661663755045,1361,20,3,False,0,pistol,,,,,,,312.97879279928907,940.076197385788
363385,202,368.5300000000156,1708,24,3,False,0,pistol,,,,,,,358.42517594869804,944.8416936397552
364585,203,280.78777226253595,1200,20,3,False,0,pistol,,,,,,,282.82881819467616,949.0847547054291
366412,204,400.39671579691844,1827,26,1,True,50,machinegun,,,,,,,896.6524293474604,951.1225192546844
367661,205,227.23000000000866,1249,16,1,False,0,pistol,,,,,,,287.92246918745207,955.4607820510864
368949,206,234.88000000000886,1288,16,1,False,0,pistol,,,,,,,297.9781745220792,959.7835130691528
372114,207,1245.4984607979625,3165,64,7,False,0,pistol,,,,,,,489.4659032727805,966.2499701976776
373920,208,439.7600000000183,1806,30,4,False,0,pistol,,,,,,,369.7955631443304,971.1340107917786
376556,209,718.3465164655947,2636,48,5,False,0,pistol,,,,,,,449.54661219285293,976.9979157447815
378806,210,788.8670995053303,2250,41,5,False,0,pistol,,,,,,,412.00007928129236,982.4592938423157
380768,211,508.8168393829657,1962,34,4,False,0,pistol,,,,,,,388.41645472060384,987.5107567310333
382375,212,581.9845538164998,1607,26,3,False,0,pistol,,,,,,,344.4067390882242,992.1769723892212
384268,213,599.7900000000172,1893,30,4,False,0,pistol,,,,,,,374.4136553025266,997.2331442832947
385052,214,292.42599075343537,784,13,2,True,6,machinegun,,,,,,,206.48623204017733,1001.0302758216858
386754,215,399.794516413017,1702,28,3,False,0,pistol,,,,,,,889.9452245343801,1002.9428968429565
387962,216,275.04398500596403,1208,19,2,True,42,machinegun,,,,,,,279.84292093770193,1007.2598166465759
389559,217,366.4345110638692,1597,25,3,False,0,pistol,,,,,,,341.4636446651119,1011.9369249343872
391454,218,465.2595013453504,1895,31,4,False,0,pistol,,,,,,,374.6730984195173,1016.9948670864105
394902,219,1128.797233082478,3448,61,7,False,0,pistol,,,,,,,520.7746215047022,1023.615980386734
396454,220,373.21466753828645,1552,26,3,False,0,pistol,,,,,,,338.9794221410815,1028.194591999054
400072,221,1254.9204594639816,3618,71,8,False,0,pistol,,,,,,,370.1002600800183,1037.9705204963684
402845,222,929.6571670520643,2773,49,5,False,0,pistol,,,,,,,467.50840460031804,1043.9021501541138
405321,223,646.6572899367433,2476,43,5,False,0,pistol,,,,,,,432.07393741797017,1049.6330230236053
407300,224,484.86920868741095,1979,33,4,False,0,pistol,,,,,,,386.61871980140796,1054.7520215511322
409815,225,682.8441294558603,2515,46,5,False,0,pistol,,,,,,,286.00782789264537,1063.545710325241
413268,226,1357.6447749751178,3453,65,7,False,0,pistol,,,,,,,501.1028505388914,1070.4367685317993
415520,227,741.4746170320991,2252,38,4,False,0,pistol,,,,,,,419.90461999112944,1075.8001368045807
416882,228,501.1173590932027,1362,21,3,False,0,pistol,,,,,,,304.148090694945,1080.2785465717316
418792,229,503.49661002542655,1910,34,4,False,0,pistol,,,,,,,379.8760724544727,1085.3067405223846
419947,230,240.72885485080158,1155,18,2,False,0,pistol,,,,,,,274.3037144481564,1089.5176086425781
422744,231,972.955092732725,2797,51,6,False,0,pistol,,,,,,,463.728619341198,1095.5494272708893
424139,232,324.6081066469428,1395,23,3,False,0,pistol,,,,,,,313.697802382505,1099.9966387748718
426521,233,815.3667340208235,2382,43,5,False,0,pistol,,,,,,,426.98960381870427,1105.5754160881042
428875,234,818.9104923385706,2354,42,5,False,0,pistol,,,,,,,428.72210473926043,1111.066338300705
430208,235,306.59000000001106,1333,22,3,False,0,pistol,,,,,,,310.3413951867561,1115.3617916107178
432718,236,908.0100000000297,2510,44,5,False,0,pistol,,,,,,,434.4449561531653,1121.139541387558
434152,237,331.6748679161182,1434,23,3,False,0,pistol,,,,,,,885.2649828676392,1122.7596130371094
436236,238,560.8998831926159,2084,38,4,False,0,pistol,,,,,,,260.5391727723669,1130.7586643695831
439158,239,1104.6392743060017,2922,56,6,True,35,pistol,,,,,,,475.345141644111,1136.905954360962
441393,240,557.9355462008933,2235,37,4,True,50,pistol,,,,,,,415.74894771838933,1142.282033443451
443210,241,466.58000000001766,1817,31,4,False,0,pistol,,,,,,,372.122544842399,1147.1650717258453
444331,242,253.31000000000768,1121,18,2,False,0,pistol,,,,,,,884.8406234250741,1148.4321897029877
445217,243,181.28561896530425,886,15,2,False,0,pistol,,,,,,,225.36992674020885,1152.3636667728424
447109,244,468.85923022895514,1892,31,4,False,0,pistol,,,,,,,384.51085933778523,1157.28444814682
447940,245,144.75783037862567,831,11,2,False,0,pistol,,,,,,,895.746409976945,1158.2123937606812
449349,246,330.4348627306605,1409,22,3,False,0,pistol,,,,,,,321.87934695321667,1162.5900044441223
450463,247,249.26767418879882,1114,16,2,True,37,machinegun,,,,,,,883.9884918622133,1163.8503546714783
451915,248,423.4901616468484,1452,23,3,True,17,pistol,,,,,,,324.9042690713553,1168.3195922374725
452432,249,57.448593737219944,517,7,1,False,0,pistol,,,,,,,900.1743381288275,1168.8941459655762
453514,250,211.0781652700311,1082,15,2,False,0,pistol,,,,,,,264.30292682446714,1172.9881212711334
454303,251,129.31000000000282,789,11,2,False,0,pistol,,,,,,,897.9670634740814,1173.8671126365662
455249,252,185.01029599472315,946,14,2,False,0,pistol,,,,,,,242.76581543268514,1177.7641389369965
455550,253,-3.4300000000000637,301,4,1,False,0,pistol,,,,,,,895.5315858503675,1178.100566625595
456656,254,210.57241070955178,1106,16,2,False,0,pistol,,,,,,,895.7928930175507,1179.3354108333588
458201,255,360.16747919688277,1545,23,3,False,0,pistol,,,,,,,336.2620795705443,1183.9302055835724
460007,256,720.5710055026616,1806,30,4,True,34,machinegun,,,,,,,372.1219365477407,1188.7837257385254
460863,257,163.16262989980933,856,14,1,False,0,pistol,,,,,,,228.32182864817702,1192.533038854599
461627,258,150.07554447172132,764,12,2,False,0,pistol,,,,,,,914.8213895517688,1193.3684680461884
462895,259,497.9700000000093,1268,20,3,True,49,machinegun,,,,,,,298.6435633206605,1197.6145100593567
464419,260,542.37108271908,1524,24,3,False,0,pistol,,,,,,,894.8954664842563,1199.3176937103271
464961,261,78.58068246379679,542,8,1,False,0,pistol,,,,,,,155.2267034589147,1202.8095490932465
466304,262,307.1363132243683,1343,20,3,False,0,pistol,,,,,,,909.2382801573013,1204.2868361473083
467960,263,360.22319303671406,1656,24,3,False,0,pistol,,,,,,,329.4246914018225,1209.3139617443085
470879,264,1506.6719627678913,2919,55,6,True,31,machinegun,,,,,,,461.0230498470207,1215.6457333564758
471997,265,221.9994751314942,1118,17,1,False,0,pistol,,,,,,,271.5940707499715,1219.7623887062073
473083,266,250.58680405765068,1086,18,2,False,0,pistol,,,,,,,874.915201484374,1221.003888130188
473386,267,4.072688118329495,303,4,1,False,0,pistol,,,,,,,92.33615462396027,1224.2855083942413
475453,268,575.1680030787484,2067,36,4,True,95,pistol,,,,,,,389.42350117146515,1229.593565940857
476417,269,211.6400000000043,964,15,2,True,50,machinegun,,,,,,,891.3608441421588,1230.6752753257751
476790,270,10.615323766263693,373,4,1,False,0,pistol,,,,,,,881.7592131055884,1231.0985329151154
478010,271,442.35096556534955,1220,21,2,True,55,pistol,,,,,,,288.6825156323949,1235.3248314857483
479255,272,259.28277466810374,1245,18,2,False,0,pistol,,,,,,,274.0760494063541,1239.8675866127014
480904,273,609.5887893526835,1649,28,3,False,0,pistol,,,,,,,790.6319626042588,1241.9534344673157
481560,274,100.0156280746386,656,9,1,False,0,pistol,,,,,,,175.49175330869974,1245.6916749477386
483158,275,533.9425318062588,1598,26,3,True,46,pistol,,,,,,,860.2013291446445,1247.549562215805
484381,276,243.83029699949742,1223,18,2,False,0,pistol,,,,,,,258.87270259938356,1252.2740278244019
485091,277,116.1409803635456,710,10,1,False,0,pistol,,,,,,,741.8694190812242,1253.2312779426575
486676,278,335.91235114960364,1585,22,1,False,0,pistol,,,,,,,328.30327133274113,1258.0592999458313
487764,279,224.58895857114385,1088,16,2,False,0,pistol,,,,,,,238.63377524010568,1262.6187980175018
489159,280,433.571424558719,1395,21,3,False,0,pistol,,,,,,,847.3007659667147,1264.265427827835
490502,281,429.6600000000133,1343,19,2,False,0,pistol,,,,,,,260.83529580479325,1269.4145512580872
491797,282,532.6044678240382,1295,21,3,True,33,machinegun,,,,,,,250.7627941398141,1274.5790996551514
492889,283,236.63966741126984,1092,16,2,False,0,pistol,,,,,,,896.3038640333067,1275.7976574897766
494135,284,277.84841446172004,1246,19,2,False,0,pistol,,,,,,,280.58092230063886,1280.2386569976807
495059,285,152.74000000000402,924,12,2,False,0,pistol,,,,,,,907.1633259982272,1281.2575106620789
496031,286,378.73000000000644,972,14,2,False,0,pistol,,,,,,,243.1404883798572,1285.2554528713226
496354,287,3.1097114787135993,323,4,1,False,0,pistol,,,,,,,885.6470957400352,1285.6203978061676
497782,288,343.4976149962189,1428,22,3,False,0,pistol,,,,,,,319.79279594776267,1290.086011648178
498676,289,155.51000000000366,894,12,2,False,0,pistol,,,,,,,885.3389143151807,1291.0960080623627
501019,290,867.7388446801335,2343,40,5,True,16,machinegun,,,,,,,430.0888572886818,1296.5439422130585
502550,291,346.5740929341446,1531,23,3,False,0,pistol,,,,,,,333.9530891526811,1301.128658771515
504312,292,632.4868772364891,1762,29,3,False,0,pistol,,,,,,,364.2177398429525,1305.9666328430176
505593,293,285.4232517653574,1281,20,3,False,0,pistol,,,,,,,889.0933970266382,1307.4076309204102
507679,294,707.8593561533244,2086,35,4,False,0,pistol,,,,,,,396.9407566706896,1312.663016796112
508651,295,202.8966369244785,972,15,1,False,0,pistol,,,,,,,246.3937485812394,1316.6081733703613
509938,296,282.86256947773774,1287,20,3,False,0,pistol,,,,,,,858.233947629958,1318.10813498497
511008,297,214.1858298976634,1070,17,2,False,0,pistol,,,,,,,260.81089375700964,1322.210988998413
512156,298,245.7521172259175,1148,17,2,False,0,pistol,,,,,,,273.67005664642653,1326.406063079834
514720,299,652.717449145722,2564,42,5,False,0,pistol,,,,,,,439.0076051357976,1332.246737241745
515907,300,247.37000000000813,1187,17,1,True,48,machinegun,,,,,,,902.7916851550806,1333.5617899894714
516729,301,141.42026150954888,822,12,2,False,0,pistol,,,,,,,210.1189504650359,1337.4740550518036
518509,302,630.3900000000162,1780,28,3,True,50,machinegun,,,,,,,363.95003993238964,1342.3650698661804
519647,303,204.0142137459095,1138,15,1,False,0,pistol,,,,,,,916.271225705639,1343.6072881221771
520590,304,173.63000000000463,943,13,2,False,0,pistol,,,,,,,240.9406774384985,1347.5213074684143
521876,305,256.6363950175521,1286,18,2,False,0,pistol,,,,,,,907.8726780878823,1348.9380106925964
524150,306,620.3558298656,2274,40,5,False,0,pistol,,,,,,,425.2610013634609,1354.2855684757233
528030,307,1418.1645559255132,3880,78,8,True,25,pistol,,,,,,,382.85839457031267,1364.4201593399048
529342,308,293.7072763565057,1312,21,3,False,0,pistol,,,,,,,296.5320723664269,1368.8449313640594
530606,309,334.4079960131684,1264,20,3,True,39,pistol,,,,,,,299.79215158254067,1373.0613751411438
532147,310,355.4100000000123,1541,25,3,False,0,pistol,,,,,,,921.8296565007705,1374.7332880496979
534284,311,527.5699195981094,2137,35,4,False,0,pistol,,,,,,,420.7392396430975,1379.812617778778
534683,312,18.249999999999773,399,5,1,False,0,pistol,,,,,,,120.80980854249657,1383.1155383586884
537473,313,1017.2494284327119,2790,54,6,False,0,pistol,,,,,,,461.21878953770596,1389.164943933487
539277,314,426.19186392533874,1804,29,3,False,0,pistol,,,,,,,349.3005340428545,1394.329703092575
541438,315,540.1033880310565,2161,36,4,False,0,pistol,,,,,,,389.6763310482996,1399.875544309616
543429,316,508.4000000000146,1991,34,3,False,0,pistol,,,,,,,394.83128084745243,1404.9184176921844
545744,317,583.9189565743608,2315,39,4,False,0,pistol,,,,,,,436.0366338871,1410.2278192043304
547112,318,309.45754117120055,1368,22,3,False,0,pistol,,,,,,,309.62132023001675,1414.6463363170624
548345,319,254.20245562309614,1233,19,2,False,0,pistol,,,,,,,898.7291347269062,1416.0185105800629
549924,320,422.855647288786,1579,26,3,True,82,machinegun,,,,,,,338.23512069162757,1420.687054157257
550899,321,165.62000000000472,975,12,2,False,0,pistol,,,,,,,893.1615406304827,1421.7788920402527
552036,322,309.111813197902,1137,18,1,True,21,machinegun,,,,,,,273.0281457651277,1425.9434955120087
553405,323,305.030000000011,1369,21,3,False,0,pistol,,,,,,,311.3312031390328,1430.3410046100616
555824,324,647.8858096953331,2419,43,5,False,0,pistol,,,,,,,438.6543782595289,1435.8558888435364
557178,325,350.5778082418631,1354,22,3,True,41,machinegun,,,,,,,307.730284175511,1440.2560374736786
558928,326,443.8994973478284,1750,28,3,False,0,pistol,,,,,,,924.1375750307677,1442.1499428749084
560765,327,472.51264326647356,1837,32,4,False,0,pistol,,,,,,,372.81313164645894,1447.077581167221
562955,328,577.0337780490787,2190,39,4,False,0,pistol,,,,,,,400.93499410875353,1452.5399942398071
565134,329,611.219872641,2179,36,4,True,70,pistol,,,,,,,402.67153946520057,1457.9515936374664
566222,330,201.23000000000565,1088,15,2,False,0,pistol,,,,,,,253.19302724777893,1462.248967409134
566828,331,92.58840970248994,606,9,1,False,0,pistol,,,,,,,891.7163289362896,1462.9287865161896
567532,332,110.85830444063603,704,10,2,False,0,pistol,,,,,,,197.21446424180039,1466.4986970424652
568582,333,201.43000000000546,1050,13,2,False,0,pistol,,,,,,,912.754255045308,1467.6493139266968
570019,334,394.25000000001114,1437,23,3,True,22,pistol,,,,,,,323.50647521262266,1472.0915505886078
571345,335,246.8600000000103,1326,17,2,False,0,pistol,,,,,,,907.0753272577285,1473.5536212921143
572774,336,326.8887394551323,1429,23,3,False,0,pistol,,,,,,,333.1773386549857,1477.8428580760956
574298,337,330.24402833186844,1524,21,3,False,0,pistol,,,,,,,331.47330579957526,1482.440697669983
577042,338,911.6917534135368,2744,52,6,True,47,machinegun,,,,,,,463.15067607167754,1488.3656103610992
578649,339,412.9119295082499,1607,27,3,True,50,pistol,,,,,,,345.07276023076435,1493.0228109359741
580969,340,732.5091611217002,2320,42,5,True,24,machinegun,,,,,,,436.3824473608504,1498.3394632339478
583113,341,681.5289155241094,2144,39,4,True,112,machinegun,,,,,,,413.38227412964744,1503.5261447429657
586114,342,1100.5697906803114,3001,57,6,True,87,machinegun,,,,,,,326.82129942916197,1512.7087376117706
587442,343,300.2275888371037,1328,21,3,False,0,pistol,,,,,,,904.2930773967631,1514.1775312423706
589861,344,676.7346568660989,2419,44,5,False,0,pistol,,,,,,,275.71678266530444,1522.9512677192688
591758,345,639.6200000000142,1897,32,4,True,50,pistol,,,,,,,911.8106509309721,1525.0319163799286
594294,346,678.2951600469391,2536,44,5,False,0,pistol,,,,,,,299.38176098511786,1533.5029830932617
596997,347,914.0603349421593,2703,46,5,True,39,machinegun,,,,,,,465.15431164696827,1539.3141193389893
598611,348,526.3200000000138,1614,25,3,False,0,pistol,,,,,,,343.75675841189167,1544.0096182823181
600559,349,657.7534243830933,1948,30,4,True,1,machinegun,,,,,,,388.6955929682503,1549.021485567093
601710,350,238.04000000000747,1151,18,2,False,0,pistol,,,,,,,908.8611088885756,1550.288078546524
603936,351,577.3732103623028,2226,38,4,False,0,pistol,,,,,,,414.88098583306663,1555.653660774231
605778,352,444.6334233803976,1842,30,4,False,0,pistol,,,,,,,382.52420700044473,1560.4692797660828
607894,353,520.3684912728236,2116,35,4,False,0,pistol,,,,,,,409.4091249067831,1565.637928724289
609713,354,452.5778782828135,1819,31,4,False,0,pistol,,,,,,,357.07927438589667,1570.73228597641
611561,355,535.5500000000177,1848,33,4,True,35,machinegun,,,,,,,377.60614655694775,1575.6265006065369
613760,356,554.1608102654498,2199,37,4,False,0,pistol,,,,,,,404.26108641966437,1581.0662968158722
615212,357,518.4712543076745,1452,24,3,False,0,pistol,,,,,,,307.2911737456,1585.7916655540466
617443,358,784.5900000000205,2231,39,4,False,0,pistol,,,,,,,414.9305700301619,1591.168686389923
619660,359,595.5735415952627,2217,39,4,False,0,pistol,,,,,,,411.816585618874,1596.5523624420166
621917,360,754.4800000000241,2257,40,5,True,53,machinegun,,,,,,,420.7735756226355,1601.9165201187134
623654,361,658.4328613575908,1737,31,2,False,0,pistol,,,,,,,359.0197381107057,1606.7549321651459
625049,362,322.17777659025893,1395,22,3,False,0,pistol,,,,,,,311.0114182818806,1611.240498304367
626746,363,409.0700000000159,1697,27,3,False,0,pistol,,,,,,,352.71742254322237,1616.0519556999207
628026,364,286.47124143679144,1280,20,3,False,0,pistol,,,,,,,900.4100148326646,1617.4737012386322
628855,365,108.54000000000299,829,9,1,False,0,pistol,,,,,,,220.0432163533816,1621.2413773536682
630154,366,395.2715724097773,1299,21,3,True,22,machinegun,,,,,,,913.5943664484687,1622.6634440422058
631571,367,299.27000000001163,1417,21,3,False,0,pistol,,,,,,,316.80335158658636,1627.1364402770996
632739,368,448.4300000000094,1168,19,2,False,0,pistol,,,,,,,903.8921236731148,1628.4289186000824
633874,369,205.2800000000067,1135,14,2,False,0,pistol,,,,,,,259.3828721822594,1632.8049380779266
635022,370,213.3800000000072,1148,16,2,False,0,pistol,,,,,,,273.875544224766,1636.996850013733
636009,371,187.73979824755426,987,15,1,False,0,pistol,,,,,,,879.0205504365081,1638.1199362277985
637989,372,855.4346938459545,1980,34,4,True,15,pistol,,,,,,,388.27924631937054,1643.2195947170258
639122,373,368.0434017101303,1133,17,2,True,12,machinegun,,,,,,,264.6340829285982,1647.50133395195
640736,374,361.9069204907189,1614,24,1,False,0,pistol,,,,,,,906.0662122598818,1649.282846212387
642097,375,518.5998448617771,1361,24,3,False,0,pistol,,,,,,,311.1760821392452,1653.6567800045013
643307,376,252.42000000000826,1210,18,2,False,0,pistol,,,,,,,286.31965762425403,1657.8830924034119
645232,377,521.0809307147332,1925,32,4,True,35,machinegun,,,,,,,385.1741698576336,1662.8810749053955
647156,378,504.56454334352696,1924,33,4,False,0,pistol,,,,,,,897.9971815463393,1665.0238711833954
649094,379,507.33109176191584,1938,32,4,True,50,machinegun,,,,,,,387.73511506180154,1670.0223181247711
651069,380,442.8916045613699,1975,30,4,False,0,pistol,,,,,,,388.3523052244804,1675.108069896698
653390,381,619.9277049206011,2321,42,5,False,0,pistol,,,,,,,274.50688503342747,1683.5634489059448
655614,382,772.0531737402326,2224,39,4,False,0,pistol,,,,,,,418.89976851265567,1688.8728365898132
657536,383,567.2504596858844,1922,31,4,True,79,pistol,,,,,,,378.3354356890483,1693.953150510788
659761,384,718.0587319037681,2225,37,3,False,0,pistol,,,,,,,414.99779456753447,1699.314868927002
661463,385,391.35921772786804,1702,27,3,False,0,pistol,,,,,,,905.9134015615754,1701.1939015388489
662843,386,325.2681624467371,1380,22,3,True,49,pistol,,,,,,,315.79294499120977,1705.5639908313751
664206,387,317.9500587817638,1363,23,3,False,0,pistol,,,,,,,291.5802332219003,1710.2387635707855
665336,388,307.19000000000773,1130,19,2,True,32,machinegun,,,,,,,911.8346880006895,1711.4782388210297
667622,389,598.6353422365514,2286,40,4,True,50,pistol,,,,,,,422.42736136254865,1716.8900833129883
669036,390,348.47058498782,1414,23,3,False,0,pistol,,,,,,,315.05031066003613,1721.3785090446472
670183,391,434.06000000000824,1147,18,2,False,0,pistol,,,,,,,275.7574663359931,1725.5381979942322
672041,392,435.05141264516936,1858,29,3,False,0,pistol,,,,,,,373.96084682058387,1730.506947517395
674568,393,798.6033093698159,2527,41,5,False,0,pistol,,,,,,,449.4459172575597,1736.1297359466553
676280,394,485.21015417129973,1712,27,3,True,32,machinegun,,,,,,,359.2329102872313,1740.8956491947174
678133,395,462.6632445230334,1853,31,4,False,0,pistol,,,,,,,381.49542546849005,1745.7531006336212
678599,396,55.28999999999966,466,7,1,True,50,pistol,,,,,,,888.4225783607225,1746.2778577804565
681186,397,882.918528845626,2587,45,4,False,0,pistol,,,,,,,432.059858725476,1752.2656474113464
683204,398,528.8659989642281,2018,35,4,False,0,pistol,,,,,,,397.0123444722114,1757.3488454818726
685868,399,1224.10118892069,2664,47,5,True,57,machinegun,,,,,,,457.9960765301246,1763.165723323822
686914,400,221.32193209797163,1046,17,2,False,0,pistol,,,,,,,255.4432694236366,1767.2607786655426
687793,401,174.690000000004,879,14,2,True,49,machinegun,,,,,,,910.5306456313317,1768.226360797882
688695,402,365.99049033538995,902,15,2,False,0,pistol,,,,,,,218.03133071152934,1772.3635153770447
689051,403,18.060969783692297,356,5,1,False,0,pistol,,,,,,,857.0337677126668,1772.779133796692
690913,404,655.7182402181553,1862,32,4,False,0,pistol,,,,,,,372.9499234429658,1777.771996498108
692441,405,382.0325127342641,1528,26,3,False,0,pistol,,,,,,,333.0111858543668,1782.3606684207916
694420,406,588.0724252250711,1979,33,4,True,24,machinegun,,,,,,,394.48553853287035,1787.3775732517242
695544,407,323.15714000201245,1124,18,2,True,25,machinegun,,,,,,,921.3768156276091,1788.5977022647858
697763,408,573.5157514111817,2219,38,3,False,0,pistol,,,,,,,416.8494089748857,1793.9211912155151
699252,409,336.9761065623905,1489,23,3,False,0,pistol,,,,,,,339.1430537217544,1798.3119468688965
701806,410,674.1175410209556,2554,45,5,False,0,pistol,,,,,,,451.5045095858572,1803.9688112735748
703073,411,276.39086856819296,1267,19,1,False,0,pistol,,,,,,,298.9510167022013,1808.207195520401
704139,412,411.6900000000079,1066,15,2,False,0,pistol,,,,,,,845.7811303708448,1809.4678592681885
705462,413,287.1024647687626,1323,20,3,False,0,pistol,,,,,,,297.1019744015531,1813.9210443496704
705705,414,-23.570000000000064,243,2,1,False,0,pistol,,,,,,,879.9649400904472,1814.1974442005157
707176,415,336.05364135156185,1471,24,3,False,0,pistol,,,,,,,325.4801807422197,1818.7170615196228
708438,416,449.09000000001186,1262,19,2,False,0,pistol,,,,,,,900.9861511046383,1820.11802816391
711607,417,839.1478780406541,3169,53,6,False,0,pistol,,,,,,,340.32665153585924,1829.4299578666687
712531,418,175.72987794946133,924,14,2,False,0,pistol,,,,,,,902.6224819448109,1830.4539289474487
714061,419,359.61603381964466,1530,25,3,False,0,pistol,,,,,,,318.37391928465945,1835.2598378658295
716356,420,840.627946915834,2295,42,5,False,0,pistol,,,,,,,421.2582201439527,1840.7080192565918
718061,421,442.91000000001577,1705,27,3,True,33,machinegun,,,,,,,356.6611715829661,1845.488686323166
719993,422,488.3895319362757,1932,32,3,False,0,pistol,,,,,,,381.35843233046404,1850.5550227165222
722694,423,960.8559235752127,2701,46,3,True,28,pistol,,,,,,,463.9697052202338,1856.3767733573914
725522,424,740.936804384072,2828,49,5,False,0,pistol,,,,,,,315.0910093924893,1865.3521695137024
727124,425,378.950000000015,1602,26,3,True,50,machinegun,,,,,,,339.09433713933777,1870.0768299102783
728947,426,423.3020528565364,1823,29,3,False,0,pistol,,,,,,,860.9185437128996,1872.1945216655731
731445,427,687.3395426122268,2498,41,5,True,42,machinegun,,,,,,,288.3394373245845,1880.8581013679504
731806,428,29.029999999999923,361,5,1,False,0,pistol,,,,,,,888.436022249865,1881.2646851539612
733876,429,578.2370643393349,2070,37,4,True,100,pistol,,,,,,,395.7620693125776,1886.4952816963196
735916,430,531.4036148379031,2040,36,4,False,0,pistol,,,,,,,392.92744390837976,1891.6873347759247
737681,431,430.46000000001675,1765,29,3,True,50,pistol,,,,,,,349.79162418075026,1896.7334361076355
739586,432,698.2954654476839,1905,32,4,True,48,pistol,,,,,,,379.912229075096,1901.7480490207672
741062,433,352.6933427689393,1476,24,3,False,0,pistol,,,,,,,905.3949369602603,1903.3785135746002
742534,434,338.87000000001296,1472,24,3,False,0,pistol,,,,,,,327.9563023492427,1907.867110490799
744466,435,479.81596101025605,1932,33,4,False,0,pistol,,,,,,,380.6117629553045,1912.943351984024
745901,436,335.5091425071679,1435,24,3,False,0,pistol,,,,,,,299.61522997290143,1917.7330486774445
749405,437,947.5590068295371,3504,61,7,True,46,pistol,,,,,,,515.7664642333658,1924.5270183086395
751494,438,523.7300000000213,2089,35,4,False,0,pistol,,,,,,,397.1772201015828,1929.7867758274078
753327,439,428.6969630061029,1833,29,3,False,0,pistol,,,,,,,339.081751058109,1935.1927645206451
755288,440,515.8280698767438,1961,34,4,False,0,pistol,,,,,,,384.3963482434016,1940.2944560050964
756802,441,491.9900000000137,1514,26,3,True,4,machinegun,,,,,,,331.8436972820822,1944.8570637702942
758298,442,368.286017028926,1496,26,3,False,0,pistol,,,,,,,335.4238902674195,1949.3173236846924
761661,443,985.6490948844134,3363,62,7,False,0,pistol,,,,,,,504.88458576679085,1955.9784426689148
763868,444,592.29883787391,2207,39,4,False,0,pistol,,,,,,,419.88677716405124,1961.234894990921
765524,445,402.53544735755094,1656,26,3,False,0,pistol,,,,,,,340.97896463420165,1966.0916850566864
768909,446,1187.1628226617688,3385,64,7,True,50,pistol,,,,,,,353.4771504417618,1975.668172121048
771536,447,961.5167180749246,2627,50,6,False,0,pistol,,,,,,,452.59897922395044,1981.4726917743683
773047,448,539.5000000000122,1511,25,3,False,0,pistol,,,,,,,332.4882796131997,1986.0174441337585
776469,449,1151.0052502704475,3422,67,5,True,3,machinegun,,,,,,,345.9144427830526,1995.9103367328644
778902,450,772.1311031915986,2433,42,4,True,14,machinegun,,,,,,,425.29783196388547,2001.6312806606293
780950,451,737.672973853409,2048,36,4,False,0,pistol,,,,,,,400.4960123534612,2006.7452948093414
782698,452,437.9037727989143,1748,30,3,False,0,pistol,,,,,,,360.4269424476559,2011.595317363739
784882,453,575.8987235278279,2184,39,3,True,50,pistol,,,,,,,410.6816399971702,2016.9135270118713
786665,454,458.14635542061546,1783,31,4,False,0,pistol,,,,,,,345.6475254414613,2022.0721726417542
788727,455,721.3700000000188,2062,36,4,True,32,pistol,,,,,,,398.65439658813074,2027.2448554039001
790165,456,341.03822382423954,1438,23,3,False,0,pistol,,,,,,,911.5962949774466,2028.8225228786469
790394,457,-26.26000000000003,229,2,1,False,0,pistol,,,,,,,906.6034788058643,2029.0753192901611
793336,458,833.6782061827304,2942,55,6,True,40,pistol,,,,,,,334.3343161529826,2037.875147819519
795022,459,395.2151300989015,1686,27,2,False,0,pistol,,,,,,,365.64495906761005,2042.4864983558655
797858,460,920.3469774405988,2836,46,5,False,0,pistol,,,,,,,461.1274961215238,2048.636834383011
799099,461,289.74386532188356,1241,21,3,False,0,pistol,,,,,,,275.2080961695066,2053.146371603012
800274,462,270.87099962784225,1175,20,3,False,0,pistol,,,,,,,900.8602240165186,2054.4509222507477
802205,463,710.0216401741781,1931,32,4,False,0,pistol,,,,,,,375.2820696262322,2059.596661090851
804620,464,688.1114293929514,2415,43,5,False,0,pistol,,,,,,,442.66865295360685,2065.0524682998657
806183,465,367.6879691948771,1563,25,3,False,0,pistol,,,,,,,341.5973640971359,2069.6282484531403
807447,466,303.01192388666027,1264,20,3,True,50,machinegun,,,,,,,296.4934492768666,2073.891627550125
808954,467,358.525356311918,1507,24,3,False,0,pistol,,,,,,,912.2032749930547,2075.5439038276672
809700,468,127.78000000000316,746,11,2,False,0,pistol,,,,,,,188.7812565801469,2079.495770931244
810808,469,208.33060659553936,1108,15,2,False,0,pistol,,,,,,,851.4966100741527,2080.797240257263
812520,470,405.810000000017,1712,27,3,False,0,pistol,,,,,,,365.43327862168167,2085.482297182083
814013,471,509.18693188343553,1493,26,3,True,55,pistol,,,,,,,326.0016639261671,2090.062243938446
816269,472,570.5779414051619,2256,38,4,False,0,pistol,,,,,,,417.12077858256123,2095.4709730148315
817917,473,386.7945126685073,1648,26,3,False,0,pistol,,,,,,,349.2407981523144,2100.1899993419647
818890,474,232.08365568866554,973,15,2,False,0,pistol,,,,,,,894.4856740756035,2101.278021812439
820708,475,419.5077682043465,1818,28,2,True,40,pistol,,,,,,,301.7538029949242,2107.303029537201
821997,476,284.88492523567874,1289,20,3,False,0,pistol,,,,,,,288.86889705933817,2111.7655119895935
824383,477,648.8290550013536,2386,43,5,False,0,pistol,,,,,,,420.2606349240478,2117.4431517124176
826112,478,451.38454062219046,1729,29,3,False,0,pistol,,,,,,,357.2857246107804,2122.282649040222
828360,479,569.4904974598751,2248,38,4,False,0,pistol,,,,,,,400.67998479516285,2127.8933629989624
830161,480,470.11584598710346,1801,31,4,False,0,pistol,,,,,,,349.45460806701436,2133.047356367111
831951,481,447.5175320787061,1790,30,4,False,0,pistol,,,,,,,341.4451328200729,2138.289931535721
833387,482,488.79871114354086,1436,23,2,True,8,pistol,,,,,,,862.7615788067632,2139.9545040130615
834937,483,366.68189664498993,1550,25,3,False,0,pistol,,,,,,,309.0520291386413,2144.970006465912
837061,484,627.6371358160712,2124,37,3,True,29,pistol,,,,,,,359.1703711492313,2150.8839070796967
839342,485,596.6418247515103,2281,38,4,False,0,pistol,,,,,,,422.4692336065554,2156.283352613449
842358,486,1038.3325194377455,3016,56,6,False,0,pistol,,,,,,,293.6532642222483,2166.554181098938
845068,487,797.5180262801854,2710,52,6,False,0,pistol,,,,,,,447.4591063292128,2172.6108124256134
846831,488,445.48618642240746,1763,30,4,False,0,pistol,,,,,,,367.4150200487928,2177.4094581604004
849636,489,814.7102741180672,2805,48,5,True,24,pistol,,,,,,,467.3629064172438,2183.411460161209
851717,490,534.7832998068407,2081,36,4,False,0,pistol,,,,,,,407.20184106892026,2188.522192955017
854193,491,674.9399326984482,2476,46,5,False,0,pistol,,,,,,,293.4304018246822,2196.9605371952057
855968,492,437.9558599840949,1775,29,3,False,0,pistol,,,,,,,919.6066125204475,2198.8909537792206
858324,493,832.0518622093688,2356,41,5,False,0,pistol,,,,,,,271.18837994792585,2207.578847169876
860204,494,488.1543024345687,1880,33,4,False,0,pistol,,,,,,,380.4111617433505,2212.521107673645
862218,495,500.48000000001804,2014,34,4,False,0,pistol,,,,,,,400.7738594579074,2217.5466573238373
865376,496,904.9220240972546,3158,60,7,False,0,pistol,,,,,,,485.2523097235747,2224.0547835826874
868090,497,1081.9092963586327,2714,49,5,True,63,pistol,,,,,,,431.86520594398377,2230.33940076828
869586,498,343.5121644699269,1496,23,3,False,0,pistol,,,,,,,329.0057270376328,2234.886663913727
871589,499,542.3697909189399,2003,35,4,True,49,machinegun,,,,,,,389.9218248873541,2240.0238020420074
873400,500,710.8005473040688,1811,31,4,True,30,machinegun,,,,,,,338.8953531815289,2245.3678574562073
875051,501,397.1235932325397,1651,27,3,False,0,pistol,,,,,,,332.39778737991685,2250.3351068496704
877241,502,575.7238026671904,2190,39,4,False,0,pistol,,,,,,,412.77635098101007,2255.640967130661
878445,503,287.3746376011968,1204,20,3,False,0,pistol,,,,,,,872.9022476540266,2257.020490169525
881121,504,705.8505334823592,2676,47,5,False,0,pistol,,,,,,,293.31132159071404,2266.1440799236298
883100,505,505.9369840571582,1979,33,4,True,50,machinegun,,,,,,,334.5399495916615,2272.060017347336
884160,506,220.54185167159702,1060,17,2,False,0,pistol,,,,,,,723.5064355353709,2273.525330543518
886169,507,504.34688255433394,2009,34,4,False,0,pistol,,,,,,,299.6079496213459,2280.23091173172
889218,508,866.1336286229397,3049,54,6,True,38,machinegun,,,,,,,260.8948876451806,2291.917827606201
891702,509,846.3734748076846,2484,41,4,True,50,machinegun,,,,,,,342.16632382110413,2299.1776518821716
892126,510,37.328507308198546,424,6,1,False,0,pistol,,,,,,,663.9044423439042,2299.8167610168457
895535,511,1417.4538239421126,3409,70,8,False,0,pistol,,,,,,,322.15878411901053,2310.3987007141113
897000,512,689.7726983451975,1465,25,3,True,15,pistol,,,,,,,886.7332588502964,2312.0510699748993
899803,513,805.6336119184659,2803,53,6,False,0,pistol,,,,,,,267.12165430905605,2322.5446190834045
902548,514,755.5231851884715,2745,50,6,False,0,pistol,,,,,,,400.01106501268214,2329.4070932865143
904102,515,900.813926826507,1554,26,3,True,17,machinegun,,,,,,,318.4009723860932,2334.287996530533
906310,516,804.0250413631506,2208,40,5,False,0,pistol,,,,,,,358.384987324983,2340.44926404953
909200,517,763.5751025672564,2890,49,5,False,0,pistol,,,,,,,470.2319858060724,2346.5953192710876
911791,518,875.0838325437834,2591,45,5,False,0,pistol,,,,,,,296.2156685151296,2355.3425464630127
914218,519,918.672981402301,2427,43,5,True,30,pistol,,,,,,,428.14879370990406,2361.011403799057
915888,520,547.446156949763,1670,27,3,False,0,pistol,,,,,,,355.7429713531558,2365.706044435501
919168,521,1053.7857520107502,3280,63,6,True,29,machinegun,,,,,,,503.9400012762132,2372.214991569519
921465,522,793.2767824887007,2297,39,4,False,0,pistol,,,,,,,403.44403970154326,2377.9087030887604
922954,523,343.7966250783977,1489,24,3,False,0,pistol,,,,,,,321.9227293943239,2382.5342779159546
924174,524,280.4963180118272,1220,20,3,False,0,pistol,,,,,,,282.9418337202157,2386.8463051319122
926216,525,730.9600693037395,2042,35,4,False,0,pistol,,,,,,,396.17111983045174,2392.0008893013
927774,526,380.358365838102,1558,25,3,True,50,machinegun,,,,,,,332.55068084150304,2396.6861073970795
929613,527,480.58749807499123,1839,32,4,False,0,pistol,,,,,,,900.8091356625854,2398.727855682373
929898,528,2.229915937087412,285,4,1,False,0,pistol,,,,,,,83.33309909819472,2402.148034095764
932300,529,683.7665411241162,2402,44,5,False,0,pistol,,,,,,,379.058121939655,2408.485016345978
934049,530,413.58795307953915,1749,28,3,False,0,pistol,,,,,,,336.6138783613149,2413.6810846328735
936777,531,755.4627969957653,2728,50,5,False,0,pistol,,,,,,,423.64719597006376,2420.1205954551697
939709,532,862.2398176151207,2932,54,6,False,0,pistol,,,,,,,455.60447881489256,2426.556250810623
941865,533,567.4407088771259,2156,38,4,False,0,pistol,,,,,,,400.96858627228823,2431.9334814548492
943206,534,317.290000000011,1341,22,3,False,0,pistol,,,,,,,289.1547696467575,2436.5713527202606
944798,535,355.9100000000142,1592,23,3,False,0,pistol,,,,,,,293.05646373526463,2442.003908395767
946392,536,770.9013249498671,1594,26,3,True,43,machinegun,,,,,,,294.71681828657194,2447.4126648902893
947748,537,499.06000000001103,1356,23,3,False,0,pistol,,,,,,,849.8023181957071,2449.0085809230804
950072,538,588.1200000000255,2324,39,4,False,0,pistol,,,,,,,377.9664699069272,2455.1574375629425
952636,539,893.2675216553527,2564,48,5,False,0,pistol,,,,,,,270.53425484034693,2464.6351568698883
954227,540,403.23523564112156,1591,27,3,False,0,pistol,,,,,,,813.9662237210699,2466.590059518814
955657,541,347.7275217175436,1430,25,3,False,0,pistol,,,,,,,278.1049899123062,2471.732241153717
958487,542,844.0523394848858,2830,54,6,True,99,pistol,,,,,,,292.2320304355712,2481.4165375232697
961442,543,1052.0780917883642,2955,59,6,False,0,pistol,,,,,,,486.6889138412502,2487.4884448051453
965395,544,1716.4651756716828,3953,79,8,False,0,pistol,,,,,,,375.0780853432712,2498.0277965068817
967603,545,769.4578185546834,2208,39,3,True,50,pistol,,,,,,,356.08237743852953,2504.228806734085
969389,546,423.46627966810235,1786,29,3,False,0,pistol,,,,,,,332.0198971881105,2509.6082651615143
970319,547,193.42443687347486,930,15,2,True,50,pistol,,,,,,,841.1617844943588,2510.714033603668
972271,548,681.1029165131305,1952,31,4,True,50,machinegun,,,,,,,350.7300845857177,2516.279787540436
974036,549,392.41000000001674,1765,26,3,False,0,pistol,,,,,,,321.6391576234418,2521.7675602436066
975914,550,473.69639087402345,1878,31,4,False,0,pistol,,,,,,,372.78815097401036,2526.8054597377777
978107,551,745.3689511502729,2193,37,4,False,0,pistol,,,,,,,365.106426273507,2532.812186717987
979686,552,593.5159936081463,1579,26,3,False,0,pistol,,,,,,,302.53683474436053,2538.0316441059113
980480,553,143.6501102736751,794,11,2,True,50,pistol,,,,,,,854.4018751148087,2538.9610924720764
981094,554,100.97314870614977,614,10,2,False,0,pistol,,,,,,,154.22209611764103,2542.94256734848
983170,555,1068.2901714617753,2076,35,4,False,0,pistol,,,,,,,329.49248892036053,2549.2433507442474
984376,556,270.25199730144533,1206,20,2,False,0,pistol,,,,,,,699.710247041884,2550.967118024826
985322,557,175.41877791978268,946,14,2,False,0,pistol,,,,,,,239.30519936342276,2554.9204404354095
986878,558,383.02196631651935,1556,25,3,False,0,pistol,,,,,,,867.3396406906144,2556.714629173279
988625,559,462.39742763451727,1747,30,4,False,0,pistol,,,,,,,359.1967274953169,2561.578455686569
990813,560,531.2400000000224,2188,35,4,False,0,pistol,,,,,,,406.1075301972966,2566.9664006233215
992730,561,493.0096111355912,1917,33,4,False,0,pistol,,,,,,,360.5998753044846,2572.2827684879303
994316,562,361.15184168769747,1586,25,1,False,0,pistol,,,,,,,333.8480016770274,2577.033661842346
996065,563,400.9668465825744,1749,28,3,False,0,pistol,,,,,,,332.325674588252,2582.2968199253082
997635,564,398.2574247059532,1570,27,3,True,50,pistol,,,,,,,301.0901141384515,2587.5114407539368
999934,565,609.6277392857154,2299,40,5,False,0,pistol,,,,,,,399.74586345924945,2593.262848138809
1001660,566,423.5500000000165,1726,28,3,False,0,pistol,,,,,,,334.31382817633914,2598.425854444504
1004003,567,631.9446082590252,2343,43,5,False,0,pistol,,,,,,,422.13692286340006,2603.9763855934143
1008178,568,1570.7109282973393,4175,74,8,True,48,machinegun,,,,,,,375.98242079277213,2615.080823659897
1011407,569,1164.6175837273665,3229,65,7,False,0,pistol,,,,,,,494.98249544147745,2621.6045207977295
1014771,570,1369.6093671607043,3364,66,7,True,15,machinegun,,,,,,,329.5706039597883,2631.812000274658
1016823,571,710.0451223866012,2052,34,4,False,0,pistol,,,,,,,380.3369343922671,2637.207402944565
1017843,572,199.59000000000475,1020,16,1,False,0,pistol,,,,,,,883.0924780500995,2638.362649202347
1020313,573,671.7175609287908,2470,43,5,False,0,pistol,,,,,,,266.19255161549125,2647.6418924331665
1022075,574,375.1762722047169,1762,25,3,False,0,pistol,,,,,,,337.8952270006974,2652.856721639633
1025446,575,889.6608839371959,3371,58,6,False,0,pistol,,,,,,,488.00862656019365,2659.7646226882935
1027144,576,416.91115427197417,1698,28,3,False,0,pistol,,,,,,,324.02704765934504,2665.005131959915
1028431,577,246.2668552817139,1287,17,2,False,0,pistol,,,,,,,290.30219963747646,2669.4386880397797
1029936,578,358.00956143806724,1505,25,3,True,48,machinegun,,,,,,,834.2823912783745,2671.2429263591766
1031887,579,487.20000000002017,1951,33,4,False,0,pistol,,,,,,,353.77682043321914,2676.7578949928284
1033117,580,282.4200000000088,1230,20,3,False,0,pistol,,,,,,,261.82272170191163,2681.455968141556
1035786,581,1139.3732004414,2669,53,6,True,16,pistol,,,,,,,424.1502756147672,2687.7487103939056
1037002,582,272.6600000000081,1216,19,2,False,0,pistol,,,,,,,261.909565630887,2692.391689300537
1038273,583,308.65418931978667,1271,21,3,False,0,pistol,,,,,,,796.0962150129839,2693.98841381073
1039940,584,400.2289854927498,1667,27,3,False,0,pistol,,,,,,,322.62525145455584,2699.155601978302
1041576,585,374.69717659672415,1636,26,3,False,0,pistol,,,,,,,319.1540060520311,2704.2818245887756
1043453,586,638.2068750318131,1877,27,3,False,0,pistol,,,,,,,346.0420218603974,2709.706283092499
1045156,587,465.1349244349508,1703,30,4,True,50,machinegun,,,,,,,330.3615658534823,2714.861468076706
1046504,588,287.51000000001034,1348,20,3,False,0,pistol,,,,,,,782.5604519702069,2716.584294319153
1047190,589,153.15805270062174,686,13,2,True,89,pistol,,,,,,,178.84262262169557,2720.420277118683
1049815,590,725.9955727224526,2625,48,5,False,0,pistol,,,,,,,432.1601081455349,2726.4946479797363
1051013,591,243.16000000000798,1198,18,2,False,0,pistol,,,,,,,281.47961417033173,2730.7511179447174
1052183,592,232.88308199131802,1170,17,2,False,0,pistol,,,,,,,887.7450502599014,2732.0693984031677
1054499,593,845.8075853218813,2316,40,5,False,0,pistol,,,,,,,415.37216374253,2737.6453478336334
1055398,594,172.55340043937434,899,14,2,False,0,pistol,,,,,,,215.1141586021947,2741.8246982097626
1058125,595,955.2585225057474,2727,51,6,False,0,pistol,,,,,,,429.7724395731158,2748.170078277588
1060709,596,950.1688700098442,2584,48,5,False,0,pistol,,,,,,,437.6239731177021,2754.0748856067657
1063470,597,792.3215959199778,2761,51,6,False,0,pistol,,,,,,,287.80710176997366,2763.6682693958282
1065337,598,544.7630166598597,1867,33,4,True,39,pistol,,,,,,,357.6682568939754,2768.8883876800537
1067512,599,790.9000000000229,2175,38,4,False,0,pistol,,,,,,,395.4943200381231,2774.388083219528
1068744,600,246.65371963886986,1232,18,1,False,0,pistol,,,,,,,840.9773050584938,2775.85329580307
1070902,601,826.0734950584081,2158,34,3,True,131,pistol,,,,,,,375.45566812159257,2781.6011147499084
1072835,602,491.02262195160256,1933,33,4,False,0,pistol,,,,,,,379.49604848695907,2786.6949739456177
1075657,603,750.9620504112407,2822,50,6,False,0,pistol,,,,,,,293.03063761894356,2796.3255248069763
1079832,604,1607.4988555467874,4175,81,9,True,111,machinegun,,,,,,,351.2733987762334,2808.2110574245453
1082525,605,696.1800000000306,2693,46,5,False,0,pistol,,,,,,,409.24498676497115,2814.7916646003723
1085452,606,794.6269730464838,2927,51,6,False,0,pistol,,,,,,,283.8902462495514,2825.1021587848663
1087189,607,391.86000000001735,1737,27,2,False,0,pistol,,,,,,,809.0989992967935,2827.249299764633
1088413,608,264.9100000000093,1224,19,2,False,0,pistol,,,,,,,250.35011157874388,2832.1386530399323
1090320,609,461.82743227764496,1907,31,4,False,0,pistol,,,,,,,336.9580809020804,2837.7983198165894
1092136,610,439.1077468091517,1816,29,3,False,0,pistol,,,,,,,324.59100372875474,2843.3932423591614
1093692,611,536.0700000000121,1556,23,3,False,0,pistol,,,,,,,323.8838840456318,2848.197667837143
1095799,612,541.7840218075648,2107,36,4,False,0,pistol,,,,,,,301.66413082696346,2855.1824939250946
1096806,613,199.70323823580821,1007,16,1,False,0,pistol,,,,,,,745.0135120284976,2856.534343957901
1098554,614,403.8000000000174,1748,28,3,False,0,pistol,,,,,,,269.90074156737273,2863.0109519958496
1099760,615,284.8700000000089,1206,20,3,False,0,pistol,,,,,,,673.1707134783843,2864.8026552200317
1100714,616,188.09430748190888,954,15,2,False,0,pistol,,,,,,,190.61090260368968,2869.8077623844147
1101943,617,422.17397538975007,1229,20,3,True,61,pistol,,,,,,,237.04829581172032,2874.9925899505615
1104605,618,723.5084221316156,2662,48,5,False,0,pistol,,,,,,,444.36141221224875,2880.9834752082825
1107108,619,678.3992818654499,2503,46,5,False,0,pistol,,,,,,,430.4131577981753,2886.798978328705
1109938,620,780.078015014264,2830,52,6,False,0,pistol,,,,,,,432.127024928702,2893.348161458969
1111995,621,528.2582092161642,2057,36,3,False,0,pistol,,,,,,,376.61873657935485,2898.810200691223
1114617,622,939.6581504357182,2622,49,4,False,0,pistol,,,,,,,267.2251766644069,2908.622346639633
1116840,623,757.7214163650935,2223,37,3,False,0,pistol,,,,,,,368.4613546308895,2914.655781984329
1118577,624,419.09798402843825,1737,29,3,False,0,pistol,,,,,,,299.1033945651454,2920.4633247852325
1120444,625,461.71000000001874,1867,32,4,False,0,pistol,,,,,,,305.4209360833247,2926.57639503479
1123034,626,696.0669578006715,2590,46,5,False,0,pistol,,,,,,,383.43743853951605,2933.331330537796
1124696,627,407.10000000001526,1662,28,3,False,0,pistol,,,,,,,326.0641786139703,2938.428726673126
1126718,628,666.9600000000186,2022,30,4,False,0,pistol,,,,,,,373.99615582550837,2943.83540225029
1128508,629,455.1591233210887,1790,31,3,True,97,machinegun,,,,,,,290.790994601635,2949.991236448288
1130280,630,403.0859584256262,1772,27,3,False,0,pistol,,,,,,,675.1181351666625,2952.6161499023438
1132338,631,550.3820007028971,2058,36,4,False,0,pistol,,,,,,,288.44915618904474,2959.751025915146
1135493,632,1128.3961342386633,3155,60,7,True,49,machinegun,,,,,,,259.4054787657392,2971.9137287139893
1137821,633,629.9001733540844,2328,42,5,False,0,pistol,,,,,,,341.9751329966959,2978.721447467804
1139803,634,506.55325909533786,1982,35,4,False,0,pistol,,,,,,,321.7733056884723,2984.8812997341156
1141022,635,299.1558888049059,1219,21,3,False,0,pistol,,,,,,,252.8891942307793,2989.701758146286
1142289,636,312.01282419753323,1267,19,2,True,36,machinegun,,,,,,,835.6219898439418,2991.2181906700134
1144205,637,449.5904315286612,1916,30,4,False,0,pistol,,,,,,,344.469326069959,2996.780684232712
1145885,638,380.744011499295,1680,25,3,False,0,pistol,,,,,,,315.8726582932506,3002.0994551181793
1146379,639,53.88623416707882,494,7,1,False,0,pistol,,,,,,,819.1517437334671,3002.7027390003204
1147578,640,433.07294923209065,1199,19,2,False,0,pistol,,,,,,,268.82506804991846,3007.1630642414093
1149799,641,574.1728223605677,2221,38,4,False,0,pistol,,,,,,,390.4633629475593,3012.851455450058
1152008,642,787.3326672872333,2209,38,4,False,0,pistol,,,,,,,331.3371629979641,3019.5185453891754
1154137,643,798.327111626514,2129,37,4,False,0,pistol,,,,,,,331.9344078067882,3025.9326651096344
1155725,644,534.138743923499,1588,26,3,True,13,machinegun,,,,,,,292.26299706186063,3031.366322517395
1157356,645,382.98000000001593,1631,25,3,False,0,pistol,,,,,,,291.07141963925307,3036.969945192337
1158886,646,379.50944859936794,1530,25,3,False,0,pistol,,,,,,,776.5647738423654,3038.9403204917908
1160230,647,338.4404885317218,1344,22,3,False,0,pistol,,,,,,,259.0025938648973,3044.1295952796936
1161492,648,308.93451132356796,1262,20,3,False,0,pistol,,,,,,,232.00604480224456,3049.569301843643
1162615,649,237.16006026326795,1123,18,2,False,0,pistol,,,,,,,776.7433287472826,3051.015289545059
1163368,650,197.7258303979365,753,11,1,True,31,pistol,,,,,,,176.2953888446147,3055.286728620529
1164850,651,347.5608799114887,1482,24,3,False,0,pistol,,,,,,,769.1752839167914,3057.2136442661285
1166118,652,298.9887275375315,1268,20,3,False,0,pistol,,,,,,,250.8509233870848,3062.2686297893524
1167667,653,346.45789752456506,1549,23,3,False,0,pistol,,,,,,,282.7575674476249,3067.74703168869
1167978,654,4.863117423731353,311,4,1,False,0,pistol,,,,,,,736.4576642088504,3068.169543027878
1169706,655,714.4888906874706,1728,29,3,True,25,pistol,,,,,,,300.0083702157711,3073.929588317871
1170904,656,257.64496773075757,1198,17,2,False,0,pistol,,,,,,,766.020907737857,3075.493750810623
1172192,657,351.5454481559536,1288,20,3,True,34,pistol,,,,,,,254.30971095594884,3080.558596134186
1172794,658,100.67462847047832,602,10,2,False,0,pistol,,,,,,,768.6976067200469,3081.3419485092163
1173560,659,125.83000000000277,766,10,2,False,0,pistol,,,,,,,172.54491451879946,3085.781547307968
1174313,660,130.91267965408036,753,11,1,False,0,pistol,,,,,,,758.3742306849116,3086.774693965912
1175757,661,324.569570079321,1444,21,3,False,0,pistol,,,,,,,276.9778012574769,3091.988263130188
1177008,662,267.7594206312832,1251,18,2,False,0,pistol,,,,,,,785.6456478362934,3093.580749988556
1178058,663,202.82001799625328,1050,17,2,False,0,pistol,,,,,,,214.43731387759792,3098.4774878025055
1179528,664,327.9650763342292,1470,22,3,False,0,pistol,,,,,,,709.9193549129945,3100.5483541488647
1180988,665,353.9547054850928,1460,24,3,False,0,pistol,,,,,,,273.2238956537801,3105.892192363739
1182202,666,247.21305217864557,1214,18,2,False,0,pistol,,,,,,,246.20479963205767,3110.823219060898
1183826,667,386.16185895611625,1624,27,3,False,0,pistol,,,,,,,289.9029555074669,3116.425281763077
1186128,668,635.8198621030058,2302,41,5,False,0,pistol,,,,,,,352.50838320633676,3122.9558062553406
1188044,669,484.36000000001906,1916,32,4,True,49,pistol,,,,,,,326.6083031876948,3128.822331428528
1190523,670,702.8085278029026,2479,46,5,False,0,pistol,,,,,,,331.2653287336223,3136.3059203624725
1194642,671,1124.7494921483385,4119,72,8,False,0,pistol,,,,,,,301.3996539624268,3149.9723501205444
1196732,672,556.8658520608732,2090,36,4,True,95,pistol,,,,,,,298.26808231429015,3156.9796345233917
1199226,673,713.8500000000267,2494,42,5,True,30,pistol,,,,,,,326.8784907296151,3164.6095955371857
1201240,674,544.5386641339263,2014,36,3,True,42,pistol,,,,,,,285.99178690048717,3171.6519639492035
1202888,675,388.95663604408173,1648,27,3,False,0,pistol,,,,,,,257.76209329186247,3178.0456602573395
1203393,676,76.00836132753251,505,8,1,False,0,pistol,,,,,,,699.7337731025866,3178.7675671577454
1204468,677,222.87000000000666,1075,16,2,False,0,pistol,,,,,,,210.7541887429415,3183.868448495865
1205904,678,316.71481015350025,1436,22,3,False,0,pistol,,,,,,,705.5690734303602,3185.903866291046
1207191,679,264.80498446833957,1287,19,2,False,0,pistol,,,,,,,221.07091915710566,3191.72575879097
1208211,680,265.81000000000586,1020,16,2,True,26,machinegun,,,,,,,671.2591134909399,3193.2455418109894
1210261,681,532.4588515799447,2050,34,4,False,0,pistol,,,,,,,284.03028247563356,3200.4632666110992
1211804,682,359.8657205633316,1543,24,3,True,50,pistol,,,,,,,300.0802140795422,3205.6054253578186
1213739,683,467.7881787466456,1935,32,2,False,0,pistol,,,,,,,383.27169644271345,3210.654237270355
1216436,684,777.4600000000294,2697,48,5,True,27,machinegun,,,,,,,454.84256689735884,3216.584011077881
1218149,685,429.92339250468814,1713,30,2,False,0,pistol,,,,,,,354.1484208627313,3221.4212579727173
1220552,686,828.9988977897793,2403,44,5,True,83,pistol,,,,,,,416.99799844188107,3227.184118270874
1222145,687,438.2521999734495,1593,24,3,True,14,machinegun,,,,,,,318.1522828021023,3232.19140791893
1222631,688,64.75274864706819,486,8,1,False,0,pistol,,,,,,,876.061319899227,3232.7463762760162
1224292,689,463.5900000000161,1661,29,3,True,27,pistol,,,,,,,317.54169054281925,3237.9773812294006
1225856,690,481.4900000000135,1564,25,3,True,47,machinegun,,,,,,,336.50305248200755,3242.625363588333
1227644,691,612.5151456583983,1788,30,4,False,0,pistol,,,,,,,352.67703918942294,3247.695355653763
1229015,692,439.44868509854484,1371,21,3,True,57,machinegun,,,,,,,310.86224754024664,3252.105851173401
1230649,693,387.3861955680019,1634,24,3,True,32,machinegun,,,,,,,910.790992415715,3253.9001517295837
1231979,694,312.6500000000105,1330,21,3,False,0,pistol,,,,,,,308.65267916483987,3258.2094345092773
1233059,695,323.49299069604274,1080,18,2,True,27,pistol,,,,,,,267.5111909642678,3262.246880054474
1234425,696,326.8062750786012,1366,22,3,False,0,pistol,,,,,,,841.8073723059617,3263.869781970978
1236530,697,496.57736510432545,2105,33,3,False,0,pistol,,,,,,,359.40759079051344,3269.726835012436
1237591,698,204.64000000000547,1061,15,2,False,0,pistol,,,,,,,252.44052009994024,3273.9300549030304
1238760,699,244.5273612611527,1169,17,1,False,0,pistol,,,,,,,868.2604401632984,3275.276699781418
1239490,700,139.41356997360697,730,12,2,True,50,pistol,,,,,,,183.25506405909138,3279.2604324817657
1240830,701,327.36000000001013,1340,21,3,True,26,pistol,,,,,,,875.4216756749769,3280.791330575943
1241779,702,186.42000000000365,949,13,2,True,50,machinegun,,,,,,,245.3479879914679,3284.659551858902
1243161,703,315.43000000001024,1382,22,3,False,0,pistol,,,,,,,269.3423797362953,3289.7907841205597
1244736,704,385.91318517852295,1575,23,2,True,70,machinegun,,,,,,,812.5575635974815,3291.729264974594
1246280,705,313.798081580926,1544,21,3,False,0,pistol,,,,,,,222.640244879313,3298.6644043922424
1248214,706,487.82527708480495,1934,32,3,True,35,pistol,,,,,,,288.35823692253274,3305.371530532837
1249812,707,397.2242565317005,1598,27,3,True,50,pistol,,,,,,,271.2564360239512,3311.262796640396
1250567,708,146.1886762793253,755,12,2,False,0,pistol,,,,,,,483.8247877775515,3312.823450088501
1252258,709,407.3648919180779,1691,28,3,False,0,pistol,,,,,,,286.3523638912751,3318.7289609909058
1253907,710,469.30726269355796,1649,26,2,True,109,pistol,,,,,,,342.67174262646387,3323.5413587093353
1255396,711,321.3655226906773,1489,22,3,False,0,pistol,,,,,,,902.8543133489126,3325.1908237934113
1257343,712,488.66633488752825,1947,32,4,False,0,pistol,,,,,,,368.88900629608116,3330.4690322875977
1258996,713,389.50060397321823,1653,27,3,False,0,pistol,,,,,,,316.8482129514304,3335.686308860779
1260406,714,369.33920188731554,1410,23,3,True,41,pistol,,,,,,,252.65209809583726,3341.267332792282
1261590,715,259.42759319418866,1184,17,2,True,35,machinegun,,,,,,,227.12076477825607,3346.480672597885
1263282,716,407.7100000000168,1692,29,3,False,0,pistol,,,,,,,704.5611929949757,3348.882358312607
1263693,717,28.29573880378092,411,5,1,False,0,pistol,,,,,,,117.9193483314757,3352.367977142334
1265656,718,563.6570607668002,1963,32,4,True,3,pistol,,,,,,,803.2336438368245,3354.8120601177216
1266966,719,316.1308548472209,1310,20,3,False,0,pistol,,,,,,,306.8252002000255,3359.081836938858
1269129,720,597.9715474744445,2163,36,4,True,35,machinegun,,,,,,,333.1178788976106,3365.5754137039185
1272158,721,890.8555754549213,3029,53,6,True,19,machinegun,,,,,,,290.02056299736137,3376.0197064876556
1273362,722,265.97382120177866,1204,20,3,False,0,pistol,,,,,,,848.1873383491734,3377.4394216537476
1275206,723,562.9625032950039,1844,30,2,False,0,pistol,,,,,,,272.6485659496221,3384.2029054164886
1277180,724,480.5532983210108,1974,31,4,False,0,pistol,,,,,,,338.83998688275176,3390.028886318207
1279505,725,761.3251762011969,2325,43,5,False,0,pistol,,,,,,,380.299154550341,3396.1427075862885
1281073,726,374.30868580315376,1568,26,3,False,0,pistol,,,,,,,219.8193550716003,3403.2761981487274
1283071,727,659.9700000000192,1998,34,4,False,0,pistol,,,,,,,372.5580809511061,3408.6393530368805
1285661,728,741.2924071414542,2590,49,5,False,0,pistol,,,,,,,444.7069780153224,3414.463628053665
1287435,729,437.2875277631682,1774,30,4,False,0,pistol,,,,,,,364.77522709548197,3419.3271048069
1289892,730,649.3255215135827,2457,43,5,False,0,pistol,,,,,,,440.41453015962423,3424.9061136245728
1292818,731,1045.0834378008,2926,56,5,True,34,machinegun,,,,,,,326.855408510751,3433.8583076000214
1295712,732,854.4060556690214,2894,51,6,True,18,machinegun,,,,,,,489.61215787737956,3439.7693271636963
1298568,733,954.4348341578204,2856,55,6,False,0,pistol,,,,,,,322.1246521086511,3448.635616540909
1301929,734,1142.6512058135213,3361,66,7,False,0,pistol,,,,,,,492.9144050894216,3455.454499721527
1302861,735,169.35944273854838,932,13,2,False,0,pistol,,,,,,,234.48568114159528,3459.429354429245
1304274,736,329.69841600694843,1413,22,3,False,0,pistol,,,,,,,905.1087384040871,3460.9907104969025
1306513,737,646.800000000024,2239,35,4,True,7,machinegun,,,,,,,410.1021960337275,3466.4505450725555
1309363,738,904.9000000000303,2850,52,6,True,12,pistol,,,,,,,299.80375687481705,3475.9570076465607
1310286,739,185.46349558517446,923,13,1,False,0,pistol,,,,,,,806.3738077305054,3477.1018669605255
1311356,740,222.0058992519247,1070,17,2,False,0,pistol,,,,,,,227.5272563177536,3481.8048129081726
1314501,741,1032.5888854211996,3145,59,6,True,22,pistol,,,,,,,375.4341814895222,3490.1819965839386
1316534,742,532.3590838803439,2033,36,4,False,0,pistol,,,,,,,308.6633803704524,3496.7687175273895
1318361,743,461.4926129404937,1827,30,4,False,0,pistol,,,,,,,365.73012730168443,3501.7643880844116
1320188,744,446.3032463323417,1827,29,3,True,48,pistol,,,,,,,380.7261391250923,3506.5633397102356
1321649,745,311.9764855963025,1461,21,3,False,0,pistol,,,,,,,324.7853312833855,3511.0620272159576
1322857,746,337.0600000000094,1208,21,3,True,36,pistol,,,,,,,819.8715434277675,3512.535629272461
1324134,747,244.08205843689782,1277,18,1,False,0,pistol,,,,,,,286.12878152130276,3516.9987893104553
1325679,748,332.46114370585315,1545,22,3,False,0,pistol,,,,,,,340.0657104257576,3521.542179107666
1326873,749,357.68886640603506,1194,20,3,True,31,pistol,,,,,,,904.3525906781598,3522.8627581596375
1328469,750,350.45885933099413,1596,24,3,False,0,pistol,,,,,,,350.76044893042075,3527.413097381592
1330028,751,353.8843946267252,1559,23,3,False,0,pistol,,,,,,,344.8406396953932,3531.934252500534
1331252,752,255.76000000000897,1224,19,2,False,0,pistol,,,,,,,289.92012111318826,3536.156383752823
1332585,753,307.7032009851751,1333,21,3,False,0,pistol,,,,,,,907.8466577370567,3537.6248862743378
1333288,754,203.5730578704049,703,11,2,True,23,pistol,,,,,,,190.21699722879893,3541.3209068775177
1334746,755,315.96001774563126,1458,21,3,False,0,pistol,,,,,,,887.4513803882859,3542.9639706611633
1336356,756,380.5000000000151,1610,26,3,False,0,pistol,,,,,,,327.6299842813204,3547.878305912018
1337226,757,149.77190225303877,870,13,1,False,0,pistol,,,,,,,892.9276732506943,3548.8527884483337
1338086,758,328.6094293444946,860,13,2,True,4,machinegun,,,,,,,226.32236684751032,3552.6528158187866
1338889,759,154.32981089044753,803,13,2,False,0,pistol,,,,,,,915.8815324036809,3553.5298199653625
1340210,760,353.63476166228514,1321,23,3,True,24,machinegun,,,,,,,303.3727034981561,3557.8844101428986
1341973,761,603.7099531636719,1763,27,3,False,0,pistol,,,,,,,363.10614863110374,3562.7399673461914
1342785,762,166.5313349882687,812,13,2,False,0,pistol,,,,,,,887.3778564525833,3563.655202627182
1344432,763,486.5851171813108,1647,28,3,True,29,machinegun,,,,,,,354.40840111863054,3568.3026707172394
1345904,764,357.6626512274714,1472,24,3,False,0,pistol,,,,,,,332.590912695266,3572.7287867069244
1348354,765,818.9826265919431,2450,44,5,True,65,pistol,,,,,,,432.16785063711677,3578.3980894088745
1349693,766,459.31360753626046,1339,20,3,True,49,pistol,,,,,,,310.60713672017044,3582.7092480659485
1351051,767,302.84000000001106,1358,21,2,False,0,pistol,,,,,,,881.6740613880132,3584.2497296333313
1353039,768,487.5951086318415,1988,31,4,True,47,machinegun,,,,,,,380.420515072671,3589.475686073303
1355252,769,628.4100000000244,2213,39,4,False,0,pistol,,,,,,,420.1085725551722,3594.743518590927
1356432,770,236.04000000000798,1180,17,2,True,48,machinegun,,,,,,,282.72842644813466,3598.9173498153687
1356798,771,23.168683047375794,366,5,1,False,0,pistol,,,,,,,887.6992989726014,3599.3298687934875
1358273,772,368.8800000000124,1475,24,3,True,45,pistol,,,,,,,330.3782523837161,3603.794640302658
1360144,773,474.07775122157227,1871,32,4,False,0,pistol,,,,,,,384.3938930711413,3608.6622924804688
1362086,774,711.9805301724898,1942,33,4,True,50,machinegun,,,,,,,388.072429173411,3613.6667709350586
1363385,775,573.2807280899303,1299,21,3,True,29,pistol,,,,,,,898.5353032589134,3615.1127009391785
1366679,776,1465.4400859812738,3294,68,7,False,0,pistol,,,,,,,355.8721980259604,3624.36914563179
1367722,777,214.68896034619516,1043,17,2,False,0,pistol,,,,,,,907.2280440961707,3625.5191280841827
1369109,778,307.1800000000117,1387,21,3,True,48,machinegun,,,,,,,321.6366314704669,3629.831718444824
1371715,779,930.2072643694303,2606,49,5,False,0,pistol,,,,,,,454.280004164444,3635.56844496727
1373300,780,732.8000000000163,1585,27,3,True,6,machinegun,,,,,,,345.8276322858721,3640.15189576149
1373658,781,30.71384751709733,358,5,1,False,0,pistol,,,,,,,916.6221032801716,3640.5427210330963
1373923,782,-0.21606746771746543,265,4,1,False,0,pistol,,,,,,,895.9724507291577,3640.838709592819
1377063,783,852.4081447573893,3140,55,6,False,0,pistol,,,,,,,342.66512835559456,3650.0024135112762
1378941,784,594.2400000000114,1878,33,4,True,60,pistol,,,,,,,375.0783265767293,3655.009605884552
1381579,785,711.8377525079708,2638,48,5,False,0,pistol,,,,,,,326.8763714823432,3663.0801622867584
1384379,786,1053.949680229802,2800,56,6,True,41,pistol,,,,,,,420.69506947814693,3669.7360076904297
1386664,787,616.2362305339022,2285,41,5,False,0,pistol,,,,,,,244.05457602808792,3679.098948955536
1389134,788,696.944316378001,2470,46,5,False,0,pistol,,,,,,,419.1453302670787,3684.9920823574066
1391984,789,1033.1482189972571,2850,50,6,True,16,machinegun,,,,,,,462.67558279626013,3691.1521191596985
1394096,790,556.3748121401125,2112,38,4,False,0,pistol,,,,,,,352.38669550351403,3697.1457896232605
1395684,791,406.993115390003,1588,28,3,True,49,machinegun,,,,,,,294.0071654084267,3702.5472462177277
1396934,792,274.7400000000093,1250,20,3,False,0,pistol,,,,,,,247.64694590431796,3707.5949227809906
1399310,793,852.1804800837308,2376,44,5,False,0,pistol,,,,,,,398.2035529209504,3713.5619747638702
1401344,794,531.9974050490893,2034,36,4,False,0,pistol,,,,,,,381.03942298922675,3718.900183916092
1403728,795,794.5846533958986,2384,44,5,False,0,pistol,,,,,,,417.15449327507065,3724.615383386612
1406392,796,923.4635666711079,2664,49,5,True,50,pistol,,,,,,,418.0130939672451,3730.98863363266
1407626,797,318.26714379147785,1234,21,3,False,0,pistol,,,,,,,263.66670728481785,3735.6689913272858
1408972,798,295.3700000000112,1346,20,3,False,0,pistol,,,,,,,790.0496983190814,3737.372858285904
1411268,799,648.2417893882813,2296,41,5,False,0,pistol,,,,,,,260.77374527444965,3746.177622318268
1413823,800,700.8078927692517,2555,47,5,False,0,pistol,,,,,,,435.0502359367125,3752.0507657527924
1416540,801,969.3939299555192,2717,50,6,False,0,pistol,,,,,,,394.5034996321843,3758.938150405884
1419057,802,815.9549541654111,2517,46,5,True,15,machinegun,,,,,,,427.02636258192257,3764.832604408264
1422173,803,1108.5463553663474,3116,60,7,False,0,pistol,,,,,,,322.0779554037117,3774.507497549057
1424812,804,953.0306635250406,2639,48,5,True,34,machinegun,,,,,,,441.63316867400704,3780.4832503795624
1427871,805,1126.7767979097782,3059,58,6,False,0,pistol,,,,,,,294.37608864338125,3790.8748915195465
1430353,806,866.802448225694,2482,44,4,False,0,pistol,,,,,,,421.43523976894596,3796.764522790909
1432503,807,881.2604731804804,2150,37,4,True,13,machinegun,,,,,,,408.08545356443966,3802.0332641601562
1434363,808,652.7564055011771,1860,30,4,True,46,machinegun,,,,,,,377.4726872713496,3806.961002588272
1436323,809,489.2200120561704,1960,32,4,False,0,pistol,,,,,,,392.36333541745216,3811.9565637111664
1437714,810,324.1142274732055,1391,23,3,False,0,pistol,,,,,,,280.15464839931195,3816.9219529628754
1440124,811,837.8214888829067,2410,40,5,False,0,pistol,,,,,,,393.1027128138967,3823.05286359787
1441582,812,337.6120987449917,1458,24,3,False,0,pistol,,,,,,,907.4262511750343,3824.6598410606384
1443621,813,542.5409774765419,2039,36,4,True,99,machinegun,,,,,,,393.29842943879623,3829.844386577606
1446155,814,693.7742541005143,2534,47,5,False,0,pistol,,,,,,,297.05064522162377,3838.3751587867737
1450073,815,1424.4299208467878,3918,79,8,False,0,pistol,,,,,,,348.432753276543,3849.620099067688
1452625,816,868.6228186547573,2552,49,4,False,0,pistol,,,,,,,391.8666646458039,3856.132793903351
1455318,817,980.1559195596965,2693,49,5,False,0,pistol,,,,,,,427.3273879133266,3862.435061454773
1457737,818,676.4540398203833,2419,44,5,True,49,pistol,,,,,,,365.08866519029044,3869.0611112117767
1459959,819,602.2463806920208,2222,41,5,False,0,pistol,,,,,,,309.51135605838,3876.2404758930206
1462492,820,710.5815166788425,2533,46,5,False,0,pistol,,,,,,,220.08171793537525,3887.750065088272
1464783,821,702.8068604341621,2291,41,5,True,24,machinegun,,,,,,,304.17789870841483,3895.2820653915405
1467211,822,818.0800000000252,2428,42,5,True,1,machinegun,,,,,,,318.46904845029286,3902.9062542915344
1470053,823,1044.9478857090219,2842,55,6,False,0,pistol,,,,,,,438.91383453529886,3909.381485939026
1472295,824,599.9468642829669,2242,41,5,False,0,pistol,,,,,,,387.9737256681712,3915.1604483127594
1475688,825,1286.0639356807842,3393,68,7,True,41,pistol,,,,,,,348.50478676121605,3924.896478176117
1477743,826,547.0796300973428,2055,37,4,False,0,pistol,,,,,,,397.4908582303873,3930.066626548767
1479294,827,361.90093459412986,1551,25,2,False,0,pistol,,,,,,,335.843812129873,3934.685159921646
1482644,828,1281.9865615491472,3350,61,7,True,21,pistol,,,,,,,511.76620755072065,3941.2314360141754
1486358,829,1533.123899389697,3714,72,8,False,0,pistol,,,,,,,379.7993501962431,3951.010505914688
1488547,830,1013.6461885516089,2189,39,4,False,0,pistol,,,,,,,417.65250537194726,3956.251944541931
1489511,831,186.720000000004,964,15,2,False,0,pistol,,,,,,,246.12972218077763,3960.168792963028
1491154,832,373.8900000000148,1643,25,3,False,0,pistol,,,,,,,351.25107067677254,3964.8466222286224
1492617,833,350.6431254273934,1463,23,3,False,0,pistol,,,,,,,890.1374636856094,3966.490403175354
1494215,834,597.4471295088148,1598,26,3,False,0,pistol,,,,,,,346.68967717891496,3971.099860191345
1495213,835,213.26000000000585,998,16,2,False,0,pistol,,,,,,,241.2172967477016,3975.237394094467
1496129,836,182.00828318400318,916,14,2,False,0,pistol,,,,,,,907.7001447790701,3976.2467460632324
1496884,837,135.12281739032164,755,11,2,False,0,pistol,,,,,,,901.5691753090666,3977.084362745285
1497729,838,143.61000000000342,845,12,2,False,0,pistol,,,,,,,222.39239558509112,3980.8841478824615
1498428,839,86.02489241692541,699,8,1,False,0,pistol,,,,,,,904.4523578299204,3981.6572666168213
1499209,840,131.5500000000018,781,10,2,False,0,pistol,,,,,,,206.22124182056055,3985.4446425437927
1500550,841,312.41000000001054,1341,22,3,False,0,pistol,,,,,,,902.1396030693421,3986.9313595294952
1501989,842,374.8270167369638,1439,22,2,False,0,pistol,,,,,,,313.8794242107944,3991.5161747932434
1503751,843,460.8500000000168,1762,31,4,False,0,pistol,,,,,,,348.8191000353097,3996.5677106380463
1506415,844,703.7535559718883,2664,47,5,False,0,pistol,,,,,,,381.7433208483076,4003.546434879303
1510199,845,1475.8099999998828,3784,68,7,False,0,pistol,,,,,,,360.9729322947106,4014.0294320583344
1511297,846,234.30938017665326,1098,17,2,False,0,pistol,,,,,,,837.6808753717214,4015.340395450592
1514294,847,1266.7916076130641,2997,52,6,False,0,pistol,,,,,,,301.57159280523234,4025.278559923172
1515919,848,403.3271008315567,1625,27,3,False,0,pistol,,,,,,,310.3250280479982,4030.5151767730713
1516438,849,75.17999999999958,519,9,1,False,0,pistol,,,,,,,769.5801955163876,4031.189754962921
1518119,850,397.16040804929827,1681,27,3,False,0,pistol,,,,,,,318.7002910718762,4036.4644458293915
1519622,851,874.0895724274192,1503,26,3,True,42,machinegun,,,,,,,305.6897665648257,4041.3814067840576
1520330,852,114.48685610994347,708,10,2,False,0,pistol,,,,,,,765.0341409527068,4042.3070657253265
1523538,853,987.463376513498,3208,58,6,False,0,pistol,,,,,,,473.73178806991046,4049.079016685486
1526419,854,887.7163758219116,2881,55,6,True,80,machinegun,,,,,,,289.83216411060346,4059.0194823741913
1527347,855,195.44093054242282,928,15,2,False,0,pistol,,,,,,,656.6165840676375,4060.4330003261566
1529274,856,496.9374349801733,1927,33,4,False,0,pistol,,,,,,,358.14575165121926,4065.813639163971
1531076,857,461.2484517510724,1802,32,4,False,0,pistol,,,,,,,334.3378686657925,4071.2035970687866
1533052,858,702.3400000000219,1976,33,4,False,0,pistol,,,,,,,364.0474840913746,4076.6317360401154
1535053,859,508.01000000001824,2001,34,3,False,0,pistol,,,,,,,338.4567189233621,4082.5440258979797
1536367,860,264.80000000000865,1314,20,3,False,0,pistol,,,,,,,262.2594620234251,4087.554574728012
1536992,861,102.5353714591112,625,10,2,False,0,pistol,,,,,,,791.3054922657664,4088.344719171524
1538304,862,277.9872826218185,1312,20,3,False,0,pistol,,,,,,,266.47011541268046,4093.2684915065765
1540527,863,547.8200000000224,2223,36,4,False,0,pistol,,,,,,,381.28968259793976,4099.098998785019
1542658,864,539.1107749933351,2131,36,4,False,0,pistol,,,,,,,403.50769476357357,4104.380392074585
1544822,865,576.2587155043931,2164,38,4,False,0,pistol,,,,,,,362.80548381678625,4110.345248222351
1545178,866,11.683957899933723,356,4,1,True,46,pistol,,,,,,,768.5014683736102,4110.808685302734
1546749,867,384.53000000001464,1571,25,3,False,0,pistol,,,,,,,322.93838419937373,4115.67356133461
1547551,868,230.88000000000352,802,14,1,True,31,machinegun,,,,,,,876.0152044675884,4116.589348316193
1548827,869,281.420954985368,1276,20,3,False,0,pistol,,,,,,,293.10241096777764,4120.943147182465
1551233,870,623.9818911632524,2406,41,5,False,0,pistol,,,,,,,410.8363557221166,4126.799804449081
1552520,871,289.60515647776754,1287,21,3,True,50,pistol,,,,,,,271.80188988005625,4131.535073041916
1554517,872,740.1846177889403,1997,33,4,False,0,pistol,,,,,,,375.75787089480934,4136.849938392639
1556776,873,599.6038387217658,2259,39,4,True,49,pistol,,,,,,,429.1402927776648,4142.1141493320465
1558419,874,408.8012498019114,1643,29,3,False,0,pistol,,,,,,,896.3792117030166,4143.9473695755005
1560441,875,488.2031968945954,2022,34,3,False,0,pistol,,,,,,,357.72490595302804,4149.600006103516
1563307,876,987.9500000000306,2866,52,6,False,0,pistol,,,,,,,304.66939173002964,4159.007152557373
1564250,877,194.18657278600327,943,15,1,True,42,pistol,,,,,,,848.0405011876169,4160.119339942932
1566255,878,487.74447170324146,2005,32,4,False,0,pistol,,,,,,,364.7575858624168,4165.616354942322
1568127,879,476.0477910796998,1872,32,4,False,0,pistol,,,,,,,348.8651544819699,4170.982486486435
1569411,880,377.00285379590815,1284,19,1,True,15,pistol,,,,,,,275.9918196954781,4175.634959459305
1570753,881,327.62684027083367,1342,22,3,True,50,pistol,,,,,,,820.1295782232679,4177.271512269974
1573308,882,715.9151628244842,2555,45,5,True,22,pistol,,,,,,,280.6349386251886,4186.376039981842
1575231,883,523.7000000000193,1923,33,4,True,37,machinegun,,,,,,,363.45416777763273,4191.667133808136
1576856,884,396.99189885526516,1625,28,3,False,0,pistol,,,,,,,848.556167788365,4193.582398891449
1579099,885,663.1148846209085,2243,41,5,True,135,pistol,,,,,,,232.34110050738636,4203.236525058746
1580888,886,654.5468858047327,1789,31,4,False,0,pistol,,,,,,,778.380262055174,4205.535135984421
1582639,887,605.4467365451121,1751,30,2,False,0,pistol,,,,,,,327.8466967516857,4210.876230716705
1585848,888,1093.1211819569141,3209,59,6,True,7,pistol,,,,,,,306.48114386289996,4221.346854925156
1588287,889,899.324883429673,2439,40,5,True,36,machinegun,,,,,,,402.81812439648104,4227.401926755905
1589699,890,311.6524193793051,1412,21,3,False,0,pistol,,,,,,,304.16112973071193,4232.044424772263
1591319,891,350.16000000001446,1620,24,3,False,0,pistol,,,,,,,312.94689599249676,4237.221367120743
1593871,892,647.6900000000285,2552,41,5,False,0,pistol,,,,,,,408.65104376088357,4243.466512441635
1596044,893,571.339603799914,2173,38,4,True,48,pistol,,,,,,,369.6747627815963,4249.344855546951
1598708,894,1058.145837570867,2664,49,5,True,23,pistol,,,,,,,415.45808114777054,4255.757269382477
1599765,895,436.94000000000875,1057,17,2,False,0,pistol,,,,,,,237.5301489871864,4260.207562446594
1601833,896,699.4784125772385,2068,34,4,True,7,machinegun,,,,,,,332.7710945230247,4266.4223692417145
1603489,897,420.79289132111677,1656,26,3,True,36,pistol,,,,,,,720.2282476216429,4268.72185587883
1605371,898,667.641602545401,1882,34,4,True,60,pistol,,,,,,,320.25240060078767,4274.598615646362
1607022,899,568.3179077523342,1651,27,3,False,0,pistol,,,,,,,334.10846710811455,4279.540349245071
1609256,900,599.4687146884828,2234,40,4,True,47,machinegun,,,,,,,406.1864842249402,4285.04048371315
1611333,901,727.8227240545507,2077,33,4,False,0,pistol,,,,,,,382.2574042008883,4290.474240541458
1613494,902,750.2400000000223,2161,39,4,True,56,machinegun,,,,,,,378.78254565410543,4296.179628372192
1615851,903,838.8968713847863,2357,41,5,True,50,pistol,,,,,,,405.98732762690923,4301.985486984253
1619356,904,1322.2338726575986,3505,72,8,False,0,pistol,,,,,,,325.2035917556034,4312.763588190079
1621888,905,890.8407947910955,2532,46,5,False,0,pistol,,,,,,,407.77179844327605,4318.973131895065
1624826,906,1060.413978281919,2938,55,6,False,0,pistol,,,,,,,304.4361211394796,4328.6239948272705
1628927,907,1648.8589797371671,4101,84,9,True,1,machinegun,,,,,,,369.31683426604894,4339.728516817093
1631400,908,684.3639101098926,2473,46,5,True,50,pistol,,,,,,,425.7781094147101,4345.537002086639
1633396,909,900.663532143366,1996,31,4,True,5,pistol,,,,,,,356.77832141782443,4351.131826162338
1635973,910,740.6544743397712,2577,46,5,True,45,pistol,,,,,,,431.9014927538056,4357.098684549332
1638048,911,559.3945560174055,2075,36,4,False,0,pistol,,,,,,,380.34171920674856,4362.554525136948
1639752,912,511.7925539106111,1704,29,3,True,23,pistol,,,,,,,355.2884144393039,4367.350861310959
1641100,913,296.5842258938017,1348,21,3,False,0,pistol,,,,,,,302.9236659306888,4371.801139593124
1642655,914,455.4557959993045,1555,26,3,True,35,pistol,,,,,,,331.93510317067427,4376.486010789871
1646140,915,1195.9661331686593,3485,61,7,False,0,pistol,,,,,,,503.2524102641647,4383.411206007004
1648129,916,501.33535376338233,1989,34,4,False,0,pistol,,,,,,,328.9824937319594,4389.45743060112
1650471,917,650.3713257723577,2342,43,5,False,0,pistol,,,,,,,404.8889065486001,4395.241978883743
1654544,918,1766.9842823698145,4073,79,8,False,0,pistol,,,,,,,377.0341377510938,4406.045033454895
1656685,919,571.7400000000223,2141,39,4,False,0,pistol,,,,,,,395.25610464580166,4411.462020397186
1659896,920,1345.3678869554496,3211,65,7,False,0,pistol,,,,,,,339.00206078281053,4420.934164524078
1662237,921,825.1151802852546,2341,44,5,False,0,pistol,,,,,,,418.2287204432646,4426.531900405884
1663305,922,202.89231624999587,1068,15,2,False,0,pistol,,,,,,,258.0489973858775,4430.6708772182465
1664942,923,375.84000000001566,1637,26,3,False,0,pistol,,,,,,,900.3961972383609,4432.489141225815
1667427,924,662.0040302729774,2485,44,5,False,0,pistol,,,,,,,283.1091588732854,4441.266973972321
1671361,925,1592.616414282853,3934,81,9,False,0,pistol,,,,,,,376.5495086031532,4451.714690685272
1673097,926,449.0983739696736,1736,30,4,False,0,pistol,,,,,,,863.4991772145594,4453.72532248497
1676204,927,1550.8163590532936,3107,62,7,True,4,machinegun,,,,,,,323.7501449418661,4463.322448968887
1678880,928,1007.4707821906761,2676,49,5,True,25,pistol,,,,,,,444.14225252756245,4469.347762346268
1681091,929,590.4000000000229,2211,38,4,False,0,pistol,,,,,,,410.1021979696116,4474.739335298538
1683526,930,639.6877863628242,2435,42,5,False,0,pistol,,,,,,,281.7536956217198,4483.381916046143
1685534,931,500.4961825464259,2008,34,2,False,0,pistol,,,,,,,377.3768607474875,4488.703007936478
1687378,932,490.1600000000179,1844,32,4,True,39,machinegun,,,,,,,858.964290934065,4490.849962949753
1689189,933,472.5564263818248,1811,30,4,False,0,pistol,,,,,,,377.0329696915187,4495.653420686722
1690834,934,554.1915461264836,1645,30,4,True,21,pistol,,,,,,,307.5780314922404,4501.001839160919
1691637,935,153.02433911572274,803,13,2,False,0,pistol,,,,,,,727.9344656574507,4502.105144500732
1693332,936,556.2114163461735,1695,27,3,True,8,machinegun,,,,,,,331.3507604151597,4507.220902919769
1696382,937,831.4122313704236,3050,55,6,False,0,pistol,,,,,,,335.0446135916577,4516.324409484863
1699379,938,857.2436234315448,2997,54,5,False,0,pistol,,,,,,,491.5303401574623,4522.421924114227
1699931,939,75.55233223231329,552,8,1,False,0,pistol,,,,,,,161.36615741463524,4525.842934370041
1702484,940,891.2381372720989,2553,49,5,True,112,machinegun,,,,,,,445.9456135044326,4531.568061351776
1705336,941,853.8656737974993,2852,55,6,True,36,machinegun,,,,,,,474.7204518524533,4537.576087474823
1706902,942,379.46630697289334,1566,26,3,False,0,pistol,,,,,,,345.3560122167109,4542.11070227623
1709348,943,817.7517633006835,2446,44,5,True,16,machinegun,,,,,,,438.0612375618128,4547.694612503052
1711780,944,700.3000000000279,2432,44,5,True,138,machinegun,,,,,,,437.10854704044755,4553.258659601212
1713225,945,386.69979710660914,1445,25,3,True,39,machinegun,,,,,,,327.68545669986287,4557.668610095978
1715287,946,639.2591717455097,2062,36,4,True,20,pistol,,,,,,,403.5654438816099,4562.778340101242
1716557,947,262.7654013266432,1270,19,2,False,0,pistol,,,,,,,300.8054836983318,4567.000682115555
1718622,948,515.8774925550688,2065,34,4,False,0,pistol,,,,,,,402.3043711090685,4572.133860588074
1720157,949,362.50477715221456,1535,26,3,False,0,pistol,,,,,,,909.4243056628687,4573.821967601776
1721504,950,408.04000000000974,1347,22,3,True,21,machinegun,,,,,,,312.54475693604843,4578.131942272186
1723255,951,443.03809138634585,1751,30,3,False,0,pistol,,,,,,,368.16632022635116,4582.888119220734
1725733,952,1034.8253811766124,2478,47,5,True,61,pistol,,,,,,,444.2702716150071,4588.466115951538
1728518,953,821.920000000034,2785,54,6,True,95,pistol,,,,,,,321.96234151340377,4597.116460561752
1731029,954,684.0728923072621,2511,46,3,False,0,pistol,,,,,,,455.05878442900865,4602.63459777832
1734848,955,1501.5940576753633,3819,77,8,False,0,pistol,,,,,,,389.7633185370677,4612.433043718338
1736921,956,527.0783917745479,2073,36,4,False,0,pistol,,,,,,,409.75293696671054,4617.4924302101135
1738417,957,311.82000000001176,1496,22,3,False,0,pistol,,,,,,,900.4227516835539,4619.154048442841
1739866,958,299.61000000001155,1449,21,3,False,0,pistol,,,,,,,325.22236804273604,4623.609663486481
1741303,959,325.8454496510154,1437,23,3,False,0,pistol,,,,,,,328.6833870949007,4627.981906175613
1743193,960,453.2620906613433,1890,30,3,False,0,pistol,,,,,,,379.9062957481323,4632.957063674927
1745596,961,873.2222844015206,2403,43,5,False,0,pistol,,,,,,,433.30274143854234,4638.50307559967
1748922,962,1554.3644065182327,3326,68,7,True,50,pistol,,,,,,,511.1595673214153,4645.010090351105
1752629,963,1860.199461544803,3707,75,8,False,0,pistol,,,,,,,372.0726213675036,4654.973406791687
1754435,964,476.787932126528,1806,31,3,False,0,pistol,,,,,,,376.3329991590413,4659.772537469864
1756134,965,435.70529865006455,1699,30,3,False,0,pistol,,,,,,,354.695329166888,4664.562753200531
1758363,966,591.4956878972484,2229,39,4,False,0,pistol,,,,,,,365.89874114068346,4670.654820203781
1760294,967,504.2392662677557,1931,34,4,False,0,pistol,,,,,,,349.18874263095955,4676.184999227524
1761975,968,420.13185949491174,1681,29,3,False,0,pistol,,,,,,,327.2110696505176,4681.322593927383
1765015,969,1048.8002990615737,3040,55,6,False,0,pistol,,,,,,,428.36824711174347,4688.419448375702
1767949,970,1035.5500000000093,2934,56,6,False,0,pistol,,,,,,,305.7620614208631,4698.015330553055
1770194,971,858.1626383020773,2245,39,4,False,0,pistol,,,,,,,365.0896159239998,4704.164697408676
1771591,972,313.74956079272044,1397,21,3,False,0,pistol,,,,,,,305.5152939287138,4708.737483024597
1773004,973,694.2700000000124,1413,23,3,False,0,pistol,,,,,,,743.3429650377858,4710.6385107040405
1773906,974,149.45000000000374,902,12,2,False,0,pistol,,,,,,,205.54449259890092,4715.027054548264
1774686,975,134.74581387055773,780,12,1,False,0,pistol,,,,,,,815.36145564713,4715.983874797821
1775498,976,155.28258237050625,812,13,2,False,0,pistol,,,,,,,809.9272463173936,4716.986653327942
1776209,977,135.107769069164,711,11,2,False,0,pistol,,,,,,,185.4219744195223,4720.821370601654
1777797,978,349.62000000001325,1588,23,3,False,0,pistol,,,,,,,339.44947674602906,4725.499797821045
1778720,979,183.8282166980342,923,14,2,False,0,pistol,,,,,,,885.6386401674215,4726.5421941280365
1780098,980,486.4400000000115,1378,21,3,False,0,pistol,,,,,,,270.13978476129085,4731.643557310104
1781447,981,303.89556233935105,1349,21,3,False,0,pistol,,,,,,,820.8542157717126,4733.28716468811
1781845,982,32.020225550618264,398,5,1,False,0,pistol,,,,,,,116.97017785379907,4736.689988613129
1783464,983,386.2486325618021,1619,26,3,False,0,pistol,,,,,,,866.9304995418044,4738.557758331299
1784810,984,316.2595572519022,1346,22,3,False,0,pistol,,,,,,,283.74819150857303,4743.301643610001
1786606,985,440.5867163140016,1796,30,4,False,0,pistol,,,,,,,346.84336444284685,4748.480006933212
1788429,986,475.4800000000174,1823,32,4,False,0,pistol,,,,,,,367.31800880068295,4753.443244457245
1789896,987,349.9753796587955,1467,25,3,False,0,pistol,,,,,,,745.7674657177279,4755.410592794418
1791846,988,491.8094073366755,1950,32,4,False,0,pistol,,,,,,,342.3738746597984,4761.106287717819
1794997,989,976.8100000000302,3151,53,6,False,0,pistol,,,,,,,298.777002259458,4771.652789115906
1797544,990,668.6492225873686,2547,43,5,False,0,pistol,,,,,,,392.60189479824254,4778.1404893398285
1799980,991,662.9321735993802,2436,44,5,False,0,pistol,,,,,,,399.5163000952873,4784.238049983978
1800867,992,182.20922233982657,887,15,2,False,0,pistol,,,,,,,209.23638600190904,4788.477501869202
1802504,993,403.39311354472517,1637,28,3,False,0,pistol,,,,,,,329.3135072734749,4793.448650360107
1803979,994,427.53619548452883,1475,24,3,True,22,pistol,,,,,,,872.0339161036794,4795.140296697617
1806705,995,924.3010167311411,2726,50,6,False,0,pistol,,,,,,,282.3646033959057,4804.794630527496
1807873,996,233.5822860948399,1168,18,1,False,0,pistol,,,,,,,743.9329210957906,4806.364853620529
1809528,997,382.72000000001555,1655,26,3,False,0,pistol,,,,,,,310.5131547670011,4811.6949944496155
1811218,998,411.0500000000161,1690,29,3,False,0,pistol,,,,,,,349.6187373924651,4816.529001712799
1813208,999,503.4233781933416,1990,34,3,False,0,pistol,,,,,,,368.9544629943313,4821.922813653946
1814091,1000,178.49322709603322,883,14,2,False,0,pistol,,,,,,,886.459562439339,4822.91911816597
1815738,1001,394.9433739498702,1647,27,3,False,0,pistol,,,,,,,338.2587033562439,4827.788421392441
1818063,1002,611.2761274660074,2325,39,4,False,0,pistol,,,,,,,401.921522947975,4833.573368310928
1819547,1003,338.575869609227,1484,23,3,False,0,pistol,,,,,,,291.0790117127983,4838.671890974045
1821757,1004,789.3788350995264,2210,38,4,False,0,pistol,,,,,,,382.44109528012575,4844.450803041458
1822742,1005,193.03553862127933,985,15,2,False,0,pistol,,,,,,,227.4187825142836,4848.782176494598
1825051,1006,845.1572830780408,2309,40,5,False,0,pistol,,,,,,,407.69532530112775,4854.445905447006
1827079,1007,560.639920891126,2028,37,4,False,0,pistol,,,,,,,338.93520967262816,4860.429561138153
1829262,1008,561.4126242275265,2183,38,4,False,0,pistol,,,,,,,366.05106615841555,4866.3934009075165
1831162,1009,713.9572900986551,1900,34,4,False,0,pistol,,,,,,,366.0611671868227,4871.583962202072
1834895,1010,1301.091059597583,3733,73,8,False,0,pistol,,,,,,,501.2611240871038,4879.031406402588
1837561,1011,726.0415267816727,2666,48,5,False,0,pistol,,,,,,,285.82404212134026,4888.3590540885925
1840289,1012,927.200000000031,2728,46,5,False,0,pistol,,,,,,,458.8984231657677,4894.303902387619
1841834,1013,534.8284938053571,1545,24,3,False,0,pistol,,,,,,,323.72879317025235,4899.076655626297
1844129,1014,612.4393015110611,2295,39,4,False,0,pistol,,,,,,,417.4001438753462,4904.575178384781
1846216,1015,526.3345923589476,2087,35,4,False,0,pistol,,,,,,,275.41226982492003,4912.153119087219
1849060,1016,847.3894077488453,2844,53,6,False,0,pistol,,,,,,,330.4638771135201,4920.759393930435
1851990,1017,1083.5712618948073,2930,58,6,False,0,pistol,,,,,,,229.04326189615665,4933.55190205574
1854733,1018,1430.3827830065898,2743,53,6,False,0,pistol,,,,,,,450.04891957912105,4939.646967411041
1855735,1019,185.70518085224577,1002,14,2,False,0,pistol,,,,,,,230.59583716361848,4943.992409944534
1857955,1020,583.8935040389379,2220,39,4,False,0,pistol,,,,,,,341.7932991758621,4950.487829446793
1860484,1021,692.9808302223138,2529,46,5,True,49,machinegun,,,,,,,403.792701373122,4956.751117229462
1862768,1022,608.7171610133964,2284,40,5,False,0,pistol,,,,,,,383.2695398028327,4962.710619688034
1864993,1023,588.8378114639197,2225,40,4,True,50,machinegun,,,,,,,380.92404647519004,4968.551940202713
1866477,1024,581.3100000000151,1484,25,3,False,0,pistol,,,,,,,304.8017225037928,4973.420855283737
1866969,1025,69.92624546211607,492,7,1,False,0,pistol,,,,,,,877.503037415964,4973.98172211647
1870150,1026,1122.199533250181,3181,58,6,False,0,pistol,,,,,,,326.38877123764735,4983.7279686927795
1872723,1027,689.3055058022856,2573,46,5,False,0,pistol,,,,,,,412.2839945421752,4989.969032287598
1875285,1028,1144.7785211545217,2562,49,5,True,57,pistol,,,,,,,413.52195886864115,4996.164871454239
1878139,1029,1036.8723084080577,2854,55,6,False,0,pistol,,,,,,,297.3602099978197,5005.7629182338715
1880626,1030,891.6908372781804,2487,46,5,False,0,pistol,,,,,,,393.02233338578037,5012.090970993042
1882661,1031,506.020000000017,2035,34,4,False,0,pistol,,,,,,,372.4711094516903,5017.554646968842
1883657,1032,222.35000000000522,996,16,2,True,50,machinegun,,,,,,,819.3804413426416,5018.770429134369
1885129,1033,339.3312195293948,1472,24,3,False,0,pistol,,,,,,,296.99861324027466,5023.7268278598785
1886834,1034,609.3368260226855,1705,26,3,False,0,pistol,,,,,,,328.27745473903866,5028.920807600021
1888658,1035,645.9900000000159,1824,30,4,False,0,pistol,,,,,,,334.6360473178851,5034.371691226959
1889911,1036,265.23863354815154,1253,18,2,False,0,pistol,,,,,,,901.781081595849,5035.761427164078
1891045,1037,236.49099396285007,1134,17,2,False,0,pistol,,,,,,,252.69040677744047,5040.2493777275085
1891948,1038,173.2300000000042,903,13,2,False,0,pistol,,,,,,,783.9054674696711,5041.401548862457
1893194,1039,233.8300000000084,1246,17,1,False,0,pistol,,,,,,,268.6499619985498,5046.039856672287
1894938,1040,578.638362561466,1744,28,3,True,62,pistol,,,,,,,334.6456429415263,5051.251516342163
1896554,1041,352.78000000001464,1616,24,3,False,0,pistol,,,,,,,350.96657307724115,5055.856187105179
1897568,1042,205.23152799997723,1014,16,2,False,0,pistol,,,,,,,893.0739092664761,5056.991878271103
1899148,1043,358.0600000000131,1580,25,3,False,0,pistol,,,,,,,339.4195459962888,5061.647084236145
1900846,1044,401.51000000001625,1698,28,3,False,0,pistol,,,,,,,362.001596848755,5066.337879180908
1902749,1045,654.5156937946953,1903,31,4,False,0,pistol,,,,,,,385.8757741496374,5071.269797086716
1903828,1046,220.59265478132318,1079,17,2,False,0,pistol,,,,,,,885.6384326797777,5072.488341093063
1906534,1047,923.764006805622,2706,48,5,False,0,pistol,,,,,,,441.40441205810407,5078.619012355804
1908177,1048,375.2600000000152,1643,25,3,False,0,pistol,,,,,,,309.6959186555165,5083.924512386322
1910086,1049,584.4428648152159,1909,32,3,True,20,pistol,,,,,,,348.1132469286886,5089.4085104465485
1912029,1050,749.0139947521325,1943,35,4,True,81,pistol,,,,,,,372.70766710494723,5094.621891260147
1914635,1051,916.2192637051004,2606,46,5,False,0,pistol,,,,,,,413.7947254362723,5100.919884681702
1916679,1052,524.8036728439203,2044,35,4,False,0,pistol,,,,,,,385.15814627546376,5106.227095842361
1919240,1053,1287.5027673179516,2561,47,5,False,0,pistol,,,,,,,289.2494146944649,5115.081304073334
1921248,1054,521.2143590360204,2008,35,4,False,0,pistol,,,,,,,392.62646759493236,5120.1958248615265
1922911,1055,369.22000000001526,1663,25,3,False,0,pistol,,,,,,,903.9021880382817,5122.035854578018
1923782,1056,158.00000000000352,871,13,2,False,0,pistol,,,,,,,222.26234307360394,5125.954829692841
1925780,1057,523.1953378248896,1998,35,3,False,0,pistol,,,,,,,388.8068947854844,5131.093868970871
1929095,1058,1192.4638592791775,3315,66,7,True,46,pistol,,,,,,,502.86662143654075,5137.686346292496
1930598,1059,360.96299419168685,1503,24,3,False,0,pistol,,,,,,,330.09927643041306,5142.239782333374
1932757,1060,519.1707991376229,2159,34,4,False,0,pistol,,,,,,,389.38268170069136,5147.78466963768
1934906,1061,511.72000000002225,2149,34,4,False,0,pistol,,,,,,,387.23173025564,5153.334495782852
1936667,1062,413.9600000000173,1761,29,2,False,0,pistol,,,,,,,356.56325623131414,5158.273511171341
1938795,1063,533.9561866714532,2128,35,4,False,0,pistol,,,,,,,398.1300849802656,5163.61870765686
1940540,1064,593.058882698199,1745,28,3,False,0,pistol,,,,,,,339.2321958218007,5168.762839794159
1942020,1065,316.7372524983546,1480,21,3,False,0,pistol,,,,,,,314.2368054805724,5173.472906589508
1944947,1066,992.3416803086448,2927,53,6,False,0,pistol,,,,,,,469.0947442991039,5179.712781190872
1947275,1067,768.0993974798421,2328,39,4,False,0,pistol,,,,,,,426.0668858975938,5185.176920890808
1949521,1068,619.6151027217825,2246,41,5,False,0,pistol,,,,,,,410.1983081226121,5190.652537107468
1950986,1069,353.5543868265279,1465,25,3,False,0,pistol,,,,,,,320.3396572814655,5195.226019144058
1953030,1070,509.26000000002176,2044,32,4,False,0,pistol,,,,,,,392.40182380881936,5200.435261011124
1955152,1071,572.8878065715787,2122,37,4,False,0,pistol,,,,,,,396.02815919238014,5205.793718338013
1957974,1072,1241.1608904772233,2822,53,6,False,0,pistol,,,,,,,314.9949261292567,5214.752820968628
1959266,1073,287.437294694148,1292,20,2,True,50,machinegun,,,,,,,886.1484813272472,5216.210996866226
1961480,1074,600.439371310215,2214,37,4,False,0,pistol,,,,,,,406.443626593845,5221.658382892609
1963343,1075,447.8850643752699,1863,31,4,False,0,pistol,,,,,,,345.2197683189305,5227.055117607117
1965092,1076,405.8300000000165,1749,28,3,False,0,pistol,,,,,,,305.23590589039276,5232.785341024399
1966302,1077,255.31000000000847,1210,19,2,False,0,pistol,,,,,,,214.22887853670645,5238.433689832687
1968167,1078,577.0475411744238,1865,32,3,True,19,pistol,,,,,,,282.03404457747536,5245.0465450286865
1969922,1079,448.26698997583844,1755,31,3,False,0,pistol,,,,,,,647.5664865985208,5247.756899356842
1973019,1080,1028.605386725367,3097,55,6,False,0,pistol,,,,,,,249.19056624933475,5260.1853704452515
1975405,1081,632.3300000000258,2386,43,5,True,50,pistol,,,,,,,320.118186823059,5267.639089584351
1977633,1082,609.3564088208655,2228,37,4,True,29,pistol,,,,,,,318.1106241877803,5274.643201589584
1979753,1083,567.3013606621712,2120,38,4,False,0,pistol,,,,,,,351.76589124415534,5280.670152664185
1982194,1084,590.2502340142282,2441,39,4,False,0,pistol,,,,,,,424.77330336744876,5286.417021512985
1984432,1085,595.9781478566683,2238,40,5,False,0,pistol,,,,,,,388.2797625545248,5292.1811854839325
1987586,1086,1094.8542634152725,3154,58,6,False,0,pistol,,,,,,,318.2170715427493,5302.09287071228
1990531,1087,1071.1922447320046,2945,57,6,False,0,pistol,,,,,,,411.80671801465843,5309.244435548782
1992316,1088,460.1413626912201,1785,31,4,False,0,pistol,,,,,,,316.90972962978765,5314.87714266777
1994722,1089,628.0308754137249,2406,41,4,False,0,pistol,,,,,,,400.2961444698655,5320.888029098511
1998381,1090,1567.4429987171575,3659,81,9,True,120,pistol,,,,,,,356.79455515198134,5331.143482923508
2000239,1091,487.98895636828024,1858,33,3,False,0,pistol,,,,,,,374.41830674310876,5336.106109380722
