timestep,episode,episode_reward,episode_length,zombies_killed,wave,has_machinegun,mg_ammo,weapon,policy_loss,value_loss,entropy_loss,total_loss,clip_fraction,approx_kl,fps,elapsed_time
835,1,-352.0500000000003,835,14,2,False,0,pistol,,,,,,,180.48100559364556,4.626528024673462
3193,2,-986.9499999999998,2358,43,5,False,0,pistol,,,,,,,97.9280523692461,28.72389006614685
5241,3,-689.8500000000031,2048,36,4,True,45,machinegun,,,,,,,98.31339839845225,49.556448221206665
5784,4,-366.5999999999998,543,8,1,False,0,pistol,,,,,,,129.832982685607,53.73934292793274
6977,5,-448.70000000000147,1193,19,2,False,0,pistol,,,,,,,70.41482653022956,70.68264985084534
9044,6,-981.8999999999996,2067,34,4,False,0,pistol,,,,,,,93.88520396383737,92.69955515861511
9580,7,-373.19999999999993,536,8,1,False,0,pistol,,,,,,,187.9158563116083,95.55237603187561
10947,8,-257.65000000000106,1367,22,3,True,41,machinegun,,,,,,,89.32769582639234,110.85619974136353
11723,9,-181.94999999999993,776,11,2,True,49,machinegun,,,,,,,179.96847513209363,115.19730472564697
12680,10,-309.9500000000013,957,15,2,False,0,pistol,,,,,,,80.78159680844634,127.07067275047302
13969,11,-173.80000000000047,1289,20,3,False,0,pistol,,,,,,,222.07020233334697,132.87563228607178
15083,12,-224.94999999999953,1114,16,1,True,46,machinegun,,,,,,,103.43707881911055,143.6733114719391
16188,13,-488.750000000002,1105,15,1,False,0,pistol,,,,,,,237.7353316200257,148.32180881500244
16968,14,-259.54999999999984,780,11,2,False,0,pistol,,,,,,,95.10686056906138,156.5235035419464
17961,15,-313.00000000000153,993,14,2,False,0,pistol,,,,,,,251.62498901202602,160.4704658985138
18920,16,-256.44999999999953,959,15,2,False,0,pistol,,,,,,,102.29796413106672,169.84550070762634
19956,17,-331.45,1036,16,2,False,0,pistol,,,,,,,239.95995147896278,174.16336870193481
21478,18,-109.70000000000206,1522,24,3,False,0,pistol,,,,,,,116.59105318051128,187.21799278259277
22527,19,-390.0500000000014,1049,14,2,False,0,pistol,,,,,,,264.079344116042,191.2108817100525
24033,20,-98.55000000000132,1506,24,3,False,0,pistol,,,,,,,122.6605749950429,203.48918747901917
24762,21,-351.5500000000006,729,9,1,False,0,pistol,,,,,,,89.75536162223128,211.63240385055542
27084,22,-785.4499999999996,2322,40,5,False,0,pistol,,,,,,,135.22529880626615,228.8042516708374
27950,23,-464.3000000000002,866,13,2,False,0,pistol,,,,,,,230.71462687894407,232.55833745002747
29321,24,-516.5999999999977,1371,20,3,False,0,pistol,,,,,,,81.73388201894781,249.33271622657776
30688,25,-375.6000000000021,1367,23,3,False,0,pistol,,,,,,,201.7031225951816,256.1104733943939
32135,26,-389.60000000000025,1447,22,3,False,0,pistol,,,,,,,106.97683173713622,269.6373362541199
34245,27,-551.2000000000021,2110,38,4,False,0,pistol,,,,,,,147.11388450455348,283.9805061817169
36403,28,-481.3000000000038,2158,35,3,False,0,pistol,,,,,,,128.68988236927996,300.7500636577606
37656,29,-418.90000000000066,1253,20,2,False,0,pistol,,,,,,,101.35987536244295,313.1124122142792
40285,30,-694.7000000000032,2629,48,5,False,0,pistol,,,,,,,145.90775860892907,331.1312675476074
43363,31,-951.6000000000004,3078,59,6,True,29,machinegun,,,,,,,103.80549021222282,360.7834303379059
44864,32,-310.09999999999974,1501,26,3,False,0,pistol,,,,,,,210.42106383716168,367.91754722595215
45913,33,-266.70000000000067,1049,16,2,False,0,pistol,,,,,,,116.10583415189005,376.95283484458923
48633,34,-216.9500000000005,2720,46,5,False,0,pistol,,,,,,,148.1954688286864,395.3073887825012
49622,35,-518.4000000000015,989,14,2,False,0,pistol,,,,,,,93.90436763178579,405.84002351760864
51537,36,-141.55000000000047,1915,32,4,False,0,pistol,,,,,,,125.79317796592385,421.0639247894287
53236,37,-404.0500000000003,1699,27,2,False,0,pistol,,,,,,,211.34403557256982,429.10360383987427
56414,38,-925.1999999999977,3178,59,6,False,0,pistol,,,,,,,126.56539526987655,454.21369647979736
57818,39,-296.40000000000134,1404,24,3,False,0,pistol,,,,,,,113.58741585974916,466.5747721195221
59355,40,-380.65000000000117,1537,26,2,False,0,pistol,,,,,,,196.1956118544826,474.40936517715454
60967,41,9.699999999998035,1612,28,3,False,0,pistol,,,,,,,88.45377592164135,492.6340711116791
63314,42,-288.6500000000008,2347,41,5,True,49,machinegun,,,,,,,158.06681956365765,507.51547479629517
65523,43,-280.75000000000216,2209,36,4,False,0,pistol,,,,,,,159.25333914527053,521.3869385719299
68936,44,-858.4499999999917,3413,70,7,False,0,pistol,,,,,,,124.25987793606045,548.8539879322052
70593,45,-118.8500000000007,1657,28,2,True,92,machinegun,,,,,,,112.81376892652125,563.5425584316254
73087,46,-610.3499999999991,2494,45,5,False,0,pistol,,,,,,,141.49321613058189,581.1693255901337
75408,47,-128.60000000000292,2321,38,2,False,0,pistol,,,,,,,145.7161580099337,597.0983054637909
77375,48,-504.4500000000012,1967,33,4,True,37,machinegun,,,,,,,129.08244180816203,612.3372375965118
79547,49,-161.55000000000166,2172,38,4,False,0,pistol,,,,,,,131.2764792086154,628.8828835487366
80840,50,-279.8000000000016,1293,21,3,False,0,pistol,,,,,,,107.2355758484709,640.941077709198
82580,51,-385.10000000000036,1740,27,3,False,0,pistol,,,,,,,129.98156485637693,654.3281469345093
83954,52,-437.9000000000001,1374,22,3,True,30,machinegun,,,,,,,223.433608918217,660.4780614376068
85056,53,-458.90000000000146,1102,16,2,False,0,pistol,,,,,,,105.11415436764864,670.9623470306396
87080,54,-633.0999999999954,2024,32,4,False,0,pistol,,,,,,,121.44587495995268,687.6286578178406
88392,55,-210.14999999999972,1312,20,3,False,0,pistol,,,,,,,110.60110617047413,699.4917187690735
89417,56,-159.50000000000045,1025,16,2,False,0,pistol,,,,,,,241.51175394478244,703.7362864017487
90761,57,-319.3499999999999,1344,19,2,False,0,pistol,,,,,,,116.39423212304675,715.2836458683014
91511,58,-147.2499999999998,750,11,2,False,0,pistol,,,,,,,234.92579145882038,718.4767303466797
92531,59,-126.30000000000058,1020,15,2,False,0,pistol,,,,,,,109.46971750007555,727.794896364212
93683,60,-347.1499999999999,1152,17,1,False,0,pistol,,,,,,,237.7802338070151,732.6401600837708
94612,61,-246.15000000000038,929,13,2,False,0,pistol,,,,,,,95.54110786743097,742.3641407489777
95703,62,-319.1999999999998,1091,16,2,True,34,machinegun,,,,,,,225.6169226632958,747.2001988887787
96166,63,-186.19999999999993,463,4,1,False,0,pistol,,,,,,,233.62747685064602,749.1824398040771
97280,64,-616.3000000000003,1114,17,2,True,33,machinegun,,,,,,,110.50500071613139,759.2639582157135
97832,65,-141.85000000000014,552,8,1,False,0,pistol,,,,,,,241.08114540355908,761.5540699958801
98756,66,-170.14999999999984,924,13,2,False,0,pistol,,,,,,,94.97949832333556,771.2828779220581
99511,67,-227.7500000000006,755,10,2,False,0,pistol,,,,,,,225.3908339718352,774.6330819129944
100629,68,-327.94999999999993,1118,16,2,False,0,pistol,,,,,,,92.66193615534819,786.6989147663116
101654,69,-160.84999999999968,1025,16,2,True,15,machinegun,,,,,,,202.027805481087,791.773090839386
102542,70,-278.2999999999996,888,12,1,False,0,pistol,,,,,,,90.95641953263262,801.5364151000977
103329,71,-85.80000000000084,787,11,2,False,0,pistol,,,,,,,255.74996649056848,804.6141080856323
103781,72,-214.2499999999999,452,7,1,False,0,pistol,,,,,,,254.1111093239486,806.3932688236237
105162,73,-390.10000000000014,1381,22,3,False,0,pistol,,,,,,,87.15579168919918,822.2389850616455
106125,74,-380.55000000000103,963,12,1,False,0,pistol,,,,,,,156.24994809546627,828.4028952121735
107072,75,-446.5500000000006,947,12,2,False,0,pistol,,,,,,,61.567458800394874,843.7849411964417
108353,76,-727.8999999999997,1281,19,2,True,3,machinegun,,,,,,,187.6988370602627,850.6104671955109
109223,77,-267.4999999999996,870,12,2,False,0,pistol,,,,,,,80.42455005172653,861.4286246299744
109697,78,-167.1999999999997,474,5,1,False,0,pistol,,,,,,,220.61703255291212,863.5776126384735
110013,79,-214.19999999999987,316,4,1,False,0,pistol,,,,,,,221.10342581841962,865.0072717666626
111549,80,-245.55000000000098,1536,25,3,True,12,machinegun,,,,,,,104.99168312866223,879.6374580860138
112723,81,-542.1000000000007,1174,17,2,False,0,pistol,,,,,,,64.3900649192322,897.8757784366608
114104,82,-561.2000000000006,1381,21,1,True,97,machinegun,,,,,,,150.29029689704228,907.065248966217
114502,83,-287.3999999999996,398,5,1,False,0,pistol,,,,,,,136.38552033197246,909.9841198921204
115773,84,-337.4500000000001,1271,20,2,True,50,machinegun,,,,,,,51.23717734935473,934.7923336029053
116424,85,-307.5499999999997,651,9,1,False,0,pistol,,,,,,,129.08811300370516,939.8360452651978
117555,86,-674.8000000000001,1131,16,1,False,0,pistol,,,,,,,58.91430963037332,959.0352993011475
118600,87,-176.39999999999995,1045,15,2,False,0,pistol,,,,,,,128.49193271164984,967.1724236011505
120598,88,-649.6999999999994,1998,30,4,False,0,pistol,,,,,,,105.41620962241896,986.1270954608917
122089,89,-554.9000000000021,1491,23,3,False,0,pistol,,,,,,,96.33224330880485,1001.60546875
124822,90,-940.4499999999986,2733,50,6,False,0,pistol,,,,,,,134.72202947796063,1021.8922052383423
126764,91,-808.3499999999971,1942,34,3,True,49,machinegun,,,,,,,124.94520345779348,1037.4354665279388
127533,92,-554.9999999999991,769,12,1,False,0,pistol,,,,,,,82.89536291518489,1046.7126805782318
129748,93,-684.649999999992,2215,40,5,True,93,machinegun,,,,,,,129.26539572905276,1063.8485786914825
131259,94,-612.6999999999955,1511,24,3,False,0,pistol,,,,,,,111.85153154921223,1077.3581357002258
132439,95,-552.8499999999964,1180,18,2,True,21,machinegun,,,,,,,214.35400226494758,1082.8636074066162
133162,96,-162.8500000000003,723,8,1,False,0,pistol,,,,,,,75.26591718654238,1092.470060825348
133932,97,-194.64999999999975,770,10,2,False,0,pistol,,,,,,,188.29309462456342,1096.5599036216736
134573,98,-370.09999999999997,641,9,1,False,0,pistol,,,,,,,192.84381785230045,1099.8844323158264
135794,99,-402.5500000000011,1221,20,3,False,0,pistol,,,,,,,105.42615435700432,1111.4665758609772
136963,100,-316.0499999999994,1169,18,2,False,0,pistol,,,,,,,210.12723992479008,1117.030442237854
139096,101,-617.299999999996,2133,34,2,False,0,pistol,,,,,,,126.35870693501498,1133.911537885666
140731,102,-847.6000000000004,1635,28,3,True,50,machinegun,,,,,,,115.66074901190551,1148.0483000278473
141802,103,-468.84999999999985,1071,18,1,True,14,machinegun,,,,,,,111.39374776030253,1157.6634123325348
144542,104,-786.1500000000049,2740,49,5,False,0,pistol,,,,,,,139.55311960926656,1177.2979681491852
146358,105,-465.59999999999496,1816,29,3,False,0,pistol,,,,,,,97.83081799643271,1195.861666917801
147605,106,-450.30000000000126,1247,19,2,True,42,machinegun,,,,,,,107.14069123288435,1207.5010998249054
148534,107,-484.45000000000033,929,14,1,False,0,pistol,,,,,,,216.40060433202362,1211.7945744991302
149782,108,-626.2999999999964,1248,20,2,False,0,pistol,,,,,,,89.14206774106664,1225.7951712608337
152154,109,-264.8500000000042,2372,41,5,True,50,pistol,,,,,,,128.17192941614647,1244.3025479316711
154746,110,-645.4499999999903,2592,43,5,False,0,pistol,,,,,,,145.21876476805875,1262.1520051956177
156601,111,-105.75000000000253,1855,28,3,False,0,pistol,,,,,,,115.63211474037156,1278.194836616516
157659,112,-376.4500000000009,1058,16,2,True,40,machinegun,,,,,,,199.7793946246796,1283.4912571907043
158090,113,-224.19999999999987,431,5,1,False,0,pistol,,,,,,,56.3841726018235,1291.1357131004333
158452,114,-299.5999999999998,362,4,1,False,0,pistol,,,,,,,234.17348885694955,1292.6821682453156
159198,115,-529.0500000000009,746,8,1,False,0,pistol,,,,,,,141.16410397980306,1297.967185497284
159933,116,-555.2000000000002,735,11,1,False,0,pistol,,,,,,,77.95446632412333,1307.3962507247925
160641,117,-252.90000000000083,708,10,2,False,0,pistol,,,,,,,204.97295667572382,1310.8508172035217
161591,118,-403.1500000000007,950,13,2,False,0,pistol,,,,,,,185.70010127642033,1315.9671640396118
162019,119,-130.34999999999985,428,7,1,True,36,machinegun,,,,,,,55.571477411537884,1323.6693766117096
162721,120,-441.10000000000116,702,9,1,False,0,pistol,,,,,,,276.917077369432,1326.2048799991608
163682,121,-247.44999999999982,961,12,2,False,0,pistol,,,,,,,287.9797298793804,1329.5422897338867
165061,122,-305.0999999999998,1379,21,3,False,0,pistol,,,,,,,107.9044230132241,1342.3226609230042
166468,123,-630.6500000000004,1407,20,3,False,0,pistol,,,,,,,109.52724179823846,1355.169265985489
167264,124,-291.7500000000003,796,11,2,False,0,pistol,,,,,,,199.93095338400076,1359.1512184143066
168206,125,-228.10000000000096,942,14,1,False,0,pistol,,,,,,,85.99186747312451,1370.106369972229
169380,126,-441.7000000000011,1174,19,2,True,80,machinegun,,,,,,,189.88676028722838,1376.2895152568817
171028,127,-632.1500000000017,1648,26,2,False,0,pistol,,,,,,,127.50066611142624,1389.2154581546783
172200,128,-513.9000000000007,1172,16,2,False,0,pistol,,,,,,,87.65973589258006,1402.5858268737793
173679,129,-358.25000000000006,1479,22,3,False,0,pistol,,,,,,,246.44241867773434,1408.5876688957214
174127,130,-232.94999999999996,448,5,1,False,0,pistol,,,,,,,56.447436993103224,1416.524668455124
175579,131,-571.2000000000014,1452,21,3,True,49,machinegun,,,,,,,228.90028334546778,1422.8684813976288
176640,132,-273.64999999999964,1061,15,2,False,0,pistol,,,,,,,92.89379811051059,1434.2907707691193
178419,133,-368.75000000000006,1779,27,3,False,0,pistol,,,,,,,112.12336585331623,1450.1577110290527
179811,134,-335.4999999999996,1392,21,3,False,0,pistol,,,,,,,199.9054709006593,1457.1216311454773
181526,135,-589.5499999999961,1715,26,3,False,0,pistol,,,,,,,135.44757109530704,1469.783863067627
182396,136,-179.99999999999966,870,13,2,False,0,pistol,,,,,,,86.80759664976719,1479.8066256046295
183658,137,-423.00000000000125,1262,18,2,False,0,pistol,,,,,,,269.7625887529552,1484.485357761383
184524,138,-333.00000000000034,866,13,2,False,0,pistol,,,,,,,87.0414386929485,1494.4350464344025
185365,139,-281.4999999999999,841,11,2,False,0,pistol,,,,,,,211.99730944334422,1498.402559518814
186086,140,-461.69999999999993,721,11,2,False,0,pistol,,,,,,,249.26070465082734,1501.2956504821777
187964,141,-765.9999999999987,1878,29,3,False,0,pistol,,,,,,,136.0703882120305,1515.0978751182556
188502,142,-312.0499999999997,538,8,1,False,0,pistol,,,,,,,60.05334995408579,1524.0570666790009
188877,143,-209.09999999999988,375,5,1,False,0,pistol,,,,,,,230.90426876586045,1525.681585073471
190153,144,-348.2500000000008,1276,19,2,False,0,pistol,,,,,,,235.5342068718155,1531.0996816158295
192067,145,-882.7999999999977,1914,32,4,False,0,pistol,,,,,,,136.50076244501346,1545.1220014095306
193169,146,-227.89999999999992,1102,17,2,False,0,pistol,,,,,,,98.87891172598665,1556.2674832344055
194290,147,-516.45,1121,18,2,False,0,pistol,,,,,,,212.99722888840014,1561.5310082435608
194986,148,-329.8999999999997,696,9,1,False,0,pistol,,,,,,,78.33853863749334,1570.4159281253815
196824,149,-577.1999999999977,1838,29,3,False,0,pistol,,,,,,,138.3043168657648,1583.705914258957
198434,150,-205.25000000000074,1610,25,3,False,0,pistol,,,,,,,237.30855431617988,1590.4909536838531
199747,151,-661.1999999999983,1313,20,3,True,92,machinegun,,,,,,,101.70920248201932,1603.400722503662
200580,152,-316.99999999999966,833,11,2,False,0,pistol,,,,,,,219.4180616053979,1607.197604417801
202979,153,-1056.6500000000017,2399,40,5,False,0,pistol,,,,,,,103.98353473559855,1630.2691073417664
203825,154,-447.6000000000005,846,13,2,False,0,pistol,,,,,,,225.85915019248478,1634.0153868198395
204097,155,-155.19999999999985,272,3,1,False,0,pistol,,,,,,,239.72507814673514,1635.150527715683
204747,156,-201.35000000000022,650,11,1,True,61,machinegun,,,,,,,222.592174412222,1638.0753195285797
205090,157,-207.54999999999995,343,2,1,False,0,pistol,,,,,,,47.46034526373129,1645.3028905391693
205821,158,-141.74999999999977,731,10,2,False,0,pistol,,,,,,,217.7168295890292,1648.661045074463
206676,159,-230.5999999999996,855,12,2,False,0,pistol,,,,,,,218.77226961235152,1652.5702126026154
207349,160,-185.1999999999997,673,9,1,False,0,pistol,,,,,,,76.3260783403397,1661.3881573677063
208276,161,-225.10000000000053,927,14,2,False,0,pistol,,,,,,,250.83182624909014,1665.0843040943146
208852,162,-343.1500000000008,576,7,1,False,0,pistol,,,,,,,244.32987093368286,1667.4423172473907
209220,163,-224.49999999999983,368,3,1,False,0,pistol,,,,,,,51.1815844114184,1674.632788181305
210262,164,-426.85000000000053,1042,16,1,True,41,machinegun,,,,,,,184.57579903530757,1680.278629541397
210571,165,-208.49999999999997,309,2,1,False,0,pistol,,,,,,,172.53283793795,1682.070235490799
210957,166,-279.2999999999997,386,4,1,False,0,pistol,,,,,,,40.24920537096486,1691.6612124443054
211750,167,-641.0000000000001,793,11,2,False,0,pistol,,,,,,,161.856932070206,1696.5610973834991
212223,168,-473.0000000000005,473,6,1,False,0,pistol,,,,,,,170.55831114494165,1699.3348450660706
212452,169,-109.09999999999991,229,2,1,False,0,pistol,,,,,,,149.7662071008685,1700.8643798828125
213627,170,-223.6499999999995,1175,20,3,True,78,machinegun,,,,,,,63.30245698411469,1719.4267644882202
214566,171,-352.8000000000008,939,14,2,True,32,machinegun,,,,,,,135.73292724270453,1726.3453707695007
215263,172,-527.7999999999992,697,10,1,True,43,machinegun,,,,,,,47.02341614789542,1741.168447971344
216851,173,-744.6999999999961,1588,22,2,True,74,machinegun,,,,,,,133.81312833315857,1753.036551475525
217246,174,-227.19999999999973,395,5,1,False,0,pistol,,,,,,,31.121665729525905,1765.7293496131897
218666,175,-808.65,1420,22,2,False,0,pistol,,,,,,,142.75436503829522,1775.6770551204681
219171,176,-182.84999999999974,505,7,1,False,0,pistol,,,,,,,36.388046574395766,1789.5560212135315
220156,177,-500.5000000000008,985,14,1,False,0,pistol,,,,,,,152.12834931592147,1796.0318658351898
220573,178,-274.94999999999993,417,6,1,False,0,pistol,,,,,,,144.3642662478484,1798.9210884571075
221916,179,-386.15000000000134,1343,19,2,False,0,pistol,,,,,,,67.78437715998425,1818.7343304157257
223048,180,-806.7000000000014,1132,16,1,False,0,pistol,,,,,,,133.10417191311618,1827.2399468421936
225641,181,-728.2500000000022,2593,48,5,False,0,pistol,,,,,,,96.33220880819272,1854.1579685211182
226630,182,-172.2999999999999,989,15,2,True,8,machinegun,,,,,,,218.0930722637714,1858.6932475566864
228690,183,-701.4999999999999,2060,36,4,False,0,pistol,,,,,,,96.66014409793448,1880.0055940151215
229707,184,-206.19999999999982,1017,16,1,False,0,pistol,,,,,,,84.23486535171423,1892.079540014267
230941,185,-127.45000000000087,1234,19,2,False,0,pistol,,,,,,,208.181121079166,1898.0076203346252
232737,186,-565.6000000000017,1796,30,4,False,0,pistol,,,,,,,111.05323427948815,1914.1805231571198
234578,187,-454.2500000000028,1841,31,4,False,0,pistol,,,,,,,129.2095809260979,1928.4293138980865
235328,188,-428.10000000000065,750,12,1,False,0,pistol,,,,,,,232.00224853660373,1931.6625635623932
238077,189,-378.7000000000012,2749,46,5,False,0,pistol,,,,,,,119.82835237001044,1954.6042256355286
239052,190,-8.200000000001427,975,16,2,True,4,machinegun,,,,,,,245.97503598849306,1958.5684719085693
240717,191,-425.5499999999979,1665,28,2,False,0,pistol,,,,,,,132.78044168298777,1971.1084818840027
241391,192,-222.54999999999978,674,10,2,False,0,pistol,,,,,,,256.65432487584957,1973.735054731369
243194,193,-364.9999999999944,1803,29,3,False,0,pistol,,,,,,,132.3395822644211,1987.3595037460327
244590,194,-272.45000000000124,1396,22,3,False,0,pistol,,,,,,,98.51914729683762,2001.529762506485
246163,195,-434.49999999999886,1573,26,3,False,0,pistol,,,,,,,117.17920787899271,2014.954252243042
247161,196,-174.04999999999998,998,17,2,False,0,pistol,,,,,,,240.10249199417524,2019.1113731861115
249427,197,-654.8500000000001,2266,41,5,False,0,pistol,,,,,,,107.47070562543638,2040.196778535843
250916,198,-425.65000000000083,1489,22,3,False,0,pistol,,,,,,,105.38394645492993,2054.326910495758
253728,199,-876.1999999999869,2812,49,5,False,0,pistol,,,,,,,140.9620587011307,2074.276072025299
256892,200,-365.25000000000097,3164,59,6,False,0,pistol,,,,,,,132.40889196816028,2098.17227768898
259354,201,-509.79999999999814,2462,42,4,False,0,pistol,,,,,,,185.17379104894707,2111.4683496952057
260034,202,-113.85000000000053,680,9,1,False,0,pistol,,,,,,,292.8398619072926,2113.790926218033
260452,203,-99.94999999999993,418,5,1,False,0,pistol,,,,,,,64.800126641991,2120.2418739795685
260841,204,-258.0999999999997,389,4,1,False,0,pistol,,,,,,,279.7936572175662,2121.6326055526733
261801,205,-127.85000000000002,960,13,1,True,3,machinegun,,,,,,,268.6698614984954,2125.206182718277
262432,206,-245.75000000000034,631,6,1,False,0,pistol,,,,,,,73.48181435990195,2133.793760538101
262866,207,-228.99999999999963,434,5,1,False,0,pistol,,,,,,,148.67351868219933,2136.7136137485504
265024,208,-694.0999999999949,2158,36,4,True,50,pistol,,,,,,,108.94793485450577,2156.5217661857605
265593,209,-319.1999999999996,569,7,1,False,0,pistol,,,,,,,172.33875538892823,2159.823958873749
266666,210,-433.2499999999997,1073,16,2,False,0,pistol,,,,,,,94.34105606500023,2171.198195695877
267267,211,-256.0999999999997,601,8,1,False,0,pistol,,,,,,,264.6976329777152,2173.4692018032074
267814,212,-328.1999999999997,547,7,1,False,0,pistol,,,,,,,257.8538504981391,2175.5909581184387
268795,213,-284.6499999999996,981,15,2,False,0,pistol,,,,,,,99.16785923941953,2185.4837279319763
269766,214,-273.15000000000026,971,15,1,False,0,pistol,,,,,,,200.09692611809615,2190.3368277549744
270807,215,-345.7000000000017,1041,15,2,False,0,pistol,,,,,,,94.10034220790857,2201.400144338608
271954,216,-10.200000000000301,1147,17,2,False,0,pistol,,,,,,,281.77536919834006,2205.471245288849
272717,217,-123.44999999999968,763,11,2,False,0,pistol,,,,,,,99.42500100504486,2213.145810842514
273806,218,-407.050000000001,1089,16,2,False,0,pistol,,,,,,,287.9193048833291,2216.928641319275
274760,219,-410.99999999999886,954,14,2,False,0,pistol,,,,,,,112.07910397129604,2225.440944671631
275551,220,-206.7500000000011,791,11,2,False,0,pistol,,,,,,,293.3245166374877,2228.1380836963654
276720,221,-438.00000000000165,1169,18,2,False,0,pistol,,,,,,,128.74998804573895,2237.218079805374
277572,222,-230.2000000000001,852,13,2,False,0,pistol,,,,,,,279.0623167201226,2240.2715549468994
278064,223,-264.6499999999997,492,6,1,False,0,pistol,,,,,,,284.9506980582291,2241.998625278473
280706,224,-872.7499999999957,2642,47,5,True,22,machinegun,,,,,,,100.85013366018869,2268.1964597702026
282479,225,-389.900000000003,1773,28,3,False,0,pistol,,,,,,,249.76870383276432,2275.2955136299133
284024,226,-341.700000000001,1545,25,3,True,47,machinegun,,,,,,,132.8534181557135,2286.9254071712494
285489,227,-735.6999999999982,1465,21,3,False,0,pistol,,,,,,,126.64601358644775,2298.4935562610626
286171,228,-193.6999999999996,682,11,2,False,0,pistol,,,,,,,251.5195133429046,2301.2056674957275
286977,229,-457.750000000001,806,12,2,False,0,pistol,,,,,,,88.37535274823583,2310.326341152191
287847,230,-158.50000000000074,870,13,2,False,0,pistol,,,,,,,217.35225885153156,2314.3295192718506
288576,231,-354.64999999999986,729,11,2,True,43,machinegun,,,,,,,212.274476009352,2317.7642312049866
289036,232,-118.79999999999993,460,6,1,False,0,pistol,,,,,,,61.18467051437933,2325.282862186432
289715,233,-415.30000000000064,679,9,1,False,0,pistol,,,,,,,222.9191371384425,2328.329269886017
290282,234,-100.39999999999992,567,9,1,False,0,pistol,,,,,,,225.8906218699459,2330.839884996414
291119,235,-308.60000000000014,837,11,2,False,0,pistol,,,,,,,102.28794831490714,2339.0230638980865
291850,236,-471.7000000000009,731,9,1,False,0,pistol,,,,,,,292.779930163358,2341.5202560424805
292573,237,-151.3499999999998,723,10,2,False,0,pistol,,,,,,,282.5443466380142,2344.079527616501
293378,238,-204.69999999999956,805,11,1,True,83,machinegun,,,,,,,93.3983788630465,2352.698995113373
294408,239,-267.60000000000025,1030,16,2,True,19,machinegun,,,,,,,248.48214127028325,2356.8446946144104
295783,240,-397.3500000000019,1375,21,3,False,0,pistol,,,,,,,124.43596301276258,2367.8951523303986
296487,241,-104.49999999999986,704,11,2,False,0,pistol,,,,,,,215.7184388530619,2371.1591670513153
296816,242,-221.94999999999987,329,4,1,False,0,pistol,,,,,,,232.298106298579,2372.5758979320526
297611,243,-248.55000000000072,795,10,2,False,0,pistol,,,,,,,90.795659372419,2381.3322265148163
298273,244,-250.34999999999985,662,10,2,True,42,machinegun,,,,,,,239.90839649806207,2384.0920882225037
299010,245,-216.64999999999984,737,8,1,False,0,pistol,,,,,,,91.29840014072798,2392.1649811267853
300162,246,-121.05000000000138,1152,17,2,True,23,machinegun,,,,,,,228.8590727022753,2397.199059009552
300913,247,-235.59999999999968,751,9,1,False,0,pistol,,,,,,,239.91727021946954,2400.329707145691
302393,248,-430.4000000000017,1480,23,3,True,3,machinegun,,,,,,,120.89172235510587,2412.57257771492
303227,249,-330.50000000000034,834,13,2,True,32,machinegun,,,,,,,95.65543006556351,2421.2918870449066
303742,250,-308.14999999999964,515,7,1,False,0,pistol,,,,,,,221.22042317753272,2423.6203162670135
305058,251,-316.9000000000019,1316,19,1,True,39,machinegun,,,,,,,222.32082453870387,2429.5403418540955
306521,252,-411.1500000000029,1463,22,3,True,31,machinegun,,,,,,,123.3231538943552,2441.404055118561
308021,253,-317.20000000000056,1500,23,3,False,0,pistol,,,,,,,123.41511056415627,2453.558611869812
309342,254,-196.9000000000007,1321,22,2,True,51,machinegun,,,,,,,127.9647854287591,2463.882314682007
310431,255,-175.14999999999964,1089,15,2,False,0,pistol,,,,,,,270.39993511723446,2467.910195827484
311157,256,-208.7499999999996,726,12,2,True,40,machinegun,,,,,,,235.6915588300721,2470.990948200226
311939,257,-182.2000000000001,782,13,1,False,0,pistol,,,,,,,90.13888537961287,2479.66682100296
312787,258,-235.84999999999968,848,11,2,True,50,machinegun,,,,,,,243.9870009690142,2483.1428849697113
313544,259,-112.05000000000112,757,9,1,False,0,pistol,,,,,,,90.20414258768245,2491.53545999527
314115,260,-322.09999999999985,571,8,1,False,0,pistol,,,,,,,247.58801445159966,2493.842232465744
315396,261,-269.4000000000003,1281,19,2,False,0,pistol,,,,,,,107.58112838113261,2505.7499532699585
316560,262,-434.50000000000034,1164,18,1,True,25,machinegun,,,,,,,266.41518297617097,2510.119516849518
317207,263,-292.85000000000036,647,10,2,False,0,pistol,,,,,,,294.046703946838,2512.3203110694885
317784,264,-177.89999999999955,577,8,1,False,0,pistol,,,,,,,77.7482329490052,2519.7421152591705
318338,265,-294.4999999999999,554,6,1,False,0,pistol,,,,,,,241.8189834888538,2522.0335669517517
319887,266,-234.25000000000043,1549,26,3,False,0,pistol,,,,,,,103.37748172672799,2537.017916917801
320892,267,-403.0999999999977,1005,16,2,True,27,machinegun,,,,,,,207.90282522211842,2541.8524553775787
321902,268,-410.7500000000009,1010,14,2,False,0,pistol,,,,,,,83.73677153281837,2553.914555311203
322783,269,-216.9999999999997,881,13,2,False,0,pistol,,,,,,,217.87001789099466,2557.9588038921356
323458,270,-304.80000000000075,675,9,1,False,0,pistol,,,,,,,249.3848696954007,2560.6659302711487
324462,271,-482.65000000000214,1004,16,2,False,0,pistol,,,,,,,96.89348622344316,2571.0282731056213
324987,272,-270.05000000000024,525,7,1,False,0,pistol,,,,,,,237.04558521746253,2573.243484020233
326279,273,-526.7000000000022,1292,19,2,False,0,pistol,,,,,,,103.7043327704049,2585.7025089263916
327011,274,-202.79999999999959,732,10,2,False,0,pistol,,,,,,,220.33563338329387,2589.025160551071
327617,275,-158.4500000000002,606,8,1,False,0,pistol,,,,,,,206.20373080754442,2591.964423894882
328418,276,-346.95000000000033,801,13,2,True,12,machinegun,,,,,,,78.26060055791386,2602.200029850006
329407,277,-289.2500000000005,989,12,2,False,0,pistol,,,,,,,156.71324389048797,2608.5116007328033
330180,278,-271.89999999999964,773,11,2,False,0,pistol,,,,,,,62.0541016111114,2620.9692220687866
331621,279,-380.6499999999996,1441,21,3,False,0,pistol,,,,,,,158.8488621002938,2630.0414204597473
332669,280,-453.9500000000011,1048,16,2,False,0,pistol,,,,,,,68.53230615623373,2645.334109067917
333152,281,-213.49999999999972,483,6,1,False,0,pistol,,,,,,,167.93397464140395,2648.210834503174
334243,282,-360.25000000000125,1091,16,1,False,0,pistol,,,,,,,78.49438353429686,2662.1104824543
335226,283,-706.2499999999986,983,16,2,False,0,pistol,,,,,,,174.75655552058728,2667.7360887527466
335805,284,-458.99999999999983,579,8,1,False,0,pistol,,,,,,,152.99497035358723,2671.5211215019226
336301,285,-238.09999999999968,496,5,1,False,0,pistol,,,,,,,45.39509736607051,2682.4479751586914
337202,286,-533.4500000000007,901,13,2,False,0,pistol,,,,,,,152.8665545476639,2688.342561006546
337805,287,-199.4499999999998,603,7,1,False,0,pistol,,,,,,,169.57593045440964,2691.899083375931
338669,288,-348.2000000000003,864,12,2,False,0,pistol,,,,,,,83.53094201255644,2702.243175506592
339191,289,-156.74999999999966,522,6,1,False,0,pistol,,,,,,,252.85552544490838,2704.3081245422363
339891,290,-321.8999999999995,700,11,2,False,0,pistol,,,,,,,216.63471392352312,2707.5397675037384
340315,291,-187.3999999999998,424,6,1,False,0,pistol,,,,,,,59.27614743100348,2714.693244457245
340872,292,-283.8500000000002,557,8,1,False,0,pistol,,,,,,,235.2801402197641,2717.061197757721
341526,293,-251.64999999999964,654,10,1,False,0,pistol,,,,,,,228.18826091180978,2719.9277215003967
342259,294,-146.60000000000028,733,10,2,True,22,machinegun,,,,,,,80.23667938079623,2729.0636126995087
343386,295,-472.7500000000005,1127,16,2,False,0,pistol,,,,,,,238.62991478297437,2733.786886692047
344552,296,-487.10000000000105,1166,17,2,False,0,pistol,,,,,,,115.65505856597625,2743.868992090225
345531,297,-528.4000000000012,979,14,1,True,45,machinegun,,,,,,,280.5129798843661,2747.359495639801
346235,298,-232.54999999999978,704,10,2,False,0,pistol,,,,,,,82.8810460696728,2755.854031562805
347257,299,-465.30000000000143,1022,14,2,False,0,pistol,,,,,,,256.7442224626138,2759.8351781368256
348401,300,-755.9999999999992,1144,16,2,False,0,pistol,,,,,,,107.14951549198136,2770.512276172638
349299,301,-219.10000000000042,898,12,2,False,0,pistol,,,,,,,260.1504666840999,2773.9646501541138
350016,302,-472.80000000000035,717,9,1,True,8,machinegun,,,,,,,283.4987830724042,2776.494209051132
350988,303,-447.3500000000009,972,12,2,False,0,pistol,,,,,,,118.81127186902218,2784.6756637096405
351690,304,-423.4500000000004,702,9,1,False,0,pistol,,,,,,,287.2984753009685,2787.119523048401
352330,305,-380.84999999999957,640,10,1,False,0,pistol,,,,,,,80.81011859516137,2795.0397243499756
352699,306,-234.29999999999978,369,5,1,False,0,pistol,,,,,,,291.6045004027301,2796.305544614792
353438,307,-278.8499999999999,739,11,2,False,0,pistol,,,,,,,283.0195652610607,2798.917187690735
354813,308,-290.9499999999967,1375,20,3,False,0,pistol,,,,,,,137.96511003001055,2808.88382768631
355525,309,-428.5500000000016,712,9,1,False,0,pistol,,,,,,,291.2514818611534,2811.3288793563843
356563,310,-497.4500000000019,1038,15,2,False,0,pistol,,,,,,,120.46930483862859,2819.9455256462097
357471,311,-102.35000000000126,908,10,2,False,0,pistol,,,,,,,290.1098463398087,2823.0758769512177
358092,312,-199.2999999999997,621,10,2,True,42,machinegun,,,,,,,289.5028336049047,2825.221302509308
358840,313,-260.7,748,9,1,False,0,pistol,,,,,,,102.06909085928486,2832.5501334667206
359767,314,-224.45000000000036,927,12,2,False,0,pistol,,,,,,,293.7413125359611,2835.706391096115
360994,315,-458.54999999999893,1227,18,2,True,6,machinegun,,,,,,,131.91961646191496,2845.0078961849213
362095,316,-437.05000000000086,1101,15,2,False,0,pistol,,,,,,,292.3830570963027,2848.7739181518555
362596,317,-182.49999999999983,501,6,1,False,0,pistol,,,,,,,72.97411873790513,2855.639719724655
363682,318,-375.2500000000008,1086,16,2,False,0,pistol,,,,,,,230.5100391491367,2860.351512670517
364269,319,-199.99999999999986,587,8,1,False,0,pistol,,,,,,,245.5649658042168,2862.742345571518
364881,320,-247.29999999999953,612,8,1,False,0,pistol,,,,,,,75.44338131452047,2870.8548855781555
366233,321,-584.850000000002,1352,19,2,False,0,pistol,,,,,,,223.11482977531998,2876.915053844452
366943,322,-269.6999999999999,710,9,1,False,0,pistol,,,,,,,79.57972304242335,2885.8373970985413
368607,323,-475.59999999999815,1664,26,2,True,2,machinegun,,,,,,,218.9857182337569,2893.436564207077
370241,324,-106.75000000000317,1634,24,3,True,39,machinegun,,,,,,,118.99737165459635,2907.1684007644653
371940,325,-429.5999999999997,1699,27,2,False,0,pistol,,,,,,,127.09157771672437,2920.537213563919
373441,326,-297.60000000000025,1501,24,3,False,0,pistol,,,,,,,113.77299721520785,2933.730725288391
375564,327,-946.8499999999962,2123,35,4,True,42,machinegun,,,,,,,149.79866302554188,2947.903536081314
377047,328,-520.7499999999973,1483,23,3,False,0,pistol,,,,,,,116.93406402418844,2960.5863778591156
381363,329,-1452.6500000000217,4316,88,9,False,0,pistol,,,,,,,141.78540618534743,2991.0272085666656
384219,330,-484.1499999999806,2856,46,5,False,0,pistol,,,,,,,161.042942311938,3008.7621672153473
384809,331,-184.04999999999967,590,10,2,True,27,machinegun,,,,,,,255.390200730863,3011.072844028473
387816,332,-323.3000000000043,3007,47,5,False,0,pistol,,,,,,,127.27011995565542,3034.7001373767853
388340,333,-359.09999999999957,524,8,1,False,0,pistol,,,,,,,227.23504353963935,3037.0066125392914
389222,334,-283.54999999999626,882,16,2,True,181,machinegun,,,,,,,93.6277596532516,3046.427325487137
389684,335,-412.7000000000001,462,6,1,False,0,pistol,,,,,,,278.06243491549867,3048.089380264282
392005,336,-539.9500000000033,2321,39,4,True,56,machinegun,,,,,,,143.1190170538832,3064.3070402145386
393279,337,-583.3000000000006,1274,19,2,True,49,machinegun,,,,,,,107.38299259295462,3076.171543121338
393844,338,-389.25000000000045,565,7,1,False,0,pistol,,,,,,,250.46869545264443,3078.4278404712677
394992,339,-334.6499999999998,1148,16,2,True,27,machinegun,,,,,,,237.31972145769933,3083.2656087875366
396921,340,-792.6499999999959,1929,31,4,True,38,machinegun,,,,,,,136.51681093925407,3097.3961703777313
398426,341,-329.35000000000247,1505,24,3,False,0,pistol,,,,,,,118.863685146452,3110.0581743717194
399056,342,-350.9499999999988,630,11,2,True,25,machinegun,,,,,,,251.6208563299167,3112.5624375343323
399869,343,-402.3500000000008,813,10,2,False,0,pistol,,,,,,,92.32127129219191,3121.369087934494
400163,344,-241.49999999999983,294,4,1,False,0,pistol,,,,,,,250.0302369976713,3122.545374393463
400816,345,-348.4500000000003,653,9,1,False,0,pistol,,,,,,,254.43759471571653,3125.112305879593
402059,346,-228.54999999999967,1243,16,2,False,0,pistol,,,,,,,96.39612033303618,3138.007421016693
402655,347,-375.15000000000026,596,8,1,False,0,pistol,,,,,,,203.1399418226876,3140.941861152649
403585,348,-306.6000000000005,930,12,2,False,0,pistol,,,,,,,88.42049400062821,3151.46032166481
404652,349,-607.1499999999992,1067,17,1,True,124,machinegun,,,,,,,234.4812675013249,3156.0112726688385
405820,350,-386.9500000000013,1168,16,2,False,0,pistol,,,,,,,102.67345519002423,3167.3875851631165
406712,351,-214.14999999999998,892,13,2,False,0,pistol,,,,,,,197.6958674995852,3171.900181055069
407381,352,-196.5499999999998,669,9,1,False,0,pistol,,,,,,,214.3105270477941,3175.0222635269165
408366,353,-585.600000000002,985,14,2,True,38,machinegun,,,,,,,96.91468403606942,3185.1862967014313
409055,354,-191.24999999999952,689,9,1,False,0,pistol,,,,,,,251.3883897053323,3187.927693128586
409653,355,-100.20000000000016,598,7,1,False,0,pistol,,,,,,,70.612450704606,3196.3969316482544
410144,356,-194.94999999999976,491,5,1,True,78,machinegun,,,,,,,225.76685558376874,3198.572369813919
411470,357,-647.8500000000021,1326,21,2,False,0,pistol,,,,,,,211.01525928352473,3204.8568313121796
412111,358,-352.24999999999994,641,9,1,False,0,pistol,,,,,,,63.005869856212605,3215.031001329422
413029,359,-384.9000000000003,918,12,2,True,88,machinegun,,,,,,,205.33096999721045,3219.50235247612
413674,360,-238.64999999999972,645,7,1,False,0,pistol,,,,,,,247.25213790198993,3222.111476659775
414262,361,-271.24999999999966,588,8,1,False,0,pistol,,,,,,,64.70469290893189,3231.199371814728
414889,362,-395.55000000000024,627,10,1,False,0,pistol,,,,,,,218.8049399890424,3234.065566301346
415674,363,-233.70000000000059,785,9,1,False,0,pistol,,,,,,,237.62726137270212,3237.3696796894073
416686,364,-586.2000000000002,1012,14,2,True,7,machinegun,,,,,,,90.0734017575052,3248.6053745746613
417066,365,-197.59999999999985,380,5,1,False,0,pistol,,,,,,,231.36563505751423,3250.2482986450195
417930,366,-375.3000000000001,864,12,1,False,0,pistol,,,,,,,84.11498959808122,3260.520358324051
418199,367,-216.45000000000005,269,2,1,False,0,pistol,,,,,,,229.90139733834107,3261.6910326480865
419479,368,-443.1000000000004,1280,19,2,False,0,pistol,,,,,,,206.81711060726857,3267.8804743289948
420263,369,-127.30000000000022,784,9,1,False,0,pistol,,,,,,,75.91131200631644,3278.208760023117
421249,370,-723.8500000000003,986,15,2,True,71,machinegun,,,,,,,216.82558379977897,3282.7566990852356
422003,371,-403.7000000000005,754,10,1,True,74,machinegun,,,,,,,89.62912947288297,3291.1695601940155
423275,372,-591.3500000000028,1272,19,1,True,93,machinegun,,,,,,,235.99965196037036,3296.5598936080933
423768,373,-244.2999999999997,493,6,1,False,0,pistol,,,,,,,201.15008259851365,3299.0112195014954
424997,374,-367.6500000000012,1229,18,2,False,0,pistol,,,,,,,70.93885472934426,3316.3364741802216
425686,375,-294.89999999999947,689,9,1,False,0,pistol,,,,,,,155.2828817747159,3320.7743606567383
426802,376,-269.7999999999998,1116,18,2,True,27,machinegun,,,,,,,70.71471423817822,3336.556666612625
428005,377,-377.60000000000014,1203,20,2,True,64,machinegun,,,,,,,168.42602258083025,3343.699874162674
429159,378,-691.5999999999979,1154,19,2,True,76,machinegun,,,,,,,120.06326382641055,3353.3119072914124
430517,379,-440.5000000000009,1358,21,2,False,0,pistol,,,,,,,129.06033849958538,3363.834665298462
431049,380,-281.9999999999997,532,6,1,False,0,pistol,,,,,,,255.89225636178523,3365.914111852646
431799,381,-156.85,750,10,1,False,0,pistol,,,,,,,256.64091306145156,3368.8370332717896
432399,382,-439.34999999999997,600,10,2,False,0,pistol,,,,,,,81.46924857511178,3376.2021725177765
433142,383,-499.6500000000002,743,12,2,False,0,pistol,,,,,,,252.16282357952232,3379.1491169929504
434318,384,-622.1499999999999,1176,17,1,False,0,pistol,,,,,,,118.74773227410469,3389.05290722847
436301,385,-902.1999999999982,1983,34,4,True,62,machinegun,,,,,,,152.5852255400144,3402.0494532585144
437788,386,-750.9499999999961,1487,23,3,True,24,machinegun,,,,,,,258.2441678997615,3407.808125972748
438693,387,-382.0499999999997,905,13,2,False,0,pistol,,,,,,,104.97641183893516,3416.4295847415924
439247,388,-359.99999999999983,554,7,1,True,48,machinegun,,,,,,,256.8213315460667,3418.58722949028
440406,389,-262.54999999999956,1159,17,2,True,81,machinegun,,,,,,,98.14400790773023,3430.3968572616577
440975,390,-303.65000000000015,569,6,1,False,0,pistol,,,,,,,156.45894117970994,3434.034180164337
441440,391,-298.7000000000003,465,5,1,False,0,pistol,,,,,,,157.26684310709103,3436.991549015045
442556,392,-402.09999999999457,1116,16,2,True,45,machinegun,,,,,,,74.18367081430296,3452.0361251831055
443074,393,-132.64999999999964,518,6,1,False,0,pistol,,,,,,,148.26541211025003,3455.5305337905884
443531,394,-127.94999999999989,457,5,1,False,0,pistol,,,,,,,168.16328498660386,3458.2487285137177
444414,395,-426.94999999999845,883,13,2,True,30,machinegun,,,,,,,162.47384201148398,3463.6840369701385
445089,396,-112.80000000000064,675,8,1,False,0,pistol,,,,,,,50.108239190700196,3477.1554775238037
445786,397,-259.44999999999965,697,9,1,False,0,pistol,,,,,,,137.0779810252516,3482.241309404373
447114,398,-682.450000000001,1328,22,3,False,0,pistol,,,,,,,74.13040188734527,3500.156354188919
448212,399,-614.2499999999974,1098,18,2,True,19,machinegun,,,,,,,153.3491449903697,3507.3172600269318
449409,400,-463.3499999999995,1197,17,2,True,47,machinegun,,,,,,,75.93360034461995,3523.081620454788
450113,401,-397.14999999999986,704,10,2,False,0,pistol,,,,,,,159.2771923923199,3527.5021991729736
450658,402,-390.0000000000003,545,8,1,False,0,pistol,,,,,,,47.26350488611364,3539.034039735794
451138,403,-257.65,480,7,1,False,0,pistol,,,,,,,161.6887293506674,3542.0034341812134
452511,404,-550.5500000000015,1373,22,3,False,0,pistol,,,,,,,160.565225520672,3550.5550010204315
453994,405,-568.1500000000018,1483,23,3,False,0,pistol,,,,,,,81.38739691123052,3568.77707195282
455705,406,-530.2500000000003,1711,27,2,False,0,pistol,,,,,,,90.01658508321893,3587.7852849960327
456162,407,-229.34999999999997,457,6,1,False,0,pistol,,,,,,,160.7382270464639,3590.6290135383606
456468,408,-136.24999999999991,306,3,1,False,0,pistol,,,,,,,160.28680797272173,3592.53870677948
457818,409,-292.35000000000167,1350,18,2,False,0,pistol,,,,,,,76.26042706865103,3610.241788625717
459610,410,-329.7500000000001,1792,30,3,False,0,pistol,,,,,,,84.96867191809936,3631.332459926605
460862,411,-240.0999999999995,1252,19,1,False,0,pistol,,,,,,,69.92198216429541,3649.238685131073
461773,412,-274.65000000000146,911,12,2,False,0,pistol,,,,,,,150.71554154017667,3655.2837142944336
462868,413,-238.19999999999973,1095,16,2,False,0,pistol,,,,,,,69.24684118666174,3671.097357749939
464238,414,-527.4999999999955,1370,20,3,True,50,machinegun,,,,,,,154.09832499292824,3679.988516330719
464734,415,-286.7000000000005,496,5,1,False,0,pistol,,,,,,,180.62783642060123,3682.73513507843
465155,416,-163.19999999999982,421,6,1,False,0,pistol,,,,,,,54.27316089478386,3690.4927051067352
466333,417,-373.7500000000009,1178,18,2,True,50,machinegun,,,,,,,168.83295263349555,3697.47053194046
467773,418,-794.3999999999963,1440,20,3,False,0,pistol,,,,,,,87.02515719301273,3714.018171310425
469863,419,-453.6500000000014,2090,36,4,True,21,machinegun,,,,,,,97.71843056008895,3735.4071600437164
470318,420,-229.49999999999974,455,5,1,False,0,pistol,,,,,,,191.98767034882871,3737.777610063553
471509,421,-462.2000000000009,1191,18,1,True,48,machinegun,,,,,,,76.18014434073353,3753.4120984077454
472459,422,-354.25,950,15,2,False,0,pistol,,,,,,,165.36603887627638,3759.1577093601227
473768,423,-475.04999999999524,1309,22,1,False,0,pistol,,,,,,,81.5872941025072,3775.202487230301
474542,424,-425.85000000000093,774,12,2,False,0,pistol,,,,,,,168.08860090717553,3779.80784535408
475450,425,-494.7500000000012,908,13,2,False,0,pistol,,,,,,,69.58568650285696,3792.857120037079
476090,426,-382.4000000000007,640,9,1,False,0,pistol,,,,,,,151.18320488588415,3797.091175556183
477238,427,-539.3999999999999,1148,18,2,True,12,machinegun,,,,,,,83.0143798394055,3810.9208645820618
477843,428,-212.64999999999998,605,8,1,False,0,pistol,,,,,,,259.7610147078424,3813.250353574753
478553,429,-448.20000000000107,710,11,2,False,0,pistol,,,,,,,213.28550930513015,3816.579657316208
479064,430,-297.79999999999995,511,7,1,False,0,pistol,,,,,,,226.4075029958236,3818.8373074531555
479630,431,-241.6500000000004,566,8,1,False,0,pistol,,,,,,,75.77765895681328,3826.306938648224
482388,432,-537.5499999999982,2758,50,6,False,0,pistol,,,,,,,156.23471884912482,3843.9604601860046
483548,433,-523.0500000000017,1160,19,2,True,47,machinegun,,,,,,,112.42324849933429,3854.2791335582733
486091,434,-642.149999999998,2543,45,5,True,50,pistol,,,,,,,132.81377225856548,3873.4267201423645
488412,435,-507.0999999999881,2321,35,4,False,0,pistol,,,,,,,99.33633073559355,3896.7925765514374
490970,436,-558.1000000000034,2558,42,5,False,0,pistol,,,,,,,102.40048084666763,3921.773581266403
494042,437,-740.1999999999863,3072,60,7,False,0,pistol,,,,,,,85.17685764241408,3957.840392112732
494858,438,-476.60000000000053,816,12,2,False,0,pistol,,,,,,,147.252799933364,3963.382410287857
497587,439,-575.3500000000037,2729,47,5,False,0,pistol,,,,,,,116.71841974579488,3986.7641711235046
499503,440,-660.7999999999917,1916,31,2,False,0,pistol,,,,,,,130.89398912771648,4001.4024617671967
500270,441,-232.79999999999956,767,11,2,False,0,pistol,,,,,,,81.35560255100576,4010.8307716846466
502248,442,-362.50000000000216,1978,34,4,False,0,pistol,,,,,,,160.4477913303268,4023.159274816513
503518,443,-193.19999999999993,1270,21,3,False,0,pistol,,,,,,,277.91726842545364,4027.7295083999634
505047,444,-553.2499999999974,1529,24,3,False,0,pistol,,,,,,,139.3857770272106,4038.699444293976
506372,445,-682.6999999999966,1325,20,3,True,17,machinegun,,,,,,,121.69731432166085,4049.5876789093018
506958,446,-181.10000000000014,586,8,1,False,0,pistol,,,,,,,253.30418117561993,4051.9016664028168
507894,447,-251.89999999999995,936,14,2,False,0,pistol,,,,,,,232.68931735345507,4055.9249169826508
508738,448,-156.95000000000104,844,13,2,True,64,machinegun,,,,,,,93.96891071886235,4064.9071338176727
510652,449,-548.0999999999975,1914,32,4,False,0,pistol,,,,,,,144.67893736762264,4078.1369383335114
511255,450,-127.54999999999973,603,9,1,False,0,pistol,,,,,,,228.88065237853354,4080.7720065116882
511821,451,-226.55000000000013,566,8,1,False,0,pistol,,,,,,,259.29303641542003,4082.955271959305
512289,452,-129.85,468,5,1,False,0,pistol,,,,,,,66.4700065639213,4089.996490240097
513195,453,-159.80000000000058,906,14,2,True,71,machinegun,,,,,,,178.14505498132237,4095.082770347595
513634,454,-205.85000000000002,439,5,1,False,0,pistol,,,,,,,181.4546329284922,4097.5027804374695
514383,455,-383.5000000000008,749,9,1,False,0,pistol,,,,,,,56.82150333416468,4110.68498301506
515095,456,-244.750000000001,712,11,2,False,0,pistol,,,,,,,150.0207597549468,4115.431493282318
516081,457,-399.2,986,14,1,False,0,pistol,,,,,,,149.48292151992877,4122.02801322937
516479,458,-220.20000000000016,398,5,1,False,0,pistol,,,,,,,41.29406435221139,4131.666907310486
517257,459,-115.7999999999998,778,12,1,False,0,pistol,,,,,,,224.94553035356674,4135.126122236252
518504,460,-347.9500000000001,1247,19,2,False,0,pistol,,,,,,,103.55216592494133,4147.168886184692
519187,461,-162.95000000000005,683,9,1,False,0,pistol,,,,,,,239.40065315786427,4150.022429466248
519514,462,-127.99999999999979,327,4,1,False,0,pistol,,,,,,,209.53744560424886,4151.583513021469
520227,463,-287.7000000000003,713,9,1,True,26,machinegun,,,,,,,73.85006169690796,4161.2387018203735
521026,464,-201.19999999999982,799,10,2,False,0,pistol,,,,,,,226.47180338111954,4164.76721739769
521649,465,-301.55000000000035,623,6,1,False,0,pistol,,,,,,,225.8911647862224,4167.525579452515
522026,466,-238.14999999999984,377,4,1,False,0,pistol,,,,,,,220.86029682178193,4169.23299407959
522911,467,-166.80000000000035,885,12,2,True,48,machinegun,,,,,,,95.9122566803611,4178.460813760757
523429,468,-139.89999999999978,518,6,1,True,42,machinegun,,,,,,,256.714706962451,4180.479048728943
523911,469,-299.84999999999974,482,5,1,False,0,pistol,,,,,,,251.95796543199046,4182.39253616333
525030,470,-273.000000000001,1119,17,1,False,0,pistol,,,,,,,116.17053364981257,4192.025337696075
525940,471,-408.30000000000035,910,11,2,False,0,pistol,,,,,,,256.7826913289462,4195.569690465927
526498,472,-172.49999999999991,558,7,1,False,0,pistol,,,,,,,67.27182674520186,4203.864892721176
527103,473,-234.64999999999978,605,7,1,False,0,pistol,,,,,,,226.36849402894975,4206.537942171097
527790,474,-358.70000000000095,687,9,1,True,50,machinegun,,,,,,,240.4392801891815,4209.395830154419
528647,475,-464.55000000000155,857,12,2,False,0,pistol,,,,,,,82.67537486459375,4219.762073993683
529670,476,-409.1500000000003,1023,16,2,False,0,pistol,,,,,,,227.56945887049145,4224.257937908173
530449,477,-215.24999999999983,779,9,1,False,0,pistol,,,,,,,78.01662025547402,4234.243699550629
531257,478,-92.95000000000111,808,10,2,True,47,machinegun,,,,,,,222.55019002805028,4237.874794960022
531943,479,-133.45000000000044,686,9,1,False,0,pistol,,,,,,,221.8277382455202,4240.967788934708
532473,480,-201.3499999999998,530,6,1,False,0,pistol,,,,,,,236.22403877890156,4243.211986780167
533160,481,-245.69999999999993,687,8,1,True,49,machinegun,,,,,,,79.91435959296324,4251.8091769218445
533919,482,-109.55000000000035,759,9,1,False,0,pistol,,,,,,,241.59943378726936,4254.9514067173
535240,483,-489.4999999999981,1321,21,3,False,0,pistol,,,,,,,118.69866901030106,4266.080963373184
535633,484,-158.74999999999983,393,6,1,False,0,pistol,,,,,,,206.03696827589,4267.988916158676
536556,485,-344.95000000000175,923,13,2,False,0,pistol,,,,,,,208.35174886423093,4272.419506072998
537466,486,-120.7500000000006,910,14,2,False,0,pistol,,,,,,,92.85742343425727,4282.220090389252
538048,487,-186.95000000000005,582,8,1,False,0,pistol,,,,,,,248.32320811436264,4284.564327001572
539396,488,-389.9000000000003,1348,21,3,False,0,pistol,,,,,,,125.53517584692898,4295.302782773972
540715,489,-385.34999999999997,1319,20,2,True,127,machinegun,,,,,,,121.14548138750541,4306.19101023674
543745,490,-976.4499999999911,3030,53,6,False,0,pistol,,,,,,,152.03995101268458,4326.12043595314
544287,491,-179.5499999999998,542,8,1,False,0,pistol,,,,,,,204.24677522271335,4328.774612665176
545475,492,-118.29999999999961,1188,18,2,False,0,pistol,,,,,,,113.27604851541687,4339.262704372406
546238,493,-210.09999999999985,763,11,2,True,47,machinegun,,,,,,,233.18033924026986,4342.535371303558
546986,494,-242.90000000000015,748,11,2,False,0,pistol,,,,,,,88.01789411927886,4351.0340921878815
548698,495,-381.64999999999964,1712,26,3,False,0,pistol,,,,,,,220.45147664129954,4358.800390481949
550331,496,-471.94999999999845,1633,26,1,False,0,pistol,,,,,,,118.06216445903141,4372.632546663284
554058,497,-800.4499999999919,3727,67,7,False,0,pistol,,,,,,,133.95207060197754,4400.456506252289
555434,498,-481.0499999999996,1376,23,3,False,0,pistol,,,,,,,101.88450320299933,4413.962666273117
557452,499,-425.4000000000001,2018,32,4,False,0,pistol,,,,,,,144.6012647942813,4427.918892383575
558547,500,-350.8000000000002,1095,15,2,False,0,pistol,,,,,,,220.8515538860652,4432.877528429031
559509,501,-304.00000000000085,962,13,2,False,0,pistol,,,,,,,101.09095065323956,4442.394167423248
561329,502,-424.75000000000176,1820,28,3,False,0,pistol,,,,,,,153.7690946013819,4454.230527639389
561664,503,-222.9000000000001,335,5,1,False,0,pistol,,,,,,,276.6082369139389,4455.442048549652
563334,504,-701.4499999999987,1670,26,3,True,33,machinegun,,,,,,,147.68389893094547,4466.750348567963
564445,505,-177.40000000000015,1111,17,2,False,0,pistol,,,,,,,262.7832925002347,4470.978670358658
568741,506,-335.3499999999904,4296,84,9,False,0,pistol,,,,,,,150.61497691165442,4499.502377271652
570673,507,-434.400000000002,1932,32,4,False,0,pistol,,,,,,,147.62398065996123,4512.590102672577
572128,508,-503.55000000000155,1455,23,3,False,0,pistol,,,,,,,121.48336206630904,4524.567540407181
577048,509,-833.8499999999987,4920,107,11,True,75,machinegun,,,,,,,136.85163191883848,4560.51936006546
577829,510,-526.6500000000015,781,12,1,False,0,pistol,,,,,,,70.62967498116777,4571.577493190765
580702,511,-191.45000000000533,2873,52,6,False,0,pistol,,,,,,,153.03563482621186,4590.351368904114
582838,512,-527.1999999999973,2136,35,4,True,25,machinegun,,,,,,,152.19991155483532,4604.386004209518
583606,513,-269.0499999999998,768,10,2,False,0,pistol,,,,,,,236.89931983545438,4607.6283390522
584034,514,-84.34999999999995,428,6,1,False,0,pistol,,,,,,,59.311309271922454,4614.844932556152
585297,515,-442.9000000000012,1263,18,2,False,0,pistol,,,,,,,243.7550078566659,4620.026808977127
585942,516,-220.09999999999997,645,8,1,True,107,machinegun,,,,,,,86.30498252781996,4627.500785112381
587336,517,-546.949999999999,1394,20,3,False,0,pistol,,,,,,,246.13098557386098,4633.164870262146
588493,518,-156.09999999999957,1157,18,2,False,0,pistol,,,,,,,111.35047302975705,4643.556141138077
589315,519,-272.35000000000133,822,11,2,False,0,pistol,,,,,,,225.18283645039182,4647.207142829895
590010,520,-203.15000000000003,695,9,1,False,0,pistol,,,,,,,82.69512269087424,4655.6119084358215
591724,521,-85.40000000000009,1714,26,3,False,0,pistol,,,,,,,248.16775045464968,4662.5189707279205
593145,522,-475.7,1421,22,3,False,0,pistol,,,,,,,128.98491057035702,4673.536282539368
594750,523,-331.14999999999986,1605,23,2,False,0,pistol,,,,,,,129.57255091931472,4685.923654556274
595182,524,-243.09999999999988,432,5,1,False,0,pistol,,,,,,,244.19321936818955,4687.693339109421
596289,525,-272.50000000000074,1107,16,1,False,0,pistol,,,,,,,113.40372854489345,4697.455433607101
597335,526,-457.40000000000106,1046,14,2,False,0,pistol,,,,,,,222.10413015971275,4702.165616989136
598090,527,-335.75000000000045,755,10,2,False,0,pistol,,,,,,,87.73112245071817,4710.771923303604
598848,528,-486.50000000000034,758,10,2,False,0,pistol,,,,,,,220.33550200256022,4714.21266746521
599229,529,-222.94999999999985,381,4,1,False,0,pistol,,,,,,,243.5363599247825,4715.7777552604675
600515,530,-513.7499999999995,1286,20,3,False,0,pistol,,,,,,,114.19932936720355,4727.039215803146
601356,531,-523.8000000000017,841,11,2,True,12,machinegun,,,,,,,274.81001311019514,4730.099983453751
601867,532,-444.50000000000085,511,5,1,False,0,pistol,,,,,,,288.73911113500105,4731.870165586472
603010,533,-701.1499999999977,1143,16,2,False,0,pistol,,,,,,,126.16386485391646,4740.93017411232
603685,534,-400.80000000000035,675,9,1,False,0,pistol,,,,,,,245.46433479950713,4743.680562257767
604258,535,-288.4500000000002,573,5,1,False,0,pistol,,,,,,,75.63600786240087,4751.2567257881165
604869,536,-454.900000000001,611,6,1,False,0,pistol,,,,,,,227.76443151673038,4753.939787387848
605403,537,-308.80000000000064,534,6,1,False,0,pistol,,,,,,,247.0482366298014,4756.101844787598
605765,538,-174.89999999999984,362,5,1,False,0,pistol,,,,,,,252.23041284646757,4757.537672758102
606561,539,-308.9000000000003,796,12,1,False,0,pistol,,,,,,,90.94208438973173,4766.290968179703
607704,540,-299.75000000000017,1143,16,2,False,0,pistol,,,,,,,258.6032648457431,4770.711326122284
608862,541,-450.00000000000216,1158,17,2,True,30,machinegun,,,,,,,111.12058605181794,4781.132925271988
609492,542,-186.55000000000007,630,6,1,False,0,pistol,,,,,,,193.48201303889107,4784.3899800777435
611229,543,-133.90000000000197,1737,28,2,True,95,machinegun,,,,,,,116.99180552209214,4799.2376346588135
612012,544,-576.5499999999998,783,10,2,False,0,pistol,,,,,,,212.52612261134286,4802.922426939011
613692,545,-806.6499999999974,1680,25,3,False,0,pistol,,,,,,,121.3278335432909,4816.76966047287
615317,546,-624.1499999999983,1625,26,3,True,25,machinegun,,,,,,,123.76926131599704,4829.8994517326355
617121,547,-534.050000000002,1804,28,3,False,0,pistol,,,,,,,130.78784094092686,4843.693243741989
618547,548,-424.6500000000009,1426,22,3,False,0,pistol,,,,,,,112.5696979023047,4856.36171746254
619658,549,-527.5500000000003,1111,16,2,False,0,pistol,,,,,,,209.81913695951906,4861.657186746597
621357,550,-618.4499999999944,1699,28,3,True,10,machinegun,,,,,,,82.49687534853057,4882.252363920212
623114,551,-771.8999999999958,1757,27,3,False,0,pistol,,,,,,,107.79461994654584,4898.552460670471
624541,552,-503.3500000000033,1427,22,3,False,0,pistol,,,,,,,236.31558246302936,4904.591487646103
626840,553,-1063.6999999999907,2299,42,5,False,0,pistol,,,,,,,105.5298062754695,4926.377282142639
627556,554,-208.69999999999985,716,10,2,False,0,pistol,,,,,,,243.5852926838962,4929.31725025177
629468,555,-767.0499999999914,1912,29,2,False,0,pistol,,,,,,,137.67307092773842,4943.2057049274445
630527,556,-585.5500000000014,1059,15,2,False,0,pistol,,,,,,,244.6895104687079,4947.534213542938
631428,557,-319.1500000000012,901,10,2,False,0,pistol,,,,,,,101.030730301106,4956.452882051468
633331,558,-844.2999999999938,1903,30,4,True,85,machinegun,,,,,,,120.74530790485704,4972.21381354332
634469,559,-720.8500000000006,1138,14,2,False,0,pistol,,,,,,,197.0121085363365,4977.990709066391
635719,560,-459.7500000000024,1250,16,2,False,0,pistol,,,,,,,94.83974420721303,4991.171324729919
636613,561,-561.3000000000013,894,16,2,True,6,machinegun,,,,,,,223.26184999540342,4995.176217317581
638167,562,-473.9000000000016,1554,25,3,False,0,pistol,,,,,,,101.84895149674844,5010.434593200684
639007,563,-145.19999999999993,840,12,1,False,0,pistol,,,,,,,85.38660110436443,5020.272848844528
639569,564,-116.14999999999968,562,8,1,False,0,pistol,,,,,,,219.38812796182728,5022.834958553314
641058,565,-544.8999999999968,1489,23,3,False,0,pistol,,,,,,,106.98562784382882,5036.753220796585
641802,566,-428.50000000000006,744,10,2,False,0,pistol,,,,,,,194.7918531499066,5040.573143959045
642364,567,-342.60000000000014,562,9,1,False,0,pistol,,,,,,,208.77093870268973,5043.2661781311035
643178,568,-317.0000000000003,814,13,2,True,38,machinegun,,,,,,,75.10569963373315,5054.104835033417
646373,569,-1070.1999999999953,3195,58,6,False,0,pistol,,,,,,,139.00961200214402,5077.089558362961
647253,570,-279.55000000000126,880,12,2,False,0,pistol,,,,,,,78.21356477845853,5088.341603040695
648170,571,-32.50000000000117,917,14,2,False,0,pistol,,,,,,,198.17206614355973,5092.9695835113525
649060,572,-439.45000000000005,890,14,2,False,0,pistol,,,,,,,206.08275980477808,5097.288772583008
650208,573,-412.94999999999874,1148,18,2,False,0,pistol,,,,,,,101.59895297222337,5108.588821172714
651385,574,-323.00000000000125,1177,18,2,False,0,pistol,,,,,,,101.503708763248,5120.184908866882
652706,575,-326.6000000000014,1321,20,3,False,0,pistol,,,,,,,217.0402679689584,5126.272029876709
653283,576,-242.79999999999993,577,8,1,False,0,pistol,,,,,,,223.1211048291839,5128.858474969864
654051,577,-183.69999999999953,768,10,1,False,0,pistol,,,,,,,77.4031694775755,5138.781046390533
654959,578,-414.6500000000015,908,13,2,False,0,pistol,,,,,,,213.25922542068886,5143.039497613907
656274,579,-357.9500000000002,1315,19,1,False,0,pistol,,,,,,,108.5486610161109,5155.15447640419
656662,580,-223.7499999999999,388,4,1,False,0,pistol,,,,,,,208.69319500046294,5157.01424407959
657861,581,-248.45000000000158,1199,19,1,True,62,machinegun,,,,,,,100.14585248666359,5168.9872579574585
659205,582,-193.7000000000018,1344,21,3,False,0,pistol,,,,,,,211.17493890899792,5175.352153539658
660193,583,-410.6500000000013,988,13,2,False,0,pistol,,,,,,,91.80435625653631,5186.114596605301
661039,584,-332.15000000000043,846,12,2,False,0,pistol,,,,,,,210.03390037578296,5190.143295764923
661545,585,-244.59999999999974,506,6,1,False,0,pistol,,,,,,,57.27656199507625,5198.978033542633
662152,586,-95.35000000000045,607,7,1,False,0,pistol,,,,,,,225.06470561870898,5201.675501346588
662496,587,-214.39999999999986,344,4,1,False,0,pistol,,,,,,,228.8424362310768,5203.179260253906
664004,588,-730.9500000000008,1508,22,2,False,0,pistol,,,,,,,126.00406511353415,5215.147649526596
664468,589,-208.85,464,5,1,False,0,pistol,,,,,,,247.0518726442471,5217.026397228241
665489,590,-453.75000000000114,1021,15,1,False,0,pistol,,,,,,,250.26170127033524,5221.106541395187
666343,591,-592.850000000001,854,11,2,True,57,machinegun,,,,,,,91.71214119028113,5230.418801546097
667229,592,-185.60000000000008,886,11,2,False,0,pistol,,,,,,,255.15429153044923,5233.891705989838
668000,593,-98.25000000000088,771,11,2,False,0,pistol,,,,,,,86.52785278283802,5242.802614927292
668318,594,-338.35000000000014,318,3,1,False,0,pistol,,,,,,,209.25953407430896,5244.322812318802
668712,595,-315.9500000000003,394,5,1,False,0,pistol,,,,,,,211.87511623890705,5246.182859182358
669148,596,-205.5999999999998,436,4,1,False,0,pistol,,,,,,,249.8875460190939,5247.9281504154205
670523,597,-672.5500000000001,1375,21,3,True,75,machinegun,,,,,,,122.26075880825796,5259.175105571747
671070,598,-425.9500000000005,547,7,1,False,0,pistol,,,,,,,236.14741307038514,5261.491958856583
671631,599,-336.9000000000003,561,8,1,True,50,machinegun,,,,,,,240.75293046806863,5263.822697162628
672067,600,-297.8000000000001,436,5,1,False,0,pistol,,,,,,,59.23418647454152,5271.183785915375
672556,601,-266.24999999999994,489,5,1,True,50,machinegun,,,,,,,219.92983912960304,5273.407680749893
673073,602,-454.2500000000009,517,6,1,False,0,pistol,,,,,,,247.13691554216192,5275.500072479248
673616,603,-446.5000000000004,543,6,1,False,0,pistol,,,,,,,236.7214069491835,5277.7943687438965
674188,604,-189.24999999999994,572,8,1,False,0,pistol,,,,,,,66.58948649441632,5286.384870290756
675380,605,-540.9499999999969,1192,16,2,False,0,pistol,,,,,,,243.33978775904504,5291.283981561661
675761,606,-207.1500000000001,381,5,1,True,50,machinegun,,,,,,,238.00329743095278,5292.885249614716
676555,607,-412.9500000000011,794,10,1,True,50,pistol,,,,,,,77.13601068270246,5303.17919754982
677250,608,-182.99999999999994,695,10,1,False,0,pistol,,,,,,,244.38693743070388,5306.023535966873
678259,609,-220.99999999999994,1009,14,2,False,0,pistol,,,,,,,88.8369127214868,5317.381853818893
679086,610,-382.8500000000008,827,11,2,False,0,pistol,,,,,,,173.78800734333856,5322.141296863556
680061,611,-256.25000000000085,975,13,2,False,0,pistol,,,,,,,81.18108140573133,5334.152156352997
681151,612,-448.00000000000125,1090,15,2,True,33,machinegun,,,,,,,192.2443589453444,5339.822501659393
681707,613,-210.4499999999999,556,7,1,False,0,pistol,,,,,,,195.46669728823136,5342.667521953583
682557,614,-452.4500000000004,850,13,2,False,0,pistol,,,,,,,54.71356946425411,5358.2035779953
683796,615,-589.2499999999959,1239,20,3,False,0,pistol,,,,,,,131.18957031407385,5367.64846777916
684857,616,-303.6500000000009,1061,14,1,False,0,pistol,,,,,,,60.86714055562523,5385.080505132675
685999,617,-296.8500000000018,1142,18,2,False,0,pistol,,,,,,,140.5570879971773,5393.205898284912
687036,618,-401.85000000000036,1037,16,2,False,0,pistol,,,,,,,55.96989071281199,5411.734475374222
687669,619,-477.6500000000008,633,8,1,False,0,pistol,,,,,,,139.5237459666123,5416.272151708603
688446,620,-295.45000000000175,777,10,2,False,0,pistol,,,,,,,47.35719350709284,5432.680051803589
689321,621,-390.8499999999993,875,13,2,False,0,pistol,,,,,,,134.92105682063408,5439.16606760025
689810,622,-436.20000000000033,489,7,1,False,0,pistol,,,,,,,133.4636849274831,5442.830573558807
690825,623,-456.15000000000254,1015,16,2,False,0,pistol,,,,,,,54.86090343524382,5461.332578659058
692189,624,-188.85000000000036,1364,20,3,False,0,pistol,,,,,,,127.3856805590832,5472.041114807129
692765,625,-186.90000000000015,576,8,1,False,0,pistol,,,,,,,38.42723487859148,5487.031193971634
694626,626,-156.75000000000216,1861,28,3,False,0,pistol,,,,,,,62.06214412072916,5517.018092393875
696629,627,-570.999999999992,2003,33,4,False,0,pistol,,,,,,,109.00801203007971,5535.393440246582
697704,628,-226.40000000000018,1075,17,2,True,49,machinegun,,,,,,,146.1723281057711,5542.748554944992
699192,629,-374.3500000000009,1488,22,2,False,0,pistol,,,,,,,101.7727486383376,5557.3701865673065
701533,630,-914.0999999999938,2341,41,5,True,91,machinegun,,,,,,,131.86141177359772,5575.124170064926
702288,631,-418.0500000000003,755,11,2,False,0,pistol,,,,,,,216.57377594626655,5578.610792636871
703653,632,-331.10000000000093,1365,20,2,True,50,machinegun,,,,,,,113.48048534439776,5590.639857769012
704854,633,-167.75000000000009,1201,18,2,False,0,pistol,,,,,,,104.73219823533108,5602.107846021652
705401,634,-207.6000000000001,547,9,1,True,90,machinegun,,,,,,,223.33552306115928,5604.557601213455
705819,635,-199.54999999999984,418,6,1,False,0,pistol,,,,,,,237.45808731568823,5606.318338871002
706274,636,-209.3499999999998,455,4,1,False,0,pistol,,,,,,,251.81641391449838,5608.125603199005
707065,637,-417.0500000000008,791,10,2,False,0,pistol,,,,,,,91.16242755313064,5616.802928924561
708777,638,-661.8999999999999,1712,28,3,False,0,pistol,,,,,,,135.9749127353756,5629.394078016281
710282,639,-356.9500000000001,1505,24,3,True,50,machinegun,,,,,,,241.16956873877737,5635.635015964508
710955,640,-266.00000000000034,673,10,2,False,0,pistol,,,,,,,81.04531990899778,5643.93959569931
712078,641,-509.99999999999795,1123,17,1,False,0,pistol,,,,,,,248.20684317293083,5648.464546203613
712712,642,-191.14999999999986,634,10,2,True,22,machinegun,,,,,,,82.67067760428738,5656.1339519023895
713529,643,-129.35000000000025,817,11,2,False,0,pistol,,,,,,,253.5205204428348,5659.357029914856
714781,644,-938.0999999999972,1252,18,2,False,0,pistol,,,,,,,116.24640515699436,5670.127683877945
715788,645,-591.5999999999977,1007,16,2,True,74,machinegun,,,,,,,249.23458586622485,5674.16859793663
716303,646,-251.3499999999999,515,7,1,False,0,pistol,,,,,,,245.24144752482937,5676.268985033035
717163,647,-442.2500000000012,860,13,2,True,92,machinegun,,,,,,,96.0837359928663,5685.219934940338
717557,648,-300.9000000000003,394,5,1,False,0,pistol,,,,,,,244.3506666370942,5686.833097457886
718350,649,-267.65000000000015,793,12,1,False,0,pistol,,,,,,,237.3404456622764,5690.174805641174
718851,650,-239.4999999999999,501,6,1,False,0,pistol,,,,,,,69.97747915724102,5697.334661245346
719595,651,-384.55000000000103,744,11,2,False,0,pistol,,,,,,,183.11306761646108,5701.398306131363
720218,652,-468.8500000000007,623,9,1,False,0,pistol,,,,,,,163.1441659095461,5705.217536449432
722430,653,-757.7499999999956,2212,36,4,True,61,machinegun,,,,,,,96.53143832710145,5728.133011102676
723507,654,-266.34999999999997,1077,15,2,False,0,pistol,,,,,,,69.19675934326162,5743.6981549263
723835,655,-199.39999999999986,328,5,1,False,0,pistol,,,,,,,165.48871840921817,5745.680725097656
725445,656,-629.8999999999991,1610,27,3,True,95,machinegun,,,,,,,82.83570270934668,5765.117448568344
727196,657,-336.30000000000257,1751,26,3,False,0,pistol,,,,,,,88.11184667225884,5784.990504980087
728223,658,-670.2000000000003,1027,16,1,False,0,pistol,,,,,,,158.20083393913538,5791.482940196991
729166,659,-290.25000000000017,943,16,1,True,99,machinegun,,,,,,,58.07640557112442,5807.721041917801
729998,660,-157.19999999999962,832,13,2,False,0,pistol,,,,,,,103.69701293572095,5815.7451820373535
730419,661,-163.84999999999997,421,6,1,False,0,pistol,,,,,,,124.00566529266652,5819.140878915787
731067,662,-195.80000000000072,648,9,1,False,0,pistol,,,,,,,128.42922313453496,5824.18697476387
732092,663,-341.60000000000036,1025,13,2,False,0,pistol,,,,,,,66.96085451112057,5839.495277881622
732742,664,-429.04999999999984,650,9,1,False,0,pistol,,,,,,,162.30660252028804,5843.500477552414
733917,665,-739.7999999999951,1175,16,1,True,66,machinegun,,,,,,,66.29673921357544,5861.22442150116
734759,666,-371.6500000000008,842,9,1,False,0,pistol,,,,,,,157.04617484089843,5866.586676120758
735831,667,-305.45000000000033,1072,14,1,True,10,machinegun,,,,,,,62.60076868329463,5883.711858510971
736932,668,-274.1500000000011,1101,16,2,False,0,pistol,,,,,,,145.5431544163905,5891.277851819992
737775,669,-221.45000000000064,843,11,2,False,0,pistol,,,,,,,55.84429822455541,5906.374047994614
739175,670,-642.1500000000009,1400,22,3,True,38,machinegun,,,,,,,168.56466920031198,5914.6799919605255
740226,671,-463.5000000000003,1051,14,2,True,5,machinegun,,,,,,,104.99278445360821,5924.690780878067
740963,672,-268.1499999999997,737,10,2,False,0,pistol,,,,,,,258.2729717580965,5927.5447289943695
741501,673,-369.0000000000003,538,7,1,False,0,pistol,,,,,,,77.51952263979274,5934.48544549942
742932,674,-612.0999999999979,1431,22,3,False,0,pistol,,,,,,,286.390407822431,5939.48265504837
743331,675,-186.29999999999976,399,5,1,False,0,pistol,,,,,,,298.0000747881625,5940.822077989578
744002,676,-298.19999999999976,671,6,1,False,0,pistol,,,,,,,93.48089807997954,5948.0005004405975
745232,677,-371.9000000000002,1230,18,1,False,0,pistol,,,,,,,294.46162744949527,5952.1780433654785
745876,678,-435.5000000000002,644,9,1,False,0,pistol,,,,,,,92.03977818984478,5959.1753833293915
746596,679,-273.44999999999976,720,12,2,False,0,pistol,,,,,,,274.9569709798693,5961.794419050217
747204,680,-219.64999999999972,608,6,1,False,0,pistol,,,,,,,289.7829087938485,5963.8929896354675
747776,681,-207.1499999999999,572,7,1,False,0,pistol,,,,,,,79.27308494624751,5971.108961582184
748618,682,-265.5000000000006,842,10,2,False,0,pistol,,,,,,,285.7685440847005,5974.055889129639
749283,683,-301.2999999999997,665,7,1,False,0,pistol,,,,,,,285.7873719254579,5976.383158445358
750011,684,-159.10000000000016,728,9,1,False,0,pistol,,,,,,,98.37619962564601,5983.783682346344
750693,685,-307.1999999999994,682,9,1,True,49,machinegun,,,,,,,293.09351482458135,5986.110986709595
751454,686,-369.30000000000086,761,10,1,True,50,machinegun,,,,,,,288.86676137286645,5988.745770931244
752034,687,-265.75000000000006,580,7,1,False,0,pistol,,,,,,,81.90931173952752,5995.827146291733
752966,688,-509.450000000002,932,13,2,False,0,pistol,,,,,,,287.2375475439045,5999.072274923325
753758,689,-296.5000000000001,792,10,2,False,0,pistol,,,,,,,103.44214058786997,6006.729090929031
754161,690,-242.49999999999983,403,6,1,False,0,pistol,,,,,,,291.9270313899734,6008.109980583191
754805,691,-207.0999999999999,644,7,1,False,0,pistol,,,,,,,297.12596910480676,6010.277766942978
755419,692,-299.20000000000005,614,8,1,False,0,pistol,,,,,,,283.14061760279,6012.446649551392
756051,693,-266.2999999999999,632,8,1,False,0,pistol,,,,,,,73.47534856162616,6021.048548936844
756724,694,-272.6499999999999,673,7,1,False,0,pistol,,,,,,,219.4289239475597,6024.116064071655
757988,695,-297.0999999999996,1264,18,1,False,0,pistol,,,,,,,106.9423065890707,6035.935971736908
758858,696,-456.30000000000103,870,11,1,False,0,pistol,,,,,,,216.7021634617526,6039.95113325119
759477,697,-412.8000000000007,619,9,1,True,57,machinegun,,,,,,,235.1548734369083,6042.583837509155
760243,698,-307.3000000000007,766,11,2,False,0,pistol,,,,,,,88.41827130722966,6051.247662067413
760859,699,-118.69999999999985,616,10,1,False,0,pistol,,,,,,,248.90026345734492,6053.723134756088
761302,700,-196.99999999999986,443,5,1,False,0,pistol,,,,,,,247.7597432365581,6055.5115423202515
761766,701,-261.3,464,5,1,False,0,pistol,,,,,,,241.2913745047014,6057.4349682331085
762479,702,-143.29999999999973,713,10,2,False,0,pistol,,,,,,,54.53857465861173,6070.508672952652
763073,703,-267.0499999999999,594,6,1,True,50,machinegun,,,,,,,176.8833687218412,6073.867413759232
763852,704,-161.05000000000004,779,10,1,False,0,pistol,,,,,,,160.35765041418426,6078.72595000267
764755,705,-500.3500000000004,903,12,2,False,0,pistol,,,,,,,56.81644100517306,6094.619957447052
765683,706,-602.9999999999992,928,14,1,True,46,machinegun,,,,,,,149.60597696061703,6100.823459625244
766674,707,-427.5000000000002,991,12,2,False,0,pistol,,,,,,,66.13987465844893,6115.807421207428
767389,708,-127.85000000000014,715,8,1,False,0,pistol,,,,,,,150.13901888207855,6120.5702912807465
768331,709,-299.0999999999995,942,12,2,False,0,pistol,,,,,,,61.33526959224509,6135.9291796684265
769170,710,-345.25000000000006,839,13,2,False,0,pistol,,,,,,,149.97512175230582,6141.524020433426
770372,711,-612.5,1202,14,2,False,0,pistol,,,,,,,66.3893518902171,6159.629993200302
770963,712,-286.25000000000006,591,6,1,False,0,pistol,,,,,,,155.16202900954727,6163.439689397812
771666,713,-371.0999999999998,703,10,2,False,0,pistol,,,,,,,145.78506762407866,6168.262685060501
771983,714,-155.44999999999987,317,4,1,False,0,pistol,,,,,,,151.7371002091073,6170.352439880371
773060,715,-282.64999999999935,1077,15,1,False,0,pistol,,,,,,,65.96394453536527,6186.680212974548
773797,716,-164.39999999999964,737,9,1,False,0,pistol,,,,,,,142.86385964078767,6191.839701652527
774592,717,-215.74999999999983,795,11,2,False,0,pistol,,,,,,,52.74562288680567,6206.912545442581
775302,718,-141.80000000000013,710,9,1,False,0,pistol,,,,,,,157.6035605172776,6211.418236494064
775906,719,-332.1500000000007,604,8,1,False,0,pistol,,,,,,,155.80546454526606,6215.295337438583
776658,720,-388.60000000000014,752,11,1,False,0,pistol,,,,,,,52.6685073690687,6229.574056148529
777501,721,-214.8500000000001,843,11,2,True,18,machinegun,,,,,,,149.3599258733735,6235.219970464706
778279,722,-265.8000000000003,778,10,1,False,0,pistol,,,,,,,53.23646838990562,6249.834594964981
779024,723,-235.2500000000001,745,11,1,True,38,machinegun,,,,,,,148.65726952640526,6254.846856594086
780057,724,-309.09999999999985,1033,14,2,False,0,pistol,,,,,,,146.53909112886936,6261.896656036377
780731,725,-324.75000000000006,674,9,1,True,48,machinegun,,,,,,,50.11846161319501,6275.345312356949
781736,726,-388.80000000000086,1005,14,1,True,17,machinegun,,,,,,,148.4680043833766,6282.115126848221
784270,727,-1065.5499999999977,2534,44,5,False,0,pistol,,,,,,,97.94586128675267,6307.98724937439
785112,728,-456.2000000000003,842,12,2,False,0,pistol,,,,,,,90.64685860322578,6317.276606082916
785730,729,-335.50000000000057,618,9,1,False,0,pistol,,,,,,,247.3835011360012,6319.775207042694
786974,730,-299.05000000000035,1244,20,2,False,0,pistol,,,,,,,119.46271382318385,6330.1890749931335
788026,731,-105.85000000000056,1052,15,2,False,0,pistol,,,,,,,259.5059566756854,6334.243399858475
788834,732,-506.1000000000011,808,12,2,False,0,pistol,,,,,,,96.7427979446894,6342.595860958099
789481,733,-358.15000000000066,647,10,2,False,0,pistol,,,,,,,256.62876231408535,6345.117465734482
791324,734,-467.2000000000005,1843,31,4,True,58,machinegun,,,,,,,150.71285794122642,6357.346388339996
791922,735,-62.550000000000225,598,10,1,False,0,pistol,,,,,,,264.6619955534311,6359.6063487529755
792634,736,-173.64999999999992,712,10,2,False,0,pistol,,,,,,,91.98670862206005,6367.347031116486
793931,737,-291.3000000000008,1297,19,2,True,4,machinegun,,,,,,,253.6922651688162,6372.460067510605
794852,738,-308.7499999999997,921,14,2,False,0,pistol,,,,,,,105.93153412297463,6381.154771089554
797367,739,-1183.049999999992,2515,40,5,True,56,machinegun,,,,,,,166.41568490899041,6396.268030166626
798851,740,-32.85000000000249,1484,24,3,False,0,pistol,,,,,,,134.28368988583503,6407.319708824158
800026,741,-21.600000000002822,1175,18,2,False,0,pistol,,,,,,,255.302609793612,6411.922599554062
801515,742,-543.949999999996,1489,25,2,False,0,pistol,,,,,,,134.90365683228507,6422.960509777069
803013,743,-586.5000000000018,1498,26,3,True,61,machinegun,,,,,,,139.2874798458743,6433.715721845627
805445,744,-479.599999999997,2432,41,5,False,0,pistol,,,,,,,165.72901831702927,6448.390847444534
806247,745,-353.90000000000015,802,13,1,True,50,machinegun,,,,,,,259.2396552310111,6451.484907865524
807481,746,-457.1499999999997,1234,19,2,False,0,pistol,,,,,,,123.27059876458631,6461.495800733566
809000,747,-525.9499999999928,1519,25,3,False,0,pistol,,,,,,,138.9583373264844,6472.4275686740875
810746,748,-321.25000000000176,1746,28,3,False,0,pistol,,,,,,,262.2298423506693,6479.086268901825
811247,749,-398.7500000000005,501,7,1,False,0,pistol,,,,,,,71.0604106026438,6486.137024879456
812487,750,-527.3500000000023,1240,20,2,False,0,pistol,,,,,,,255.0115930920783,6491.000091552734
815093,751,-526.2500000000033,2606,44,5,False,0,pistol,,,,,,,165.87459033118932,6506.711290597916
815704,752,-148.39999999999995,611,8,1,False,0,pistol,,,,,,,80.12199834798697,6514.33766412735
816684,753,-338.65000000000043,980,14,2,False,0,pistol,,,,,,,249.15833778459051,6518.271412372589
817609,754,-540.9500000000021,925,12,2,False,0,pistol,,,,,,,99.57301518816972,6527.561532974243
819520,755,-137.95000000000246,1911,34,4,False,0,pistol,,,,,,,152.51410902722466,6540.091958761215
820644,756,-490.9499999999949,1124,18,2,False,0,pistol,,,,,,,259.5325689751189,6544.423259496689
821413,757,-224.2500000000009,769,8,1,False,0,pistol,,,,,,,93.89602373126374,6552.613577604294
822241,758,-331.8500000000007,828,12,1,False,0,pistol,,,,,,,261.14047782863406,6555.784768104553
823743,759,-353.5500000000003,1502,23,3,False,0,pistol,,,,,,,136.2199516078578,6566.811487197876
824358,760,-184.34999999999988,615,9,1,False,0,pistol,,,,,,,257.9793894277231,6569.195884227753
825272,761,-427.1000000000013,914,12,1,False,0,pistol,,,,,,,256.887003511094,6572.754333257675
826127,762,-384.85000000000116,855,12,2,True,48,machinegun,,,,,,,101.17602913538369,6581.205435037613
826603,763,-195.7999999999997,476,4,1,False,0,pistol,,,,,,,255.40190611620986,6583.069630861282
827815,764,-461.1500000000011,1212,17,2,False,0,pistol,,,,,,,123.99402681804737,6592.844725370407
828868,765,-221.50000000000045,1053,14,2,False,0,pistol,,,,,,,249.17260483752082,6597.071178197861
829254,766,-152.94999999999993,386,5,1,False,0,pistol,,,,,,,254.00334895057796,6598.591241598129
830366,767,-367.15000000000055,1112,16,2,False,0,pistol,,,,,,,117.71265561467156,6608.038450241089
832309,768,-489.9999999999992,1943,34,4,False,0,pistol,,,,,,,150.72219531568874,6620.930223464966
833212,769,-237.45000000000033,903,10,2,False,0,pistol,,,,,,,258.63283726245794,6624.422074794769
833900,770,-340.3999999999998,688,8,1,False,0,pistol,,,,,,,88.53632160583238,6632.193296670914
835121,771,-821.3499999999999,1221,18,2,False,0,pistol,,,,,,,258.12703022109,6636.92395067215
835974,772,-206.90000000000006,853,14,2,False,0,pistol,,,,,,,101.6276487413835,6645.317811965942
837396,773,-454.1500000000021,1422,23,3,False,0,pistol,,,,,,,254.889485842337,6650.897172451019
838684,774,-16.30000000000091,1288,21,3,False,0,pistol,,,,,,,125.59694410248471,6661.1526119709015
840196,775,-403.4000000000015,1512,23,3,True,9,machinegun,,,,,,,136.54163483746308,6672.226635217667
841459,776,-310.9000000000004,1263,20,3,False,0,pistol,,,,,,,259.11455996797537,6677.1014103889465
842009,777,-222.49999999999986,550,8,1,False,0,pistol,,,,,,,75.5565476039384,6684.381195068359
842893,778,-306.95000000000056,884,13,2,True,52,machinegun,,,,,,,253.07385037936183,6687.874671459198
844063,779,-159.6000000000001,1170,19,2,False,0,pistol,,,,,,,119.91621149925379,6697.631902456284
845947,780,-433.4000000000014,1884,32,4,True,58,machinegun,,,,,,,148.10718316026603,6710.35314655304
848403,781,-96.75000000000213,2456,45,5,False,0,pistol,,,,,,,167.94131300684498,6724.977756261826
849577,782,-299.4499999999998,1174,17,2,False,0,pistol,,,,,,,258.49361710214197,6729.519993066788
851098,783,-372.65000000000055,1521,24,3,True,10,machinegun,,,,,,,136.38976322577108,6740.6723046302795
853638,784,-701.9000000000013,2540,44,5,False,0,pistol,,,,,,,166.7356419737146,6755.90655708313
855327,785,-211.65000000000038,1689,28,3,False,0,pistol,,,,,,,143.1399001901304,6767.706841945648
856364,786,-184.90000000000026,1037,16,2,False,0,pistol,,,,,,,113.4473740432892,6776.848124265671
857805,787,-372.6,1441,23,3,False,0,pistol,,,,,,,254.90500090612858,6782.501631736755
859569,788,-443.6499999999997,1764,28,3,False,0,pistol,,,,,,,146.17500517724594,6794.569894313812
861714,789,-496.15000000000185,2145,38,4,False,0,pistol,,,,,,,151.84724495893164,6808.696401834488
862802,790,-185.2000000000002,1088,17,2,False,0,pistol,,,,,,,113.31884079420185,6818.298079252243
864108,791,-240.49999999999943,1306,20,2,False,0,pistol,,,,,,,251.92042628009835,6823.482686281204
865184,792,-405.6500000000012,1076,17,1,False,0,pistol,,,,,,,115.14250348005271,6832.828045368195
865926,793,-262.7500000000002,742,10,2,False,0,pistol,,,,,,,254.46141715003736,6835.744421958923
867037,794,-208.40000000000012,1111,17,2,False,0,pistol,,,,,,,117.00682341810895,6845.240010738373
868269,795,-368.4999999999998,1232,20,3,False,0,pistol,,,,,,,253.95780317156888,6850.091675043106
869139,796,-327.15,870,13,2,True,97,machinegun,,,,,,,102.17658620566257,6858.606813430786
870776,797,-594.0500000000015,1637,25,3,False,0,pistol,,,,,,,140.1716969636442,6870.285948753357
871956,798,-323.65000000000043,1180,17,2,False,0,pistol,,,,,,,257.85206064501483,6874.862700223923
873537,799,-753.4499999999986,1581,26,3,False,0,pistol,,,,,,,138.33997865900903,6886.2915325164795
876397,800,-976.8499999999892,2860,50,6,False,0,pistol,,,,,,,176.32584511933422,6902.511952877045
877435,801,-140.9500000000006,1038,15,2,False,0,pistol,,,,,,,112.4812089936653,6911.740601062775
878420,802,-253.05000000000092,985,14,2,False,0,pistol,,,,,,,252.9970645063942,6915.6343631744385
879103,803,-158.09999999999968,683,10,1,False,0,pistol,,,,,,,85.49386536499881,6923.6236743927
880773,804,-695.5500000000003,1670,26,3,False,0,pistol,,,,,,,143.04298765363976,6935.2989275455475
882190,805,-233.30000000000103,1417,22,3,False,0,pistol,,,,,,,258.8154948354294,6940.774335861206
883891,806,-353.95000000000135,1701,25,3,False,0,pistol,,,,,,,145.74259375164507,6952.44603562355
884518,807,-180.8999999999999,627,10,2,False,0,pistol,,,,,,,259.2231402188932,6954.865273475647
885972,808,-422.09999999999803,1454,23,3,False,0,pistol,,,,,,,135.89256138772623,6965.565289020538
886824,809,-380.5000000000014,852,11,1,False,0,pistol,,,,,,,100.27625507754983,6974.062224149704
888583,810,-568.050000000001,1759,30,3,False,0,pistol,,,,,,,254.26535173545912,6980.980633497238
890415,811,-497.40000000000015,1832,31,4,False,0,pistol,,,,,,,150.09889945203102,6993.186387300491
890868,812,-264.7999999999999,453,7,1,False,0,pistol,,,,,,,264.04862557862526,6994.9025893211365
892794,813,-657.4999999999962,1926,32,3,False,0,pistol,,,,,,,152.60799049210087,7007.523615837097
894698,814,-443.40000000000146,1904,32,4,False,0,pistol,,,,,,,154.04605756274265,7019.88401722908
896563,815,-698.4499999999982,1865,28,3,False,0,pistol,,,,,,,153.05563351129155,7032.069534063339
899591,816,-934.3999999999853,3028,53,6,False,0,pistol,,,,,,,121.36242253159459,7057.020081520081
900699,817,-591.4999999999999,1108,16,1,False,0,pistol,,,,,,,241.60846607499232,7061.606533527374
902679,818,-658.349999999999,1980,34,4,False,0,pistol,,,,,,,91.62893511596877,7083.21596121788
904270,819,-560.0500000000017,1591,26,3,True,53,machinegun,,,,,,,83.31929200614395,7102.3118019104
904644,820,-228.3499999999998,374,3,1,False,0,pistol,,,,,,,136.67353657514437,7105.049052476883
905956,821,-398.2000000000022,1312,21,3,False,0,pistol,,,,,,,67.68679115732336,7124.432993888855
908051,822,-779.5500000000014,2095,35,4,False,0,pistol,,,,,,,89.15859411431737,7147.930992364883
909284,823,-187.20000000000064,1233,20,3,False,0,pistol,,,,,,,154.29317804258255,7155.922960758209
910183,824,-286.34999999999957,899,15,2,True,23,machinegun,,,,,,,61.37454133847172,7170.571265220642
911143,825,-508.0000000000001,960,16,2,True,57,machinegun,,,,,,,157.05970640033235,7176.684248209
912555,826,-420.45000000000243,1412,22,2,False,0,pistol,,,,,,,78.04002542406997,7194.778179168701
913865,827,-336.5999999999999,1310,22,3,False,0,pistol,,,,,,,72.44051415439166,7212.8626210689545
914511,828,-256.24999999999966,646,8,1,False,0,pistol,,,,,,,147.38618638187992,7217.24622964859
915640,829,-355.60000000000093,1129,17,2,False,0,pistol,,,,,,,64.47160464405518,7234.758383512497
917401,830,-354.8500000000034,1761,26,3,False,0,pistol,,,,,,,152.15183919258294,7246.332992076874
918701,831,-174.4000000000018,1300,21,2,False,0,pistol,,,,,,,71.6575258755375,7264.475644826889
919952,832,-157.8000000000021,1251,17,2,False,0,pistol,,,,,,,69.41206529970269,7282.499062776566
920872,833,-342.15000000000043,920,14,2,False,0,pistol,,,,,,,157.10925078119797,7288.35550069809
921868,834,-393.6500000000004,996,15,2,False,0,pistol,,,,,,,63.623123249832766,7304.010986328125
922539,835,-116.70000000000057,671,9,1,False,0,pistol,,,,,,,149.9127721791167,7308.487621307373
923524,836,-261.64999999999986,985,15,2,False,0,pistol,,,,,,,144.9419972668151,7315.284468889236
924947,837,-128.35000000000053,1423,20,3,False,0,pistol,,,,,,,72.18787679677796,7334.99743938446
925879,838,-352.70000000000044,932,15,2,False,0,pistol,,,,,,,59.17479755660571,7350.748009443283
926285,839,-230.79999999999978,406,6,1,False,0,pistol,,,,,,,141.6720506991516,7353.614382982254
926715,840,-265.7999999999998,430,5,1,False,0,pistol,,,,,,,154.6126660860675,7356.396152496338
927141,841,-210.94999999999982,426,4,1,False,0,pistol,,,,,,,147.0974297825341,7359.292707681656
928168,842,-100.55000000000074,1027,16,2,False,0,pistol,,,,,,,59.982370582598804,7376.415110111237
928641,843,-271.9999999999999,473,5,1,False,0,pistol,,,,,,,124.19559606794598,7380.22455739975
929094,844,-142.6999999999999,453,7,1,False,0,pistol,,,,,,,123.42220714032933,7383.895624637604
930002,845,-254.59999999999977,908,13,1,True,39,machinegun,,,,,,,34.8387835539685,7409.959201097488
930658,846,-201.9999999999997,656,7,1,False,0,pistol,,,,,,,97.97372140012381,7416.656152009964
931308,847,-239.34999999999968,650,6,1,False,0,pistol,,,,,,,102.62568862940398,7422.9920382499695
932571,848,-464.09999999999536,1263,18,2,False,0,pistol,,,,,,,53.426945848955675,7446.632382154465
933460,849,-222.50000000000028,889,10,2,False,0,pistol,,,,,,,92.87922308718848,7456.204949855804
934081,850,-272.6499999999996,621,8,1,False,0,pistol,,,,,,,34.27562425078162,7474.3237137794495
934581,851,-176.79999999999993,500,6,1,True,49,machinegun,,,,,,,87.23026868095057,7480.056562900543
936308,852,-471.1000000000036,1727,26,3,False,0,pistol,,,,,,,56.41897965790044,7510.668044090271
937367,853,-198.70000000000022,1059,14,2,False,0,pistol,,,,,,,97.58832707050264,7521.52055644989
939112,854,-393.5499999999996,1745,29,3,False,0,pistol,,,,,,,57.82682199006531,7551.697558879852
939837,855,-166.7499999999997,725,10,2,False,0,pistol,,,,,,,97.48252588918929,7559.135660409927
940715,856,-216.24999999999963,878,12,2,False,0,pistol,,,,,,,40.0663512725308,7581.050183296204
941674,857,-255.3500000000002,959,14,2,False,0,pistol,,,,,,,95.64465139451373,7591.077668905258
942953,858,-343.9499999999998,1279,21,3,False,0,pistol,,,,,,,49.235619833670064,7617.055456638336
945252,859,-990.8500000000009,2299,40,5,True,48,machinegun,,,,,,,64.61609024866384,7652.635449886322
946770,860,-675.9999999999962,1518,24,3,False,0,pistol,,,,,,,55.00803689102464,7680.232159852982
947529,861,-270.0999999999998,759,10,2,False,0,pistol,,,,,,,100.67243848990807,7687.772272825241
948771,862,-542.9500000000014,1242,19,2,False,0,pistol,,,,,,,59.37324563252102,7708.69137263298
949444,863,-367.5500000000001,673,10,2,False,0,pistol,,,,,,,136.7993550174282,7713.61168217659
950372,864,-135.94999999999996,928,13,2,False,0,pistol,,,,,,,42.470046597840046,7735.46333861351
952546,865,-598.8500000000015,2174,37,4,False,0,pistol,,,,,,,67.20517204102276,7767.81289100647
953703,866,-283.04999999999956,1157,17,2,False,0,pistol,,,,,,,97.19996691906867,7779.717262268066
954942,867,-391.0500000000008,1239,20,3,False,0,pistol,,,,,,,47.62865341639185,7805.731835842133
956011,868,-354.04999999999956,1069,16,2,False,0,pistol,,,,,,,98.69318359235838,7816.564317941666
957792,869,-751.6000000000008,1781,30,4,False,0,pistol,,,,,,,58.20897399613252,7847.162642240524
958599,870,-155.6999999999997,807,10,2,False,0,pistol,,,,,,,38.00260157237294,7868.398762464523
959245,871,-172.84999999999968,646,9,1,False,0,pistol,,,,,,,99.48862182950103,7874.892807006836
960781,872,-337.95000000000124,1536,23,3,False,0,pistol,,,,,,,55.435543486333415,7902.601496458054
961690,873,-51.75000000000058,909,14,2,False,0,pistol,,,,,,,95.7269641739303,7912.098598957062
963178,874,-714.3500000000001,1488,24,3,True,22,machinegun,,,,,,,55.66515698264899,7938.830666065216
963705,875,-439.3500000000003,527,8,1,False,0,pistol,,,,,,,90.39187666553322,7944.663452386856
965181,876,-395.8500000000007,1476,23,3,False,0,pistol,,,,,,,50.726501853193504,7973.761613845825
966569,877,-112.45000000000122,1388,24,3,True,43,machinegun,,,,,,,103.37439160253237,7987.189328670502
967219,878,-341.8000000000001,650,8,1,False,0,pistol,,,,,,,39.85520311136043,8003.499310493469
968220,879,-521.0999999999987,1001,13,1,False,0,pistol,,,,,,,142.0459882742402,8010.547105073929
969245,880,-67.20000000000074,1025,16,2,False,0,pistol,,,,,,,50.29209319510387,8030.928525209427
970719,881,-539.0999999999988,1474,23,2,False,0,pistol,,,,,,,124.70318559708207,8042.752183914185
972920,882,-400.50000000000114,2201,37,3,False,0,pistol,,,,,,,57.69689552249627,8080.900714159012
973503,883,-201.3999999999998,583,7,1,False,0,pistol,,,,,,,122.46336257010478,8085.662210226059
974038,884,-241.39999999999998,535,7,1,True,50,machinegun,,,,,,,140.13018893869875,8089.480770111084
974614,885,-220.49999999999983,576,8,1,False,0,pistol,,,,,,,111.46558361799687,8094.64889383316
975856,886,-450.60000000000053,1242,17,2,False,0,pistol,,,,,,,48.34858029494244,8120.3382358551025
976934,887,-597.899999999999,1078,15,2,False,0,pistol,,,,,,,44.576088339108836,8144.522344827652
977400,888,-177.9999999999998,466,6,1,False,0,pistol,,,,,,,85.51045195932046,8149.972540140152
978910,889,-784.5499999999996,1510,23,3,False,0,pistol,,,,,,,94.5964052882586,8165.936436653137
980645,890,-240.30000000000027,1735,29,3,False,0,pistol,,,,,,,53.606580604336855,8198.302619218826
981830,891,-341.24999999999994,1185,19,2,False,0,pistol,,,,,,,43.779388815362694,8225.371145009995
982569,892,-250.30000000000015,739,10,2,False,0,pistol,,,,,,,87.10046674031281,8233.857566833496
983027,893,-294.14999999999975,458,6,1,False,0,pistol,,,,,,,88.18508761786202,8239.052678346634
984440,894,-230.20000000000076,1413,23,3,False,0,pistol,,,,,,,48.06858552509118,8268.449176311493
985536,895,-553.7500000000016,1096,16,2,False,0,pistol,,,,,,,38.61444976752574,8296.833311080933
986165,896,-398.80000000000064,629,8,1,False,0,pistol,,,,,,,93.52154037075437,8303.559814214706
986931,897,-453.4000000000007,766,10,2,False,0,pistol,,,,,,,92.29813702852591,8311.860169887543
988393,898,-220.10000000000005,1462,22,3,False,0,pistol,,,,,,,45.02404923980963,8344.33263039589
989057,899,-247.24999999999977,664,9,1,False,0,pistol,,,,,,,94.23476602418931,8351.381531238556
991129,900,-395.8500000000034,2072,34,4,True,41,machinegun,,,,,,,56.36211828641375,8388.146094560623
992406,901,-371.05000000000064,1277,18,2,True,47,machinegun,,,,,,,56.3217090035018,8410.81998705864
992963,902,-245.64999999999984,557,7,1,False,0,pistol,,,,,,,139.40390983950837,8414.816203832626
993730,903,-419.80000000000007,767,9,1,False,0,pistol,,,,,,,45.83735280895188,8431.550120353699
994905,904,-238.95000000000184,1175,18,2,False,0,pistol,,,,,,,144.8836632891298,8439.660774230957
996182,905,-914.749999999997,1277,18,1,True,30,machinegun,,,,,,,63.2932977758484,8459.837299346924
997853,906,-134.50000000000136,1671,29,3,True,58,machinegun,,,,,,,72.89791128178555,8482.760513782501
998320,907,-282.7999999999997,467,6,1,False,0,pistol,,,,,,,147.11379234073044,8485.93563079834
999416,908,-257.7999999999996,1096,15,2,False,0,pistol,,,,,,,182.40679713496843,8491.9448056221
1000460,909,-568.0000000000019,1044,14,2,False,0,pistol,,,,,,,94.48183192057874,8502.995046377182
1001811,910,-837.5999999999985,1351,19,2,False,0,pistol,,,,,,,112.08261236275034,8515.049217224121
1002275,911,-260.24999999999983,464,6,1,False,0,pistol,,,,,,,200.69129333037856,8517.361763477325
1003185,912,-275.7500000000008,910,12,1,True,7,machinegun,,,,,,,241.7727832228359,8521.126034259796
1003743,913,-186.9999999999997,558,6,1,False,0,pistol,,,,,,,72.82339913297892,8528.788881778717
1004234,914,-475.2500000000005,491,7,1,False,0,pistol,,,,,,,201.47302472809892,8531.226410865784
1005612,915,-255.05000000000072,1378,21,3,False,0,pistol,,,,,,,123.0943284804249,8542.42154788971
1006446,916,-264.4500000000005,834,12,2,False,0,pistol,,,,,,,250.11300943895114,8545.756537914276
1007679,917,-577.4500000000002,1233,17,2,False,0,pistol,,,,,,,117.0160809135115,8556.294111728668
1009046,918,-296.85000000000065,1367,21,3,False,0,pistol,,,,,,,225.5913345685167,8562.354346036911
1012266,919,-726.4000000000013,3220,50,5,True,49,machinegun,,,,,,,126.5841377727591,8587.792381286621
1013166,920,-199.85000000000048,900,13,2,False,0,pistol,,,,,,,227.00529815032294,8591.75752544403
1014268,921,-356.7000000000009,1102,14,2,False,0,pistol,,,,,,,106.9168480854494,8602.065019369125
1015941,922,-202.05000000000078,1673,26,3,False,0,pistol,,,,,,,128.1319256553799,8615.122359991074
1016584,923,-156.05,643,9,1,False,0,pistol,,,,,,,243.0112788861914,8617.769068479538
1017472,924,-322.6000000000002,888,13,2,False,0,pistol,,,,,,,249.81393796501288,8621.324184894562
1018589,925,-400.55000000000194,1117,18,2,False,0,pistol,,,,,,,105.97674334699288,8631.864686489105
1019076,926,-124.14999999999979,487,7,1,True,50,machinegun,,,,,,,225.67044823174223,8634.023308515549
1019774,927,-500.0000000000013,698,10,2,False,0,pistol,,,,,,,212.7218619969968,8637.30524110794
1021318,928,-548.8500000000006,1544,24,3,False,0,pistol,,,,,,,113.1519038761746,8650.951103687286
1022259,929,-564.8500000000006,941,13,1,False,0,pistol,,,,,,,92.67079686332212,8661.105864524841
1022933,930,-317.20000000000033,674,10,2,True,50,machinegun,,,,,,,214.2380870570441,8664.25238084793
1024902,931,-601.0000000000014,1969,32,4,True,50,machinegun,,,,,,,137.33577830698624,8678.590059995651
1026874,932,-570.2000000000006,1972,35,4,False,0,pistol,,,,,,,146.8477992175484,8692.019359827042
1028336,933,-174.39999999999955,1462,23,3,False,0,pistol,,,,,,,108.8860873209225,8705.446854829788
1030488,934,-402.90000000000265,2152,35,4,False,0,pistol,,,,,,,114.16477015443482,8724.297376394272
1033860,935,-204.90000000000498,3372,59,6,False,0,pistol,,,,,,,106.23050004792061,8756.040355205536
1035808,936,-319.3000000000003,1948,32,4,False,0,pistol,,,,,,,108.84650884976749,8773.938020944595
1037712,937,-189.45000000000044,1904,34,4,False,0,pistol,,,,,,,126.29356258649224,8789.014709472656
1039293,938,19.7499999999982,1581,25,3,False,0,pistol,,,,,,,119.39025622618746,8802.257484436035
1039879,939,-307.99999999999943,586,8,1,False,0,pistol,,,,,,,232.29964062420845,8804.808698415756
1041218,940,-573.4500000000019,1339,20,3,False,0,pistol,,,,,,,98.01359230020847,8818.470563650131
1042746,941,-443.55000000000194,1528,23,3,False,0,pistol,,,,,,,109.62034575523464,8832.410211801529
1043722,942,-464.60000000000133,976,15,2,False,0,pistol,,,,,,,223.77608794570827,8836.77216887474
1043995,943,-228.1999999999998,273,3,1,False,0,pistol,,,,,,,240.42414443863063,8837.908072948456
1046458,944,-699.8500000000028,2463,44,5,False,0,pistol,,,,,,,150.99322624514843,8854.22042798996
1047819,945,-351.80000000000115,1361,22,3,False,0,pistol,,,,,,,118.55271415720523,8865.701052188873
1050184,946,-368.5500000000012,2365,40,5,False,0,pistol,,,,,,,157.53134375455832,8880.714333295822
1051554,947,-418.2500000000006,1370,24,3,False,0,pistol,,,,,,,130.33103358864733,8891.226457118988
1052109,948,-351.2500000000007,555,9,1,False,0,pistol,,,,,,,250.731104142046,8893.440449476242
1054099,949,-384.0500000000014,1990,33,4,False,0,pistol,,,,,,,142.54449002870916,8907.401499271393
1055132,950,-365.1999999999998,1033,16,2,False,0,pistol,,,,,,,103.32170238967068,8917.399918556213
1055963,951,-275.90000000000106,831,13,2,False,0,pistol,,,,,,,213.92440070673368,8921.285022974014
1056935,952,-212.69999999999973,972,16,2,False,0,pistol,,,,,,,90.20777996795825,8932.060554265976
1057858,953,-107.8500000000002,923,15,2,False,0,pistol,,,,,,,213.28028510367668,8936.388760089874
1059251,954,-581.1000000000004,1393,23,3,True,99,machinegun,,,,,,,119.88061382142371,8948.009137630463
1060872,955,-61.60000000000055,1621,26,3,False,0,pistol,,,,,,,127.91210831828602,8960.682428121567
1062993,956,-53.80000000000323,2121,33,4,False,0,pistol,,,,,,,141.74941367817368,8975.645956516266
1064292,957,-252.09999999999968,1299,18,2,False,0,pistol,,,,,,,198.34139009246258,8982.195957899094
1065895,958,-255.05000000000172,1603,25,3,False,0,pistol,,,,,,,129.16206531152338,8994.60714173317
1067398,959,-270.00000000000125,1503,24,3,True,38,machinegun,,,,,,,112.20261417306409,9008.002983093262
1069065,960,-124.0500000000014,1667,25,3,False,0,pistol,,,,,,,124.36701083820256,9021.407294034958
1070049,961,-220.24999999999972,984,13,2,False,0,pistol,,,,,,,286.91041539841507,9024.837472438812
1070404,962,-159.74999999999983,355,5,1,False,0,pistol,,,,,,,297.0679457736221,9026.032871484756
1072254,963,-45.40000000000227,1850,31,4,True,50,machinegun,,,,,,,146.66227128196678,9038.647251844406
1074043,964,-473.45000000000084,1789,29,3,False,0,pistol,,,,,,,137.4146958777202,9051.666861534119
1075128,965,-246.59999999999974,1085,15,2,False,0,pistol,,,,,,,221.14209080314737,9056.57361650467
1075548,966,-209.8999999999998,420,5,1,False,0,pistol,,,,,,,56.602023384990595,9063.99444270134
1077612,967,-481.4500000000004,2064,35,4,False,0,pistol,,,,,,,137.6032085403908,9078.994606494904
1080353,968,-872.5999999999904,2741,49,5,True,23,machinegun,,,,,,,153.40057756583653,9096.863386154175
1081496,969,-558.6999999999953,1143,19,2,True,31,machinegun,,,,,,,109.59663571583454,9107.293057918549
1083037,970,-467.4000000000001,1541,24,3,True,74,machinegun,,,,,,,230.79929194277094,9113.970311880112
1084725,971,-581.3999999999991,1688,27,3,False,0,pistol,,,,,,,137.87242139571038,9126.213917016983
1085714,972,-255.14999999999955,989,15,2,False,0,pistol,,,,,,,86.94953453055321,9137.588886976242
1086845,973,-394.94999999999914,1131,18,1,True,57,machinegun,,,,,,,231.43287308820297,9142.476351737976
1089606,974,-1055.799999999994,2761,44,5,False,0,pistol,,,,,,,104.47160937673577,9168.905044078827
1091301,975,-284.40000000000225,1695,28,3,False,0,pistol,,,,,,,230.39258818091898,9176.262521982193
1094621,976,-891.1999999999973,3320,65,7,False,0,pistol,,,,,,,133.18289115908658,9201.19120669365
1095936,977,-173.90000000000208,1315,22,3,True,14,machinegun,,,,,,,126.38827228900958,9211.596210241318
1097491,978,-227.2999999999993,1555,25,3,True,32,machinegun,,,,,,,243.67678629258776,9217.978037118912
1099549,979,-517.9500000000012,2058,33,4,False,0,pistol,,,,,,,140.99935809426276,9232.574241161346
1100138,980,-128.4000000000002,589,8,1,False,0,pistol,,,,,,,76.52705162111474,9240.27147102356
1101099,981,-318.65000000000003,961,15,2,True,50,machinegun,,,,,,,237.62258830731363,9244.316207647324
1101977,982,-97.60000000000073,878,11,2,False,0,pistol,,,,,,,98.44970177425525,9253.234970092773
1102953,983,-219.6499999999995,976,14,2,False,0,pistol,,,,,,,238.15143269327766,9257.333691120148
1103925,984,-279.69999999999976,972,15,2,False,0,pistol,,,,,,,82.3529976131375,9269.137131214142
1105073,985,-206.74999999999966,1148,16,2,False,0,pistol,,,,,,,162.77722459389034,9276.190253257751
1105860,986,-199.3000000000002,787,10,1,True,2,machinegun,,,,,,,167.50129741912644,9280.889312028885
1106496,987,-281.3999999999998,636,9,1,False,0,pistol,,,,,,,57.21631069930289,9292.005831718445
1108927,988,-907.1999999999975,2431,44,5,True,172,machinegun,,,,,,,109.248865098309,9314.25834608078
1110364,989,-117.85000000000124,1437,23,2,False,0,pistol,,,,,,,70.81100152969573,9334.552319288254
1114476,990,-1012.5999999999887,4112,79,8,True,35,machinegun,,,,,,,115.78679653960107,9370.066546201706
1114820,991,-228.0499999999998,344,4,1,False,0,pistol,,,,,,,201.61350207951745,9371.773293495178
1117018,992,-556.2500000000014,2198,38,4,False,0,pistol,,,,,,,131.0916201303047,9388.540606021881
1119297,993,-662.1999999999847,2279,39,4,False,0,pistol,,,,,,,149.0192459221324,9403.83450961113
1121145,994,-515.7000000000023,1848,30,4,False,0,pistol,,,,,,,129.6178844288379,9418.092489242554
1121493,995,-145.8999999999998,348,4,1,False,0,pistol,,,,,,,248.2486728824456,9419.494846582413
1122339,996,-130.35000000000102,846,11,2,True,31,machinegun,,,,,,,77.7027130202465,9430.382990837097
1125752,997,-487.89999999998196,3413,60,7,False,0,pistol,,,,,,,171.50733960564366,9450.283826589584
1126972,998,-488.5499999999992,1220,18,2,False,0,pistol,,,,,,,114.85614259671422,9460.906390428543
1127709,999,-225.8,737,12,2,False,0,pistol,,,,,,,251.63376631157502,9463.835763931274
1129964,1000,-314.4000000000018,2255,41,5,False,0,pistol,,,,,,,129.11557164842858,9481.301237821579
1131627,1001,-427.85000000000014,1663,26,3,True,20,machinegun,,,,,,,128.21977029246185,9494.271629810333
1132147,1002,-355.8999999999999,520,7,1,False,0,pistol,,,,,,,225.5306682229838,9496.577802419662
1135870,1003,-412.65000000000464,3723,63,6,False,0,pistol,,,,,,,129.46366047938002,9525.335309028625
1136426,1004,-331.70000000000005,556,8,1,False,0,pistol,,,,,,,198.763983726131,9528.13323688507
1137655,1005,-259.7500000000017,1229,19,2,False,0,pistol,,,,,,,98.46337331477349,9540.615635871887
1140507,1006,-860.4499999999929,2852,52,6,False,0,pistol,,,,,,,131.78581576863726,9562.257295846939
1141767,1007,-268.80000000000143,1260,21,3,False,0,pistol,,,,,,,92.97866102585446,9575.809257507324
1143895,1008,-208.69999999999973,2128,36,4,False,0,pistol,,,,,,,135.68426061898498,9591.493339776993
1146443,1009,-804.4500000000035,2548,45,5,False,0,pistol,,,,,,,159.24809686878788,9607.494091033936
1148743,1010,-555.450000000001,2300,40,5,False,0,pistol,,,,,,,147.2085918100536,9623.118681669235
1152018,1011,-935.7499999999857,3275,57,6,False,0,pistol,,,,,,,128.69165384232636,9648.567593574524
1155141,1012,-833.9999999999999,3123,61,7,False,0,pistol,,,,,,,115.74003041764956,9675.551034212112
1158146,1013,-619.2499999999997,3005,53,6,False,0,pistol,,,,,,,164.0675592819294,9693.867092370987
1162063,1014,-1061.2999999999909,3917,75,8,False,0,pistol,,,,,,,128.98593568635363,9724.235249996185
1162450,1015,-332.3499999999999,387,6,1,True,48,machinegun,,,,,,,248.7530359384123,9725.791528224945
1163439,1016,-446.50000000000165,989,15,2,False,0,pistol,,,,,,,100.50348225244743,9735.632477760315
1164302,1017,-146.10000000000073,863,12,2,False,0,pistol,,,,,,,238.53486962306556,9739.250961303711
1164860,1018,-243.29999999999987,558,8,1,False,0,pistol,,,,,,,235.35717434019094,9741.622240543365
1167296,1019,-557.9999999999974,2436,45,5,False,0,pistol,,,,,,,155.39678135838085,9757.298691987991
1168598,1020,-429.0000000000024,1302,21,2,False,0,pistol,,,,,,,116.79833965780787,9768.446658372879
1169602,1021,-383.65000000000043,1004,15,2,False,0,pistol,,,,,,,104.0235389538408,9778.09878706932
1170958,1022,-348.5500000000004,1356,21,3,False,0,pistol,,,,,,,247.6123096419352,9783.575521707535
1173474,1023,-1259.399999999995,2516,46,5,False,0,pistol,,,,,,,151.1302062554104,9800.223938465118
1175052,1024,-691.4999999999972,1578,24,3,False,0,pistol,,,,,,,126.82131839864503,9812.667105197906
1175732,1025,-169.2499999999999,680,9,1,False,0,pistol,,,,,,,78.71957535270434,9821.305919408798
1176760,1026,-322.09999999999917,1028,16,2,False,0,pistol,,,,,,,227.30828646843,9825.82894229889
1177935,1027,-387.6500000000003,1175,18,1,False,0,pistol,,,,,,,111.19929082379639,9836.395955562592
1181074,1028,-1189.6999999999973,3139,56,6,False,0,pistol,,,,,,,172.05793852902144,9854.640256643295
1182182,1029,-355.60000000000156,1108,17,2,True,95,machinegun,,,,,,,110.95165468127435,9864.627190589905
1183970,1030,-391.8500000000036,1788,29,2,False,0,pistol,,,,,,,143.95599072129414,9877.048226118088
1189064,1031,-1000.0999999999855,5094,97,10,True,73,machinegun,,,,,,,155.90066868897884,9909.723348140717
1189892,1032,-451.9500000000002,828,12,2,False,0,pistol,,,,,,,88.75446839915669,9919.053060770035
1190984,1033,-335.6999999999996,1092,14,2,False,0,pistol,,,,,,,227.27796983445137,9923.858320713043
1192225,1034,-567.1999999999946,1241,20,3,False,0,pistol,,,,,,,94.11311141581334,9937.04507637024
1195200,1035,-592.449999999989,2975,49,4,True,49,machinegun,,,,,,,138.99674462978427,9958.448954105377
1196658,1036,-610.699999999999,1458,24,3,True,148,machinegun,,,,,,,92.65747790278871,9974.18485045433
1197002,1037,-267.0499999999999,344,5,1,False,0,pistol,,,,,,,182.53746713994175,9976.070043325424
1198734,1038,-546.7000000000008,1732,30,4,False,0,pistol,,,,,,,113.36292861813206,9991.348906040192
1201754,1039,-1008.5999999999962,3020,54,6,False,0,pistol,,,,,,,140.71590265019358,10012.811049461365
1203918,1040,-596.0999999999909,2164,40,5,False,0,pistol,,,,,,,124.7135195313215,10030.16339468956
1205274,1041,-364.1499999999999,1356,19,2,False,0,pistol,,,,,,,97.9767155015092,10044.004138469696
1209474,1042,-1825.500000000009,4200,99,10,True,69,machinegun,,,,,,,123.64067822905041,10077.973974227905
1210756,1043,-235.8000000000002,1282,21,3,True,18,machinegun,,,,,,,101.52177234270552,10090.602503299713
1211948,1044,-280.40000000000015,1192,20,2,False,0,pistol,,,,,,,214.35226712980653,10096.163975000381
1213504,1045,-267.0500000000016,1556,23,3,False,0,pistol,,,,,,,101.77336345311696,10111.453273534775
1214298,1046,-214.3,794,12,2,False,0,pistol,,,,,,,214.0300897386197,10115.163708925247
1218356,1047,-1447.599999999998,4058,88,9,True,187,machinegun,,,,,,,116.46284641157246,10150.007946491241
1218742,1048,-280.05000000000024,386,4,1,False,0,pistol,,,,,,,48.63927735853433,10157.94435930252
1220000,1049,-459.6500000000014,1258,20,2,True,17,machinegun,,,,,,,212.7532676166955,10163.857964754105
1221967,1050,-445.39999999999714,1967,32,4,False,0,pistol,,,,,,,128.6604625622074,10179.146788835526
1223676,1051,-582.6500000000008,1709,28,3,False,0,pistol,,,,,,,120.33708001622455,10193.349003314972
1226141,1052,-269.50000000000387,2465,47,5,True,67,machinegun,,,,,,,143.1473143816196,10210.5695707798
1226501,1053,-246.54999999999987,360,4,1,False,0,pistol,,,,,,,213.58446048880512,10212.255670070648
1229175,1054,-731.6000000000003,2674,50,6,False,0,pistol,,,,,,,96.36450001570623,10240.004929304123
1230701,1055,-293.3500000000007,1526,22,3,True,34,machinegun,,,,,,,195.36164336405955,10247.816612482071
1232353,1056,-345.75000000000045,1652,25,3,False,0,pistol,,,,,,,69.98310149626487,10271.422932386398
1233859,1057,-304.1000000000019,1506,22,1,False,0,pistol,,,,,,,66.72817206871852,10293.99301457405
1235029,1058,-311.2500000000002,1170,18,2,False,0,pistol,,,,,,,57.6139813826938,10314.301420927048
1236504,1059,-532.7499999999998,1475,24,3,False,0,pistol,,,,,,,120.57140562994122,10326.535645246506
1238395,1060,-476.9499999999983,1891,31,2,False,0,pistol,,,,,,,73.31383903811751,10352.329535484314
1240769,1061,-308.2500000000003,2374,41,5,False,0,pistol,,,,,,,80.84936753840402,10381.693927764893
1243667,1062,-392.85000000000383,2898,47,5,False,0,pistol,,,,,,,61.81353079853282,10428.577597379684
1246354,1063,-436.6500000000015,2687,51,4,False,0,pistol,,,,,,,82.53225734047217,10461.135406255722
1249439,1064,-1058.150000000002,3085,58,6,False,0,pistol,,,,,,,74.87914766864257,10502.338314056396
1251149,1065,-773.850000000003,1710,28,3,False,0,pistol,,,,,,,193.3798708014739,10511.18175315857
1252840,1066,-414.79999999999023,1691,28,3,True,70,machinegun,,,,,,,105.55284588502253,10527.202664375305
1253177,1067,-192.84999999999985,337,5,1,False,0,pistol,,,,,,,201.59280457050798,10528.874871969223
1255653,1068,-422.3000000000005,2476,46,5,False,0,pistol,,,,,,,84.15971600327197,10558.295696258545
1256740,1069,-328.15000000000015,1087,18,2,False,0,pistol,,,,,,,206.88158837138135,10563.550469875336
1258761,1070,-613.5500000000028,2021,33,4,False,0,pistol,,,,,,,114.6797503885956,10581.17401266098
1259896,1071,-210.9000000000011,1135,19,2,True,62,machinegun,,,,,,,91.57841513123982,10593.56819987297
1261469,1072,-439.45000000000203,1573,27,3,False,0,pistol,,,,,,,234.19215900491514,10600.28698682785
1262179,1073,-134.50000000000009,710,10,1,False,0,pistol,,,,,,,79.84006013241421,10609.18022108078
1263542,1074,-504.14999999999463,1363,21,2,False,0,pistol,,,,,,,239.642484928542,10614.868348360062
1264585,1075,-123.80000000000122,1043,15,2,False,0,pistol,,,,,,,91.57331089127432,10626.258613824844
1266204,1076,-439.34999999999906,1619,26,3,True,41,machinegun,,,,,,,119.00084698957697,10639.86410021782
1268043,1077,-527.9499999999999,1839,29,3,False,0,pistol,,,,,,,125.01343892128824,10654.5750477314
1269414,1078,-553.9999999999997,1371,21,3,False,0,pistol,,,,,,,212.29479858819894,10661.033694028854
1271670,1079,-387.9000000000012,2256,40,5,False,0,pistol,,,,,,,129.63917039588137,10678.436420440674
1273278,1080,-108.95000000000267,1608,26,3,False,0,pistol,,,,,,,111.87092796492365,10692.810601711273
1276329,1081,-784.3999999999857,3051,54,6,True,137,machinegun,,,,,,,109.45573647323515,10720.685480833054
1278463,1082,-252.55000000000248,2134,36,4,False,0,pistol,,,,,,,137.11876526628959,10736.249282598495
1280900,1083,-961.9499999999917,2437,42,5,False,0,pistol,,,,,,,128.29122067198946,10755.245636701584
1283913,1084,-710.6999999999931,3013,59,6,True,146,machinegun,,,,,,,103.72184493731702,10784.29505443573
1284225,1085,-164.64999999999992,312,4,1,False,0,pistol,,,,,,,28.57382897820409,10795.214915513992
1285207,1086,-529.3999999999982,982,15,1,False,0,pistol,,,,,,,161.86319092332022,10801.282332658768
1285591,1087,-320.1,384,5,1,False,0,pistol,,,,,,,136.4436122385547,10804.097395658493
1287471,1088,-508.00000000000256,1880,33,4,False,0,pistol,,,,,,,93.1720219949211,10824.275629758835
1290922,1089,-1188.449999999993,3451,66,7,True,11,machinegun,,,,,,,80.61380875985371,10867.085357427597
1293226,1090,-286.8500000000021,2304,39,4,True,48,machinegun,,,,,,,75.65708599074307,10897.53945183754
1294864,1091,-302.1000000000006,1638,27,3,True,44,machinegun,,,,,,,60.56412456054058,10924.585993289948
1297675,1092,-971.4000000000001,2811,52,6,True,7,machinegun,,,,,,,82.14285948975845,10958.80928516388
1300003,1093,-629.749999999994,2328,37,4,False,0,pistol,,,,,,,87.5816273987418,10985.390894651413
1301993,1094,-546.1000000000004,1990,34,4,False,0,pistol,,,,,,,74.3942221347159,11012.141113996506
1304845,1095,-685.3499999999864,2852,52,6,False,0,pistol,,,,,,,64.98437794602646,11056.029284238815
1306115,1096,-465.5999999999997,1270,20,3,False,0,pistol,,,,,,,116.76417893827612,11066.906613111496
1307248,1097,-611.7499999999985,1133,17,2,False,0,pistol,,,,,,,49.90360281988673,11089.611195802689
1308750,1098,-536.1999999999972,1502,22,3,False,0,pistol,,,,,,,62.265071259140605,11113.735249042511
1309857,1099,-263.40000000000003,1107,17,2,True,98,machinegun,,,,,,,124.08549682802717,11122.657271146774
1311333,1100,-460.15000000000055,1476,22,2,False,0,pistol,,,,,,,65.36879141464364,11145.23748421669
1312492,1101,-162.54999999999947,1159,19,2,True,48,machinegun,,,,,,,118.2936252119787,11155.03591132164
1313463,1102,-422.70000000000095,971,13,2,False,0,pistol,,,,,,,53.86283416747494,11173.063764095306
1313710,1103,-235.79999999999995,247,3,1,False,0,pistol,,,,,,,129.04935061958426,11174.97848534584
1314916,1104,-609.2999999999937,1206,17,2,False,0,pistol,,,,,,,61.3856935659729,11194.625405073166
1316019,1105,-443.75000000000085,1103,14,2,False,0,pistol,,,,,,,119.88568344379284,11203.826513290405
1317312,1106,-340.0500000000011,1293,20,3,True,18,machinegun,,,,,,,55.71844236974247,11227.033295154572
1318482,1107,-217.34999999999962,1170,17,2,True,65,machinegun,,,,,,,110.70716305984226,11237.60320019722
1319442,1108,-488.5999999999999,960,13,2,False,0,pistol,,,,,,,44.73195086165454,11259.065184116364
1320743,1109,-209.64999999999955,1301,19,2,False,0,pistol,,,,,,,109.79880577673056,11270.914941072464
1322622,1110,-244.14999999999966,1879,28,1,True,31,machinegun,,,,,,,71.75946320686582,11297.100165605545
1323287,1111,-168.65000000000066,665,8,1,False,0,pistol,,,,,,,43.511179642809594,11312.384368896484
1324298,1112,-261.0499999999996,1011,14,2,True,29,machinegun,,,,,,,139.69159582585658,11319.622342348099
1327346,1113,-543.4999999999953,3048,52,6,False,0,pistol,,,,,,,74.80591516968589,11360.3683655262
1328808,1114,-263.25000000000193,1462,20,3,False,0,pistol,,,,,,,98.78252695638119,11375.172222137451
1331399,1115,-725.899999999998,2591,40,5,False,0,pistol,,,,,,,64.61366817553596,11415.27509856224
1332828,1116,-224.9000000000006,1429,23,3,False,0,pistol,,,,,,,117.29717239283409,11427.458568811417
1334131,1117,-382.15000000000094,1303,20,3,False,0,pistol,,,,,,,66.6130112630338,11447.01991224289
1335005,1118,-432.5499999999978,874,12,2,False,0,pistol,,,,,,,123.34722148383763,11454.106330394745
1336225,1119,-283.04999999999944,1220,17,2,True,32,machinegun,,,,,,,72.25386919011137,11470.993485927582
1337257,1120,-172.3999999999995,1032,14,1,False,0,pistol,,,,,,,147.24732660783084,11478.00277686119
1338240,1121,-227.85000000000045,983,16,2,False,0,pistol,,,,,,,61.57687382772658,11493.967049837112
1340143,1122,-701.6000000000008,1903,33,4,False,0,pistol,,,,,,,93.9134185252353,11514.231112003326
1340988,1123,-366.8500000000016,845,11,2,False,0,pistol,,,,,,,159.2715740935975,11519.537363052368
1344538,1124,-1337.5500000000152,3550,66,7,False,0,pistol,,,,,,,100.17085404985669,11554.977442502975
1346233,1125,-710.6499999999942,1695,27,3,False,0,pistol,,,,,,,135.22048417994318,11567.513086557388
1349609,1126,-1221.7499999999918,3376,66,7,False,0,pistol,,,,,,,107.58141418375182,11598.894418478012
1351477,1127,-610.2999999999951,1868,29,2,True,65,machinegun,,,,,,,59.28672036418926,11630.403219938278
1354766,1128,-920.8500000000014,3289,58,6,False,0,pistol,,,,,,,64.726399418778,11681.217764139175
1355763,1129,-354.0500000000006,997,16,2,False,0,pistol,,,,,,,158.93822367657145,11687.492646694183
1356902,1130,-343.65000000000265,1139,14,2,False,0,pistol,,,,,,,71.13988179727892,11703.504001140594
1358656,1131,-954.8499999999983,1754,26,3,False,0,pistol,,,,,,,80.46642044929537,11725.302508354187
1360975,1132,-463.6000000000023,2319,42,5,True,66,machinegun,,,,,,,75.20618201482533,11756.138701200485
1367079,1133,-2002.3000000000275,6104,119,12,False,0,pistol,,,,,,,72.30938205080565,11840.554640054703
1369784,1134,-426.29999999998813,2705,45,5,False,0,pistol,,,,,,,85.62220650438057,11872.147639036179
1370669,1135,-286.8500000000005,885,12,2,False,0,pistol,,,,,,,59.884461078913716,11886.926782131195
1373172,1136,-617.2999999999894,2503,46,5,False,0,pistol,,,,,,,96.12553507912101,11912.966706037521
1374842,1137,-461.1500000000019,1670,26,3,True,47,machinegun,,,,,,,73.04535728909634,11935.829797029495
1378972,1138,-1768.099999999972,4130,85,9,True,153,machinegun,,,,,,,74.87538636845382,11990.988871097565
1380251,1139,-375.10000000000065,1279,19,2,False,0,pistol,,,,,,,127.22606015099649,12001.042499303818
1380950,1140,-203.99999999999986,699,9,1,False,0,pistol,,,,,,,44.0556919458159,12016.909799098969
1382168,1141,-529.3999999999983,1218,19,2,False,0,pistol,,,,,,,119.92843426118708,12027.066653251648
1384132,1142,-296.65000000000106,1964,31,4,True,75,machinegun,,,,,,,67.64346282346598,12056.101821899414
1387226,1143,-984.2999999999909,3094,54,6,False,0,pistol,,,,,,,71.76928069151175,12099.212903738022
1388859,1144,-729.8499999999998,1633,26,3,False,0,pistol,,,,,,,74.82345162596053,12121.03902554512
1390914,1145,-582.3500000000025,2055,34,4,False,0,pistol,,,,,,,76.59495787807923,12147.869171619415
1392903,1146,-702.450000000002,1989,33,4,True,67,machinegun,,,,,,,88.84058876412057,12170.258346319199
1394957,1147,-426.04999999999154,2054,34,4,True,13,machinegun,,,,,,,122.93605632977176,12186.966718673706
1396165,1148,-60.60000000000187,1208,17,2,False,0,pistol,,,,,,,239.8399403107697,12192.004023075104
1396570,1149,-218.2499999999998,405,2,1,False,0,pistol,,,,,,,254.53226753102402,12193.595638751984
1397366,1150,-304.8999999999995,796,9,1,False,0,pistol,,,,,,,88.2226021596538,12202.618789672852
1397878,1151,-478.9500000000003,512,8,1,False,0,pistol,,,,,,,225.677165174769,12204.888068437576
1398414,1152,-266.5500000000005,536,9,1,False,0,pistol,,,,,,,219.09835264985938,12207.33491897583
1398979,1153,-207.84999999999982,565,6,1,False,0,pistol,,,,,,,56.55855422258394,12217.32520031929
1400606,1154,-674.1499999999921,1627,26,3,False,0,pistol,,,,,,,191.34158598455727,12225.828884124756
1402864,1155,-898.0999999999879,2258,37,4,True,31,machinegun,,,,,,,133.60981918075746,12242.729257106781
1404866,1156,-557.3499999999904,2002,36,4,True,45,machinegun,,,,,,,118.2924875843905,12259.65401315689
1405208,1157,-261.94999999999976,342,6,1,True,50,machinegun,,,,,,,42.22092404844552,12267.754715204239
1406772,1158,-759.05,1564,24,3,False,0,pistol,,,,,,,217.6776363852597,12274.940152406693
1411060,1159,-836.0499999999893,4288,85,9,True,120,machinegun,,,,,,,117.69780081989772,12311.372865438461
1413042,1160,-453.0499999999994,1982,32,4,False,0,pistol,,,,,,,107.73215004840107,12329.77083158493
1414935,1161,-467.85000000000156,1893,31,4,False,0,pistol,,,,,,,122.44232077698562,12345.231626272202
1416970,1162,-345.10000000000116,2035,36,3,True,42,machinegun,,,,,,,126.25691192064978,12361.35016322136
1418591,1163,-744.899999999994,1621,25,3,False,0,pistol,,,,,,,109.60049375432918,12376.140718698502
1419239,1164,-301.7500000000006,648,8,1,False,0,pistol,,,,,,,229.44067126559509,12378.965426921844
1420486,1165,-696.5000000000002,1247,19,2,False,0,pistol,,,,,,,93.91224967949103,12392.244273662567
1421867,1166,-513.0500000000021,1381,22,3,True,36,machinegun,,,,,,,69.70768103083631,12412.056133031845
1426066,1167,-1175.0999999999867,4199,93,10,True,69,machinegun,,,,,,,75.13874702402265,12467.941992521286
1428386,1168,-523.1999999999995,2320,38,4,True,18,machinegun,,,,,,,79.99417774878198,12496.945003032684
1430258,1169,-620.6499999999926,1872,27,3,False,0,pistol,,,,,,,81.88438899127851,12519.807337760925
1430739,1170,-215.35,481,4,1,False,0,pistol,,,,,,,144.14552733510357,12523.145014047623
1433755,1171,-937.3500000000009,3016,53,6,True,165,machinegun,,,,,,,66.73722545702618,12568.337673425674
1437149,1172,-755.0499999999952,3394,62,7,False,0,pistol,,,,,,,89.08815190420715,12606.435487508774
1437858,1173,-493.44999999999965,709,11,1,True,14,machinegun,,,,,,,45.12576395023343,12622.147693634033
1438888,1174,-728.2000000000015,1030,13,2,False,0,pistol,,,,,,,132.76643158307905,12629.906494379044
1440023,1175,-610.1499999999997,1135,15,2,False,0,pistol,,,,,,,57.00263356095902,12649.81888961792
1441812,1176,-399.29999999999995,1789,27,3,False,0,pistol,,,,,,,85.38006019789269,12670.772997617722
1442659,1177,-223.4499999999998,847,12,2,False,0,pistol,,,,,,,159.59645027300408,12676.080644130707
1443702,1178,-512.5500000000018,1043,14,2,False,0,pistol,,,,,,,164.28044914432883,12682.430159568787
1444671,1179,-317.00000000000205,969,12,2,False,0,pistol,,,,,,,55.76651896008275,12699.806912660599
1445959,1180,-328.00000000000176,1288,20,3,False,0,pistol,,,,,,,76.14221137709848,12716.723574638367
1446458,1181,-166.55000000000035,499,6,1,False,0,pistol,,,,,,,161.80783875480438,12719.808151721954
1448165,1182,-518.8000000000029,1707,27,3,False,0,pistol,,,,,,,92.83940448096119,12738.195233106613
1450362,1183,-763.4499999999969,2197,39,4,False,0,pistol,,,,,,,92.3488208583163,12761.98606467247
1450833,1184,-237.89999999999984,471,6,1,True,48,machinegun,,,,,,,128.01741877137007,12765.666004419327
1452283,1185,-680.15,1450,21,3,False,0,pistol,,,,,,,90.79778796293095,12781.636283874512
1453400,1186,-404.55000000000183,1117,15,2,False,0,pistol,,,,,,,158.54434004628712,12788.682295799255
1454958,1187,-324.75000000000216,1558,27,3,False,0,pistol,,,,,,,85.82413438162514,12806.83631324768
1457451,1188,-1022.7499999999906,2493,43,5,False,0,pistol,,,,,,,107.3163739578081,12830.067446947098
1459146,1189,-373.000000000002,1695,27,3,False,0,pistol,,,,,,,88.43900337604381,12849.233887910843
1459581,1190,-171.49999999999974,435,4,1,False,0,pistol,,,,,,,173.7862012866404,12851.737656116486
1461736,1191,-541.4000000000015,2155,37,4,True,45,machinegun,,,,,,,88.00077661903157,12876.226614952087
1463594,1192,-635.0499999999932,1858,33,4,True,90,machinegun,,,,,,,94.515203871086,12895.885615348816
1464574,1193,-440.3500000000007,980,14,2,False,0,pistol,,,,,,,84.90356606849063,12907.428676843643
1465030,1194,-220.5999999999998,456,7,1,False,0,pistol,,,,,,,177.370091285285,12910.0002887249
1467015,1195,-405.6500000000006,1985,34,3,False,0,pistol,,,,,,,98.83989013813556,12930.083676576614
1470653,1196,-285.70000000000374,3638,81,9,True,93,machinegun,,,,,,,115.10893589013153,12961.689283132553
1472329,1197,-379.19999999999857,1676,27,1,False,0,pistol,,,,,,,209.04304429254623,12969.707347631454
1474551,1198,-1152.449999999996,2222,39,4,True,66,machinegun,,,,,,,100.5423816142364,12991.808082342148
1476415,1199,-679.2499999999905,1864,30,4,False,0,pistol,,,,,,,85.0464493752006,13013.726070165634
1477143,1200,-169.64999999999964,728,11,1,False,0,pistol,,,,,,,65.5829068678843,13024.827266454697
1477813,1201,-289.79999999999995,670,10,2,False,0,pistol,,,,,,,207.2343572991208,13028.060927152634
1479181,1202,-185.2499999999995,1368,21,3,False,0,pistol,,,,,,,103.08274384695513,13041.332225322723
1480796,1203,-601.099999999995,1615,28,3,True,34,machinegun,,,,,,,121.34803535269157,13054.641668319702
1481540,1204,-247.29999999999973,744,11,2,False,0,pistol,,,,,,,218.7921174146712,13058.04263496399
1482995,1205,-220.3999999999998,1455,23,2,False,0,pistol,,,,,,,97.37220074036358,13072.985848426819
1484940,1206,-728.4999999999943,1945,33,4,False,0,pistol,,,,,,,117.4674143932838,13089.544087409973
1488187,1207,-860.4499999999954,3247,60,7,False,0,pistol,,,,,,,135.39622070813482,13113.526082515717
1489112,1208,-157.29999999999993,925,14,2,False,0,pistol,,,,,,,81.48547218148424,13124.878569841385
1490630,1209,-348.25000000000057,1518,24,2,False,0,pistol,,,,,,,205.04479158431027,13132.282400846481
1491728,1210,-569.9000000000018,1098,16,2,False,0,pistol,,,,,,,92.00186994493427,13144.21747469902
1493533,1211,-571.7499999999967,1805,28,2,True,6,machinegun,,,,,,,133.52565881425727,13157.73594379425
1495070,1212,-178.0000000000005,1537,22,3,False,0,pistol,,,,,,,114.02082378538412,13171.21652007103
1498676,1213,-382.20000000000016,3606,69,7,False,0,pistol,,,,,,,151.17700941548568,13195.069892644882
1499349,1214,-289.6500000000004,673,9,1,False,0,pistol,,,,,,,67.09904381066987,13205.100325107574
1500466,1215,-490.2500000000014,1117,18,2,False,0,pistol,,,,,,,193.06353890582355,13210.886504888535
1503944,1216,-1067.4999999999898,3478,71,8,False,0,pistol,,,,,,,114.18588326024943,13241.346155881882
1505192,1217,-402.6999999999957,1248,21,3,True,24,machinegun,,,,,,,239.34838019934284,13246.560876607895
1506337,1218,-796.0999999999997,1145,18,2,False,0,pistol,,,,,,,72.95607595785309,13262.255671262741
1507676,1219,-456.0000000000021,1339,21,3,False,0,pistol,,,,,,,75.9579838699752,13279.884626865387
1509249,1220,-330.1500000000007,1573,26,3,True,50,pistol,,,,,,,192.4402498336182,13288.05933213234
1511274,1221,-517.3999999999947,2025,34,4,False,0,pistol,,,,,,,112.51563796187949,13306.057357788086
1513094,1222,-279.54999999999956,1820,30,4,False,0,pistol,,,,,,,132.78715911186416,13319.764013528824
1513907,1223,-158.49999999999983,813,11,2,False,0,pistol,,,,,,,81.21958991357896,13329.774430513382
1515164,1224,-160.6000000000006,1257,17,2,False,0,pistol,,,,,,,228.94941920409914,13335.26528596878
1516760,1225,6.299999999997365,1596,26,3,False,0,pistol,,,,,,,119.9773660494003,13348.56819844246
1518134,1226,-246.80000000000004,1374,23,3,False,0,pistol,,,,,,,97.87271828407606,13362.607318162918
1520051,1227,-281.2000000000022,1917,34,4,True,50,machinegun,,,,,,,88.86037337957215,13384.18109202385
1521599,1228,-920.5000000000001,1548,25,3,False,0,pistol,,,,,,,157.43625811264585,13394.014284610748
1522350,1229,-132.60000000000062,751,9,1,False,0,pistol,,,,,,,54.777568787020115,13407.72486281395
1523679,1230,-93.65000000000035,1329,21,3,False,0,pistol,,,,,,,151.3108551069419,13416.508764266968
1524855,1231,-297.0500000000009,1176,18,2,False,0,pistol,,,,,,,71.3037664423255,13433.002371311188
1526249,1232,-250.25000000000057,1394,21,3,False,0,pistol,,,,,,,79.39942793288891,13450.559785604477
1526874,1233,-166.14999999999984,625,10,2,False,0,pistol,,,,,,,152.72360217128238,13454.652667760849
1529216,1234,-394.14999999999935,2342,41,5,False,0,pistol,,,,,,,96.58422972924674,13478.901501655579
1532164,1235,-804.4999999999973,2948,56,6,False,0,pistol,,,,,,,100.47621909590201,13508.242267370224
1533534,1236,-299.09999999999985,1370,21,3,False,0,pistol,,,,,,,229.29125925398614,13514.217638254166
1533950,1237,-299.2499999999998,416,6,1,False,0,pistol,,,,,,,237.59018260954107,13515.969018220901
1535451,1238,-270.60000000000014,1501,23,3,False,0,pistol,,,,,,,113.78031112474687,13529.161672353745
1537029,1239,-310.95000000000084,1578,25,3,False,0,pistol,,,,,,,113.33405158585798,13543.085934877396
1538473,1240,-298.9500000000023,1444,21,3,False,0,pistol,,,,,,,128.99710578507106,13554.28041434288
1539866,1241,-228.0000000000005,1393,21,3,False,0,pistol,,,,,,,240.90873983908287,13560.063284635544
1541197,1242,-461.9000000000026,1331,19,1,True,48,machinegun,,,,,,,108.00589056350192,13572.387056589127
1544272,1243,-972.7999999999998,3075,58,6,False,0,pistol,,,,,,,96.13760931859758,13604.373045444489
1545560,1244,-163.8500000000015,1288,18,2,False,0,pistol,,,,,,,153.72587364224447,13612.752224206924
1546638,1245,-181.74999999999997,1078,18,2,False,0,pistol,,,,,,,67.09199316440532,13628.820185422897
1549040,1246,-817.700000000001,2402,44,5,False,0,pistol,,,,,,,114.96707830482367,13649.713893413544
1549879,1247,-331.14999999999964,839,13,2,False,0,pistol,,,,,,,155.73101560000336,13655.102153778076
1551284,1248,-363.3000000000002,1405,21,3,False,0,pistol,,,,,,,113.39977066025331,13667.492682695389
1552705,1249,-206.5000000000013,1421,21,3,False,0,pistol,,,,,,,119.31386188420903,13679.402939796448
1554624,1250,-465.1500000000012,1919,33,4,True,48,machinegun,,,,,,,140.15094332657642,13693.09576010704
1558549,1251,-810.5500000000036,3925,80,9,False,0,pistol,,,,,,,129.02720540727486,13723.51624917984
1561756,1252,-902.349999999991,3207,59,6,False,0,pistol,,,,,,,106.35536257596958,13753.670556545258
1564916,1253,-722.8,3160,62,7,False,0,pistol,,,,,,,63.053511182221406,13803.787545442581
1566876,1254,-311.5999999999994,1960,34,4,False,0,pistol,,,,,,,87.59328804865609,13826.164499282837
1567877,1255,-170.6500000000003,1001,15,2,False,0,pistol,,,,,,,202.4863073432315,13831.108694314957
1570280,1256,-81.25000000000293,2403,40,5,False,0,pistol,,,,,,,140.8878718085087,13848.16530418396
1572071,1257,-421.75000000000244,1791,30,4,False,0,pistol,,,,,,,120.27261580744657,13863.056995153427
1574310,1258,-95.95000000000095,2239,39,4,False,0,pistol,,,,,,,138.9234739607356,13879.174286365509
1576837,1259,-227.69999999999854,2527,45,5,True,38,machinegun,,,,,,,145.38490714609264,13896.556275367737
1579479,1260,-156.80000000000038,2642,47,5,False,0,pistol,,,,,,,88.17910404482262,13926.518469572067
1582809,1261,-152.45000000000368,3330,70,8,False,0,pistol,,,,,,,114.04791956360192,13955.717307329178
1585216,1262,-293.950000000003,2407,42,4,False,0,pistol,,,,,,,117.52615951833003,13976.19843006134
1588837,1263,-668.250000000003,3621,70,8,False,0,pistol,,,,,,,167.7813641121699,13997.780617952347
1589922,1264,-227.60000000000122,1085,16,2,False,0,pistol,,,,,,,72.95717225209783,14012.652946710587
1591255,1265,-535.3500000000017,1333,21,3,False,0,pistol,,,,,,,160.7836555904097,14020.944119215012
1592763,1266,-274.0499999999995,1508,25,3,False,0,pistol,,,,,,,84.37707174717987,14038.816858530045
1594434,1267,-370.5500000000008,1671,27,3,True,70,machinegun,,,,,,,125.84594991886796,14052.095555782318
1596484,1268,-519.9000000000026,2050,34,4,True,22,machinegun,,,,,,,145.34088577190215,14066.200888633728
1598009,1269,-440.70000000000135,1525,26,2,False,0,pistol,,,,,,,130.16142746142452,14077.917566299438
1599638,1270,-361.0500000000011,1629,28,3,True,54,machinegun,,,,,,,125.44447443637739,14090.903946399689
1600278,1271,-320.8999999999999,640,9,1,False,0,pistol,,,,,,,223.1484768013181,14093.772476911545
1601091,1272,-349.30000000000035,813,11,2,True,47,machinegun,,,,,,,225.87727466600498,14097.372260570526
1604354,1273,-262.00000000000153,3263,54,6,False,0,pistol,,,,,,,115.35161994311332,14125.66014623642
1605493,1274,-310.1500000000005,1139,17,2,False,0,pistol,,,,,,,217.54195462035378,14130.89636015892
1606122,1275,-230.99999999999986,629,7,1,False,0,pistol,,,,,,,73.06730905951726,14139.505357503891
1607039,1276,-252.74999999999963,917,13,2,False,0,pistol,,,,,,,231.66790685017023,14143.46416926384
1607621,1277,-479.10000000000065,582,8,1,False,0,pistol,,,,,,,209.9992944062728,14146.236022233963
1609392,1278,-424.2500000000017,1771,30,4,True,41,machinegun,,,,,,,121.52026328730275,14160.810200452805
1611098,1279,-140.3500000000002,1706,26,3,False,0,pistol,,,,,,,114.06279518432738,14175.767394542694
1611924,1280,-63.19999999999999,826,12,2,False,0,pistol,,,,,,,92.23353174552464,14184.723487138748
1612952,1281,-100.20000000000098,1028,15,2,False,0,pistol,,,,,,,234.40208308382694,14189.1096534729
1614594,1282,-563.6500000000016,1642,26,3,False,0,pistol,,,,,,,116.99890284762711,14203.144413232803
1615235,1283,-290.29999999999967,641,8,1,False,0,pistol,,,,,,,223.47730551697543,14206.013302326202
1616796,1284,-291.25,1561,24,3,False,0,pistol,,,,,,,120.63824785578706,14218.953345060349
1617146,1285,-174.59999999999974,350,3,1,False,0,pistol,,,,,,,210.70143320843923,14220.614978551865
1617594,1286,-186.84999999999985,448,6,1,True,42,machinegun,,,,,,,244.05416590685812,14222.451211690903
1618146,1287,-216.70000000000013,552,7,1,False,0,pistol,,,,,,,66.05449073121089,14230.808358430862
1620601,1288,-419.299999999999,2455,46,5,True,45,machinegun,,,,,,,146.2735015807869,14247.592477560043
1621226,1289,-305.8500000000008,625,7,1,False,0,pistol,,,,,,,153.34840079959434,14251.668894529343
1621813,1290,-390.5499999999994,587,9,1,False,0,pistol,,,,,,,150.58643558030016,14255.56765961647
1622847,1291,-166.00000000000037,1034,15,2,True,18,machinegun,,,,,,,65.38388386460483,14271.382625102997
1623308,1292,-303.0999999999994,461,6,1,False,0,pistol,,,,,,,151.40714321454598,14274.42801451683
1624301,1293,-316.25000000000006,993,15,2,True,59,machinegun,,,,,,,65.50745284323871,14289.587242364883
1625715,1294,-179.55000000000146,1414,23,3,False,0,pistol,,,,,,,191.047027543584,14296.989218950272
1626936,1295,-300.7000000000011,1221,17,2,False,0,pistol,,,,,,,102.20195216539024,14308.93657541275
1628342,1296,-966.7499999999952,1406,21,3,False,0,pistol,,,,,,,76.56390857374208,14327.301139116287
1630383,1297,-970.749999999997,2041,33,2,True,36,machinegun,,,,,,,84.07717700121411,14351.577297210693
1631721,1298,-298.2500000000007,1338,20,3,False,0,pistol,,,,,,,145.57917792745673,14360.769719839096
1632538,1299,-455.8000000000011,817,10,2,False,0,pistol,,,,,,,73.38028951619773,14371.904077529907
1634009,1300,-300.3500000000028,1471,21,3,False,0,pistol,,,,,,,248.73751706642807,14377.818395137787
1634777,1301,-529.9999999999999,768,11,2,False,0,pistol,,,,,,,96.2272469782174,14385.799890995026
1635320,1302,-222.89999999999986,543,6,1,False,0,pistol,,,,,,,292.29323279418503,14387.65810084343
1635635,1303,-274.0999999999997,315,4,1,True,50,machinegun,,,,,,,258.78062209321115,14388.875834465027
1637210,1304,-114.35000000000024,1575,23,3,False,0,pistol,,,,,,,125.73095884683401,14401.402984142303
1637703,1305,-425.0500000000004,493,6,1,False,0,pistol,,,,,,,189.802649812551,14404.000881195068
1638408,1306,-556.8000000000011,705,10,1,False,0,pistol,,,,,,,49.14874765351714,14418.345686912537
1639393,1307,-98.85000000000097,985,13,2,False,0,pistol,,,,,,,172.46925600536989,14424.057609081268
1640430,1308,-207.6000000000012,1037,15,2,False,0,pistol,,,,,,,193.96061355953353,14429.404549837112
1641050,1309,-259.9499999999997,620,8,1,False,0,pistol,,,,,,,64.87244060089597,14438.96222448349
1641473,1310,-227.04999999999976,423,5,1,False,0,pistol,,,,,,,264.9842411055735,14440.558992862701
1642100,1311,-232.9500000000001,627,9,1,False,0,pistol,,,,,,,257.0985938625491,14442.998185634613
1643134,1312,-300.0000000000017,1034,15,2,False,0,pistol,,,,,,,118.237937926989,14451.743804216385
1643560,1313,-239.54999999999959,426,6,1,True,41,machinegun,,,,,,,253.10582708739972,14453.42733001709
1644187,1314,-270.9000000000001,627,9,1,False,0,pistol,,,,,,,266.6026043399042,14455.77954006195
1644983,1315,-157.15000000000006,796,9,1,False,0,pistol,,,,,,,100.89110913841554,14463.669666290283
1645569,1316,-297.1,586,7,1,False,0,pistol,,,,,,,256.221821732999,14465.957251310349
1646045,1317,-144.0999999999999,476,7,1,True,48,machinegun,,,,,,,260.11279096415296,14467.787623405457
1646955,1318,-402.75,910,12,2,False,0,pistol,,,,,,,107.35564795466556,14476.264552593231
1647599,1319,-83.50000000000055,644,7,1,False,0,pistol,,,,,,,266.9496375305171,14478.677554130554
1648330,1320,-250.49999999999994,731,11,2,False,0,pistol,,,,,,,257.1396698083854,14481.520855426788
1650249,1321,-1043.7499999999982,1919,31,4,False,0,pistol,,,,,,,157.5091309617019,14493.704724311829
1650955,1322,-243.94999999999982,706,10,2,False,0,pistol,,,,,,,91.37843895171399,14501.4313185215
1651728,1323,-284.1499999999993,773,11,1,True,46,machinegun,,,,,,,296.8695798039864,14504.03555393219
1651924,1324,-178.19999999999993,196,3,1,False,0,pistol,,,,,,,300.25580654681033,14504.688704490662
1652415,1325,-285.3500000000001,491,7,1,False,0,pistol,,,,,,,299.2528374410421,14506.329813957214
1653823,1326,-443.30000000000297,1408,22,3,False,0,pistol,,,,,,,140.7057165583641,14516.336946249008
1654536,1327,-344.3000000000009,713,10,2,False,0,pistol,,,,,,,276.9955300605029,14518.911432981491
1656074,1328,-544.1000000000026,1538,23,3,False,0,pistol,,,,,,,152.69562899724954,14528.984141588211
1656791,1329,-436.8000000000003,717,11,2,False,0,pistol,,,,,,,297.0938313816474,14531.397904634476
1658298,1330,-613.8500000000016,1507,23,3,False,0,pistol,,,,,,,152.96520157024642,14541.250174999237
1659124,1331,-519.7999999999979,826,11,2,False,0,pistol,,,,,,,83.28951531732292,14551.167797327042
1659740,1332,-233.55000000000015,616,8,1,False,0,pistol,,,,,,,153.70258470119597,14555.176139354706
1660989,1333,-93.80000000000095,1249,18,2,False,0,pistol,,,,,,,81.80598756127716,14570.44440817833
1662255,1334,-71.7000000000015,1266,20,3,False,0,pistol,,,,,,,222.83531566954787,14576.12627530098
1663225,1335,-100.80000000000118,970,14,2,False,0,pistol,,,,,,,99.05504482776696,14585.919220685959
1663933,1336,-138.4500000000007,708,8,1,False,0,pistol,,,,,,,234.03853024766224,14588.944944620132
1664540,1337,-254.14999999999964,607,8,1,False,0,pistol,,,,,,,268.8666632027917,14591.20303940773
